{
  "rasa_nlu_data": {
    "common_examples": [
      {
        "intent": "support.about.app_name",
        "text": "你的应用程序怎么叫"
      },
      {
        "intent": "support.about.app_name",
        "text": "我想知道您的应用程序的名称"
      },
      {
        "intent": "support.about.app_name",
        "text": "应用程式的名称是什么"
      },
      {
        "intent": "support.about.app_name",
        "text": "我怎么知道您的应用程序的名称"
      },
      {
        "intent": "support.about.app_name",
        "text": "应用程式名称"
      },
      {
        "intent": "support.about.app_name",
        "text": "你的应用程序名称是什么"
      },
      {
        "intent": "support.about.app_name",
        "text": "告诉我你的应用程序名称"
      },
      {
        "intent": "support.about.app_name",
        "text": "你的应用程序的名称是什么"
      },
      {
        "intent": "support.about.app_name",
        "text": "你程序的名字"
      },
      {
        "intent": "support.about.app_name",
        "text": "程序的名字"
      },
      {
        "intent": "support.about.app_name",
        "text": "程序名字"
      },
      {
        "intent": "support.about",
        "text": "给我介绍你公司的开发人员"
      },
      {
        "intent": "support.about",
        "text": "请你给我介绍你公司的开发人员"
      },
      {
        "intent": "support.about",
        "text": "我需要了解贵公司的开发人员"
      },
      {
        "intent": "support.about",
        "text": "你的开发者有更多的应用程序"
      },
      {
        "intent": "support.about",
        "text": "你的公司团队在做什么工作"
      },
      {
        "intent": "support.about",
        "text": "你们公司开发什么"
      },
      {
        "intent": "support.about",
        "text": "贵公司是否开发任何其他产品"
      },
      {
        "intent": "support.about",
        "text": "贵公司是否有更多的应用程式"
      },
      {
        "intent": "support.about",
        "text": "贵公司是否有其他产品"
      },
      {
        "intent": "support.about",
        "text": "你的开发人员还有什么"
      },
      {
        "intent": "support.about",
        "text": "开发人员有关的信息"
      },
      {
        "intent": "support.about",
        "text": "你的开发人员创造别的东西吗"
      },
      {
        "intent": "support.about",
        "text": "你的开发者做什么"
      },
      {
        "intent": "support.about",
        "text": "你公司最畅销的产品是什么"
      },
      {
        "intent": "support.about",
        "text": "给我介绍你的开发人员"
      },
      {
        "intent": "support.about",
        "text": "关于你的开发员"
      },
      {
        "intent": "support.about",
        "text": "你的开发员是谁"
      },
      {
        "intent": "support.about",
        "text": "你的开发员是什么人"
      },
      {
        "intent": "support.about",
        "text": "你的开发员消息"
      },
      {
        "intent": "support.about",
        "text": "关于你的开发员消息"
      },
      {
        "intent": "support.beta",
        "text": "我想加入 Beta 版测试组"
      },
      {
        "intent": "support.beta",
        "text": "显示您的测试版本"
      },
      {
        "intent": "support.beta",
        "text": "你有测试版本吗"
      },
      {
        "intent": "support.beta",
        "text": "你的测试版"
      },
      {
        "intent": "support.beta",
        "text": "关于测试版"
      },
      {
        "intent": "support.beta",
        "text": "你有测试版吗"
      },
      {
        "intent": "support.beta",
        "text": "你有没有测试版"
      },
      {
        "intent": "support.beta",
        "text": "你有这测试版吗"
      },
      {
        "intent": "support.beta",
        "text": "如何下载你的测试版"
      },
      {
        "intent": "support.beta",
        "text": "你的测试版在哪里"
      },
      {
        "intent": "support.beta",
        "text": "下载捏的测试版"
      },
      {
        "intent": "support.beta",
        "text": "在哪里可以找到你的测试版本"
      },
      {
        "intent": "support.beta",
        "text": "我想测试你的测试版本"
      },
      {
        "intent": "support.beta",
        "text": "搜索您的测试版本"
      },
      {
        "intent": "support.beta",
        "text": "你的测试版本"
      },
      {
        "intent": "support.beta",
        "text": "测试版本的应用程序"
      },
      {
        "intent": "support.beta",
        "text": "测试版本"
      },
      {
        "intent": "support.beta",
        "text": "我想成为您的测试人员"
      },
      {
        "intent": "support.beta",
        "text": "搜索你的测试版"
      },
      {
        "intent": "support.beta",
        "text": "显示你的测试版"
      },
      {
        "intent": "support.beta",
        "text": "参加你的测试版"
      },
      {
        "intent": "support.beta",
        "text": "我想参加你的测试版"
      },
      {
        "intent": "support.contacts - context:support-contacts - comment:email",
        "text": "他们的电子邮件"
      },
      {
        "intent": "support.contacts - context:support-contacts - comment:email",
        "text": "现在为了他们的电子邮件"
      },
      {
        "intent": "support.contacts - context:support-contacts - comment:email",
        "text": "现在要他们的电子邮件"
      },
      {
        "intent": "support.contacts - context:support-contacts - comment:email",
        "text": "现在他们的电子邮件"
      },
      {
        "intent": "support.contacts - context:support-contacts - comment:email",
        "text": "为了他们的电子邮件"
      },
      {
        "intent": "support.contacts - context:support-contacts - comment:email",
        "text": "关于他们的电子邮件"
      },
      {
        "intent": "support.contacts - context:support-contacts - comment:email",
        "text": "在要他们的电子邮件"
      },
      {
        "intent": "support.contacts - context:support-contacts - comment:email",
        "text": "为他们的电子邮件"
      },
      {
        "intent": "support.contacts - context:support-contacts - comment:email",
        "text": "还要发邮件"
      },
      {
        "intent": "support.contacts - context:support-contacts - comment:email",
        "text": "关于发邮件"
      },
      {
        "intent": "support.contacts - context:support-contacts - comment:email",
        "text": "现在发邮件"
      },
      {
        "intent": "support.contacts - context:support-contacts - comment:email",
        "text": "我还要发邮件"
      },
      {
        "intent": "support.contacts - context:support-contacts - comment:email",
        "text": "会不会发邮件"
      },
      {
        "intent": "support.contacts - context:support-contacts - comment:email",
        "text": "怎么能发邮件"
      },
      {
        "intent": "support.contacts - context:support-contacts - comment:email",
        "text": "能不能发邮件"
      },
      {
        "intent": "support.contacts - context:support-contacts - comment:email",
        "text": "还能不能发邮件"
      },
      {
        "intent": "support.contacts - context:support-contacts - comment:email",
        "text": "还需要发邮件"
      },
      {
        "intent": "support.contacts - context:support-contacts - comment:email",
        "text": "我还很想发邮件"
      },
      {
        "intent": "support.contacts - context:support-contacts - comment:phone",
        "text": "电话"
      },
      {
        "intent": "support.contacts - context:support-contacts - comment:phone",
        "text": "他们的电话"
      },
      {
        "intent": "support.contacts - context:support-contacts - comment:phone",
        "text": "还要电话号码"
      },
      {
        "intent": "support.contacts - context:support-contacts - comment:phone",
        "text": "关于电话号码"
      },
      {
        "intent": "support.contacts - context:support-contacts - comment:phone",
        "text": "现在电话号码"
      },
      {
        "intent": "support.contacts - context:support-contacts - comment:phone",
        "text": "我还要电话号码"
      },
      {
        "intent": "support.contacts - context:support-contacts - comment:phone",
        "text": "会不会电话号码"
      },
      {
        "intent": "support.contacts - context:support-contacts - comment:phone",
        "text": "怎么能电话号码"
      },
      {
        "intent": "support.contacts - context:support-contacts - comment:phone",
        "text": "能不能电话号码"
      },
      {
        "intent": "support.contacts - context:support-contacts - comment:phone",
        "text": "还能不能电话号码"
      },
      {
        "intent": "support.contacts - context:support-contacts - comment:phone",
        "text": "还需要电话号码"
      },
      {
        "intent": "support.contacts - context:support-contacts - comment:phone",
        "text": "我还很想电话号码"
      },
      {
        "intent": "support.contacts - context:support-contacts - comment:social media",
        "entities": [
          {
            "start": 7,
            "end": 11,
            "value": "新浪微博",
            "entity": "media"
          }
        ],
        "text": "我还很想看你的新浪微博"
      },
      {
        "intent": "support.contacts - context:support-contacts - comment:social media",
        "entities": [
          {
            "start": 9,
            "end": 12,
            "value": "开心网",
            "entity": "media"
          }
        ],
        "text": "还能不能给我看你的开心网"
      },
      {
        "intent": "support.contacts - context:support-contacts - comment:social media",
        "entities": [
          {
            "start": 8,
            "end": 10,
            "value": "街旁",
            "entity": "media"
          }
        ],
        "text": "能不能给我看你的街旁"
      },
      {
        "intent": "support.contacts - context:support-contacts - comment:social media",
        "entities": [
          {
            "start": 8,
            "end": 11,
            "value": "丁香园",
            "entity": "media"
          }
        ],
        "text": "怎么能给我看你的丁香园"
      },
      {
        "intent": "support.contacts - context:support-contacts - comment:social media",
        "entities": [
          {
            "start": 8,
            "end": 10,
            "value": "豆瓣",
            "entity": "media"
          }
        ],
        "text": "会不会给我看你的豆瓣"
      },
      {
        "intent": "support.contacts - context:support-contacts - comment:social media",
        "entities": [
          {
            "start": 5,
            "end": 14,
            "value": "instagram",
            "entity": "media"
          }
        ],
        "text": "我还要你的instagram"
      },
      {
        "intent": "support.contacts - context:support-contacts - comment:social media",
        "entities": [
          {
            "start": 4,
            "end": 6,
            "value": "脸书",
            "entity": "media"
          }
        ],
        "text": "现在你的脸书"
      },
      {
        "intent": "support.contacts - context:support-contacts - comment:social media",
        "entities": [
          {
            "start": 4,
            "end": 6,
            "value": "推特",
            "entity": "media"
          }
        ],
        "text": "关于你的推特"
      },
      {
        "intent": "support.contacts - context:support-contacts - comment:social media",
        "entities": [
          {
            "start": 4,
            "end": 6,
            "value": "微博",
            "entity": "media"
          }
        ],
        "text": "还要你的微博"
      },
      {
        "intent": "support.contacts - context:support-contacts - comment:social media",
        "entities": [
          {
            "start": 2,
            "end": 4,
            "value": "脸书",
            "entity": "media"
          }
        ],
        "text": "你的脸书"
      },
      {
        "intent": "support.contacts - context:support-contacts - comment:social media",
        "entities": [
          {
            "start": 2,
            "end": 4,
            "value": "推特",
            "entity": "media"
          }
        ],
        "text": "你的推特"
      },
      {
        "intent": "support.contacts - context:support-contacts - comment:website",
        "text": "你的网络"
      },
      {
        "intent": "support.contacts - context:support-contacts - comment:website",
        "text": "你的网站"
      },
      {
        "intent": "support.contacts - context:support-contacts - comment:website",
        "text": "还要网站"
      },
      {
        "intent": "support.contacts - context:support-contacts - comment:website",
        "text": "关于网站"
      },
      {
        "intent": "support.contacts - context:support-contacts - comment:website",
        "text": "现在网站"
      },
      {
        "intent": "support.contacts - context:support-contacts - comment:website",
        "text": "我还要网站"
      },
      {
        "intent": "support.contacts - context:support-contacts - comment:website",
        "text": "会不会网站"
      },
      {
        "intent": "support.contacts - context:support-contacts - comment:website",
        "text": "怎么能网站"
      },
      {
        "intent": "support.contacts - context:support-contacts - comment:website",
        "text": "能不能网站"
      },
      {
        "intent": "support.contacts - context:support-contacts - comment:website",
        "text": "还能不能网站"
      },
      {
        "intent": "support.contacts - context:support-contacts - comment:website",
        "text": "还需要网站"
      },
      {
        "intent": "support.contacts - context:support-contacts - comment:website",
        "text": "我还很想网站"
      },
      {
        "intent": "support.contacts.address",
        "text": "你的开发人员的地址"
      },
      {
        "intent": "support.contacts.address",
        "text": "你的开发人员住在哪儿"
      },
      {
        "intent": "support.contacts.address",
        "text": "给我你的开发者的地址"
      },
      {
        "intent": "support.contacts.address",
        "text": "我需要你的公司地址"
      },
      {
        "intent": "support.contacts.address",
        "text": "在哪里可以找到你公司的地址"
      },
      {
        "intent": "support.contacts.address",
        "text": "我想知道你公司的主要办公室在哪里"
      },
      {
        "intent": "support.contacts.address",
        "text": "你能给我你的开发者地址吗"
      },
      {
        "intent": "support.contacts.address",
        "text": "向我提供开发人员的地址"
      },
      {
        "intent": "support.contacts.address",
        "text": "你的开发人员在哪里工作"
      },
      {
        "intent": "support.contacts.address",
        "text": "告诉我你的开发者地址"
      },
      {
        "intent": "support.contacts.address",
        "text": "告诉我你的开发人员的办公室在哪里"
      },
      {
        "intent": "support.contacts.address",
        "text": "你的开发者办公室的地址"
      },
      {
        "intent": "support.contacts.address",
        "text": "你的开发者的地址是什么"
      },
      {
        "intent": "support.contacts.address",
        "text": "你的开发者的地址"
      },
      {
        "intent": "support.contacts.address",
        "text": "你公司在哪里"
      },
      {
        "intent": "support.contacts.address",
        "text": "你的开发人员住在哪里"
      },
      {
        "intent": "support.contacts.address",
        "text": "你的创作者在哪里"
      },
      {
        "intent": "support.contacts.address",
        "text": "你的开发人员在哪里"
      },
      {
        "intent": "support.contacts.address",
        "text": "您的开发人员的位置"
      },
      {
        "intent": "support.contacts.email",
        "text": "你的开发者的电子邮件地址是什么"
      },
      {
        "intent": "support.contacts.email",
        "text": "你的开发人员的电子邮件是什么"
      },
      {
        "intent": "support.contacts.email",
        "text": "你的开发人员电子邮件"
      },
      {
        "intent": "support.contacts.email",
        "text": "怎么联系你的开发人员电子邮件"
      },
      {
        "intent": "support.contacts.email",
        "text": "如何联系你的开发人员电子邮件"
      },
      {
        "intent": "support.contacts.email",
        "text": "联系你的开发人员电子邮件"
      },
      {
        "intent": "support.contacts.email",
        "text": "我要联系你的开发人员电子邮件"
      },
      {
        "intent": "support.contacts.email",
        "text": "我想要联系你的开发人员电子邮件"
      },
      {
        "intent": "support.contacts.email",
        "text": "告诉我怎联系你的开发人员电子邮件"
      },
      {
        "intent": "support.contacts.email",
        "text": "你能给我开发者的电子邮件地址吗"
      },
      {
        "intent": "support.contacts.email",
        "text": "给我你的开发人员的电子邮件地址"
      },
      {
        "intent": "support.contacts.email",
        "text": "我想给你的开发者写一封电子邮件"
      },
      {
        "intent": "support.contacts.email",
        "text": "你的开发者有什么电子邮件"
      },
      {
        "intent": "support.contacts.email",
        "text": "您的开发人员发邮"
      },
      {
        "intent": "support.contacts.email",
        "text": "给我你的开发者电子邮件"
      },
      {
        "intent": "support.contacts.email",
        "text": "我想通过电子邮件与您的开发人员联系"
      },
      {
        "intent": "support.contacts",
        "text": "你的开发者联系信息是什么"
      },
      {
        "intent": "support.contacts",
        "text": "您的开发人员的联系方式是什么"
      },
      {
        "intent": "support.contacts",
        "text": "我想联系您的开发人员"
      },
      {
        "intent": "support.contacts",
        "text": "联系给你的开发人员"
      },
      {
        "intent": "support.contacts",
        "text": "我可以联系您的开发人员吗"
      },
      {
        "intent": "support.contacts",
        "text": "我想联系你的开发人员"
      },
      {
        "intent": "support.contacts",
        "text": "给你联系方式是什么"
      },
      {
        "intent": "support.contacts",
        "text": "让我给你的开发人员联系"
      },
      {
        "intent": "support.contacts",
        "text": "如何联系您的开发人员"
      },
      {
        "intent": "support.contacts",
        "text": "联系您的创作者"
      },
      {
        "intent": "support.contacts",
        "text": "联系你的开发人员"
      },
      {
        "intent": "support.contacts",
        "text": "怎么联系你的开发人员"
      },
      {
        "intent": "support.contacts",
        "text": "如何联系你的开发人员"
      },
      {
        "intent": "support.contacts",
        "text": "我要联系你的开发人员"
      },
      {
        "intent": "support.contacts",
        "text": "我想要联系你的开发人员"
      },
      {
        "intent": "support.contacts",
        "text": "告诉我怎联系你的开发人员"
      },
      {
        "intent": "support.contacts.phone",
        "text": "搜索你的开发者的电话号码"
      },
      {
        "intent": "support.contacts.phone",
        "text": "你的开发人员的电话"
      },
      {
        "intent": "support.contacts.phone",
        "text": "你的开发者电话"
      },
      {
        "intent": "support.contacts.phone",
        "text": "告诉我你的开发者电话"
      },
      {
        "intent": "support.contacts.phone",
        "text": "我要知道你的开发者电话"
      },
      {
        "intent": "support.contacts.phone",
        "text": "我先知道你的开发者电话"
      },
      {
        "intent": "support.contacts.phone",
        "text": "请你告诉我你的开发者电话"
      },
      {
        "intent": "support.contacts.phone",
        "text": "我需要您的开发人员的电话号码"
      },
      {
        "intent": "support.contacts.phone",
        "text": "给我你的开发者电话号码"
      },
      {
        "intent": "support.contacts.phone",
        "text": "你的开发者的手机号码"
      },
      {
        "intent": "support.contacts.phone",
        "text": "你的开发者电话号码"
      },
      {
        "intent": "support.contacts.phone",
        "text": "告诉我你的开发者号码"
      },
      {
        "intent": "support.contacts.phone",
        "text": "找到你的开发者号码"
      },
      {
        "intent": "support.contacts.phone",
        "text": "搜索您的开发者电话号码"
      },
      {
        "intent": "support.contacts.phone",
        "text": "告诉我你的开发者电话号码我想和他们谈谈"
      },
      {
        "intent": "support.contacts.phone",
        "text": "我可以打电话给你的开发者吗"
      },
      {
        "intent": "support.contacts.phone",
        "text": "请你能给我开发者的电话号码"
      },
      {
        "intent": "support.contacts.phone",
        "text": "我可以通过电话与开发人员联系吗"
      },
      {
        "intent": "support.contacts.social_media",
        "entities": [
          {
            "start": 3,
            "end": 12,
            "value": "Instagram",
            "entity": "media"
          }
        ],
        "text": "你有 Instagram 帐号吗"
      },
      {
        "intent": "support.contacts.social_media",
        "entities": [
          {
            "start": 3,
            "end": 11,
            "value": "Facebook",
            "entity": "media"
          }
        ],
        "text": "你的 Facebook 主页网址是什么？"
      },
      {
        "intent": "support.contacts.social_media",
        "entities": [
          {
            "start": 6,
            "end": 8,
            "value": "推特",
            "entity": "media"
          }
        ],
        "text": "给我介绍你的推特"
      },
      {
        "intent": "support.contacts.social_media",
        "entities": [
          {
            "start": 5,
            "end": 7,
            "value": "脸书",
            "entity": "media"
          }
        ],
        "text": "给我说你的脸书"
      },
      {
        "intent": "support.contacts.social_media",
        "text": "你的社交网站 你那一个"
      },
      {
        "intent": "support.contacts.social_media",
        "text": "你的社交网站"
      },
      {
        "intent": "support.contacts.social_media",
        "text": "我想知道你的社交网站"
      },
      {
        "intent": "support.contacts.social_media",
        "text": "你有社交网站吗"
      },
      {
        "intent": "support.contacts.social_media",
        "text": "你有没有社交网站"
      },
      {
        "intent": "support.contacts.social_media",
        "text": "我要知道你有社交网站对不对"
      },
      {
        "intent": "support.contacts.social_media",
        "text": "你的脸书页面在哪里"
      },
      {
        "intent": "support.contacts.social_media",
        "text": "你的微博"
      },
      {
        "intent": "support.contacts.social_media",
        "text": "告诉我你的社交网站"
      },
      {
        "intent": "support.contacts.social_media",
        "entities": [
          {
            "start": 3,
            "end": 5,
            "value": "微博",
            "entity": "media"
          }
        ],
        "text": "你有用微博吗"
      },
      {
        "intent": "support.contacts.social_media",
        "entities": [
          {
            "start": 2,
            "end": 4,
            "value": "脸书",
            "entity": "media"
          }
        ],
        "text": "你有脸书页面吗"
      },
      {
        "intent": "support.contacts.social_media",
        "entities": [
          {
            "start": 2,
            "end": 11,
            "value": "instagram",
            "entity": "media"
          }
        ],
        "text": "你有instagram帐号吗"
      },
      {
        "intent": "support.contacts.social_media",
        "entities": [
          {
            "start": 5,
            "end": 7,
            "value": "微博",
            "entity": "media"
          }
        ],
        "text": "告诉我你的微博页面"
      },
      {
        "intent": "support.contacts.social_media",
        "entities": [
          {
            "start": 2,
            "end": 4,
            "value": "脸书",
            "entity": "media"
          }
        ],
        "text": "你的脸书页面是什么"
      },
      {
        "intent": "support.contacts.social_media",
        "entities": [
          {
            "start": 6,
            "end": 15,
            "value": "instagram",
            "entity": "media"
          }
        ],
        "text": "我想访问你的instagram网站"
      },
      {
        "intent": "support.contacts.social_media",
        "entities": [
          {
            "start": 4,
            "end": 6,
            "value": "脸书",
            "entity": "media"
          }
        ],
        "text": "打开你的脸书页面"
      },
      {
        "intent": "support.contacts.social_media",
        "entities": [
          {
            "start": 2,
            "end": 4,
            "value": "微博",
            "entity": "media"
          }
        ],
        "text": "你有微博帐号吗"
      },
      {
        "intent": "support.contacts.social_media",
        "entities": [
          {
            "start": 5,
            "end": 7,
            "value": "脸书",
            "entity": "media"
          }
        ],
        "text": "你的页面在脸书"
      },
      {
        "intent": "support.contacts.website",
        "text": "你的网站"
      },
      {
        "intent": "support.contacts.website",
        "text": "你的网络"
      },
      {
        "intent": "support.contacts.website",
        "text": "请显示你的开发者网站"
      },
      {
        "intent": "support.contacts.website",
        "text": "打开你公司的网站"
      },
      {
        "intent": "support.contacts.website",
        "text": "你有自己的网站吗"
      },
      {
        "intent": "support.contacts.website",
        "text": "你的网站在哪里"
      },
      {
        "intent": "support.contacts.website",
        "text": "为我打开你的网站"
      },
      {
        "intent": "support.contacts.website",
        "text": "如何访问你的网站"
      },
      {
        "intent": "support.contacts.website",
        "text": "你能打开你的网站吗"
      },
      {
        "intent": "support.contacts.website",
        "text": "你的网页"
      },
      {
        "intent": "support.contacts.website",
        "text": "给我看你的网站"
      },
      {
        "intent": "support.contacts.website",
        "text": "找到你的网站"
      },
      {
        "intent": "support.contacts.website",
        "text": "你有网站吗"
      },
      {
        "intent": "support.contacts.website",
        "text": "你的开发者有网站吗"
      },
      {
        "intent": "support.contacts.website",
        "text": "你的开发者的网站"
      },
      {
        "intent": "support.creators",
        "text": "你的开发者是谁"
      },
      {
        "intent": "support.creators",
        "text": "你的开发人员"
      },
      {
        "intent": "support.creators",
        "text": "你的开发人员是谁"
      },
      {
        "intent": "support.creators",
        "text": "你的开发者名称是什么"
      },
      {
        "intent": "support.creators",
        "text": "谁是你的程序员"
      },
      {
        "intent": "support.creators",
        "text": "你的创作者的名字是什么"
      },
      {
        "intent": "support.creators",
        "text": "谁是你的创作者"
      },
      {
        "intent": "support.creators",
        "text": "你的老师是谁"
      },
      {
        "intent": "support.creators",
        "text": "你能不能告诉我你的创作者"
      },
      {
        "intent": "support.creators",
        "text": "你能告诉我你创造你的人吗"
      },
      {
        "intent": "support.creators",
        "text": "你的开发者的名字是什么"
      },
      {
        "intent": "support.creators",
        "text": "你知道谁制造你吗"
      },
      {
        "intent": "support.creators",
        "text": "谁创作你"
      },
      {
        "intent": "support.creators",
        "text": "谁是你的创始人"
      },
      {
        "intent": "support.creators",
        "text": "你知道谁做了你"
      },
      {
        "intent": "support.creators",
        "text": "谁创造了你"
      },
      {
        "intent": "support.creators",
        "text": "谁是你的开发者"
      },
      {
        "intent": "support.creators",
        "text": "你知道你的创作者吗"
      },
      {
        "intent": "support.creators",
        "text": "我想知道是谁造你的"
      },
      {
        "intent": "support.creators",
        "text": "你的创造者的名字是什么"
      },
      {
        "intent": "support.creators",
        "text": "你老师的名字是什么"
      },
      {
        "intent": "support.creators",
        "text": "谁创造你"
      },
      {
        "intent": "support.creators",
        "text": "你知道谁创造了你吗"
      },
      {
        "intent": "support.creators",
        "text": "谁发明了你"
      },
      {
        "intent": "support.creators",
        "text": "谁是你的创造者"
      },
      {
        "intent": "support.creators",
        "text": "你的开发者名字是什么"
      },
      {
        "intent": "support.creators",
        "text": "你的开发者"
      },
      {
        "intent": "support.creators",
        "text": "你的程序员的名字是什么"
      },
      {
        "intent": "support.creators",
        "text": "我想知道你开发者的名字"
      },
      {
        "intent": "support.creators",
        "text": "我想知道是谁造你"
      },
      {
        "intent": "support.feedback - context:support-feedback",
        "entities": [
          {
            "start": 1,
            "end": 4,
            "value": "我爱你",
            "entity": "message"
          }
        ],
        "text": "还我爱你"
      },
      {
        "intent": "support.feedback - context:support-feedback",
        "entities": [
          {
            "start": 2,
            "end": 7,
            "value": "麦克风故障",
            "entity": "message"
          }
        ],
        "text": "并且麦克风故障"
      },
      {
        "intent": "support.feedback - context:support-feedback",
        "entities": [
          {
            "start": 2,
            "end": 7,
            "value": "麦克风故障",
            "entity": "message"
          }
        ],
        "text": "关于麦克风故障"
      },
      {
        "intent": "support.feedback - context:support-feedback",
        "entities": [
          {
            "start": 1,
            "end": 6,
            "value": "麦克风故障",
            "entity": "message"
          }
        ],
        "text": "并麦克风故障"
      },
      {
        "intent": "support.feedback - context:support-feedback",
        "entities": [
          {
            "start": 2,
            "end": 10,
            "value": "语音识别也不准确",
            "entity": "message"
          }
        ],
        "text": "现在语音识别也不准确"
      },
      {
        "intent": "support.feedback - context:support-feedback",
        "text": "现在还一个问题"
      },
      {
        "intent": "support.feedback - context:support-feedback",
        "entities": [
          {
            "start": 3,
            "end": 13,
            "value": "很难让他了解我说的话",
            "entity": "message"
          }
        ],
        "text": "现在还很难让他了解我说的话"
      },
      {
        "intent": "support.feedback - context:support-feedback",
        "entities": [
          {
            "start": 1,
            "end": 5,
            "value": "我有问题",
            "entity": "message"
          }
        ],
        "text": "并我有问题"
      },
      {
        "intent": "support.feedback",
        "entities": [
          {
            "start": 7,
            "end": 13,
            "value": "我对你很满意",
            "entity": "message"
          }
        ],
        "text": "告诉你的开发者我对你很满意"
      },
      {
        "intent": "support.feedback",
        "entities": [
          {
            "start": 9,
            "end": 12,
            "value": "我爱你",
            "entity": "message"
          }
        ],
        "text": "给你的开发人员告诉我爱你"
      },
      {
        "intent": "support.feedback",
        "entities": [
          {
            "start": 8,
            "end": 12,
            "value": "我喜欢你",
            "entity": "message"
          }
        ],
        "text": "告诉你的开发人员我喜欢你"
      },
      {
        "intent": "support.feedback",
        "entities": [
          {
            "start": 9,
            "end": 13,
            "value": "我喜欢你",
            "entity": "message"
          }
        ],
        "text": "我想告诉你的开发者我喜欢你"
      },
      {
        "intent": "support.feedback",
        "entities": [
          {
            "start": 7,
            "end": 10,
            "value": "我爱你",
            "entity": "message"
          }
        ],
        "text": "告诉你的开发者我爱你"
      },
      {
        "intent": "support.feedback",
        "entities": [
          {
            "start": 7,
            "end": 15,
            "value": "该应用程序是真棒",
            "entity": "message"
          }
        ],
        "text": "告诉你的创作者该应用程序是真棒"
      },
      {
        "intent": "support.feedback",
        "entities": [
          {
            "start": 7,
            "end": 12,
            "value": "我想要退款",
            "entity": "message"
          }
        ],
        "text": "告诉你的创作者我想要退款"
      },
      {
        "intent": "support.feedback",
        "entities": [
          {
            "start": 7,
            "end": 11,
            "value": "我不开心",
            "entity": "message"
          }
        ],
        "text": "告诉你的开发者我不开心"
      },
      {
        "intent": "support.feedback",
        "entities": [
          {
            "start": 7,
            "end": 11,
            "value": "你很讨厌",
            "entity": "message"
          }
        ],
        "text": "告诉你的开发者你很讨厌"
      },
      {
        "intent": "support.feedback",
        "entities": [
          {
            "start": 7,
            "end": 15,
            "value": "你就像我妈妈一样",
            "entity": "message"
          }
        ],
        "text": "告诉你的开发者你就像我妈妈一样"
      },
      {
        "intent": "support.feedback",
        "text": "将反馈发送给你的团队"
      },
      {
        "intent": "support.feedback",
        "text": "发送反馈给你的开发人员"
      },
      {
        "intent": "support.feedback",
        "entities": [
          {
            "start": 11,
            "end": 18,
            "value": "保持伟大的工作",
            "entity": "message"
          }
        ],
        "text": "发送反馈给你的开发人员保持伟大的工作"
      },
      {
        "intent": "support.feedback",
        "entities": [
          {
            "start": 7,
            "end": 10,
            "value": "你真棒",
            "entity": "message"
          }
        ],
        "text": "告诉你的开发者你真棒"
      },
      {
        "intent": "support.feedback",
        "text": "我想给你反馈"
      },
      {
        "intent": "support.feedback",
        "entities": [
          {
            "start": 8,
            "end": 19,
            "value": "很难让你明白我在说什么",
            "entity": "message"
          }
        ],
        "text": "告诉你的开发人员很难让你明白我在说什么"
      },
      {
        "intent": "support.feedback",
        "text": "发送消息给你的开发人员"
      },
      {
        "intent": "support.feedback",
        "text": "我对你的开发者有反馈"
      },
      {
        "intent": "support.feedback",
        "entities": [
          {
            "start": 7,
            "end": 19,
            "value": "你需要更好的了解我说什么",
            "entity": "message"
          }
        ],
        "text": "告诉你的开发者你需要更好的了解我说什么"
      },
      {
        "intent": "support.feedback",
        "text": "告诉你的开发人员改善你"
      },
      {
        "intent": "support.feedback",
        "entities": [
          {
            "start": 13,
            "end": 22,
            "value": "他们做了那么好的你",
            "entity": "message"
          }
        ],
        "text": "我想联系你的开发人员并告诉他们做了那么好的你"
      },
      {
        "intent": "support.feedback",
        "entities": [
          {
            "start": 8,
            "end": 16,
            "value": "他们做更好的工作",
            "entity": "message"
          }
        ],
        "text": "告诉你的开发人员他们做更好的工作"
      },
      {
        "intent": "support.feedback",
        "text": "告诉你的开发者"
      },
      {
        "intent": "support.feedback",
        "text": "告诉你的开发人员"
      },
      {
        "intent": "support.feedback",
        "text": "你可以联系你的开发人员吗"
      },
      {
        "intent": "support.problem - context:support-problem",
        "entities": [
          {
            "start": 2,
            "end": 8,
            "value": "不能脱机工作",
            "entity": "message"
          }
        ],
        "text": "添加不能脱机工作"
      },
      {
        "intent": "support.problem - context:support-problem",
        "entities": [
          {
            "start": 2,
            "end": 9,
            "value": "来电显示不工作",
            "entity": "message"
          }
        ],
        "text": "并且来电显示不工作"
      },
      {
        "intent": "support.problem - context:support-problem",
        "entities": [
          {
            "start": 0,
            "end": 3,
            "value": "麦克风",
            "entity": "message"
          }
        ],
        "text": "麦克风也不行"
      },
      {
        "intent": "support.problem - context:support-problem",
        "entities": [
          {
            "start": 2,
            "end": 7,
            "value": "麦克风问题",
            "entity": "message"
          }
        ],
        "text": "还有麦克风问题"
      },
      {
        "intent": "support.problem - context:support-problem",
        "entities": [
          {
            "start": 1,
            "end": 6,
            "value": "麦克风问题",
            "entity": "message"
          }
        ],
        "text": "和麦克风问题"
      },
      {
        "intent": "support.problem - context:support-problem",
        "entities": [
          {
            "start": 2,
            "end": 8,
            "value": "没有离线模式",
            "entity": "message"
          }
        ],
        "text": "并且没有离线模式"
      },
      {
        "intent": "support.problem - context:support-problem",
        "entities": [
          {
            "start": 3,
            "end": 12,
            "value": "我需要一个离线模式",
            "entity": "message"
          }
        ],
        "text": "补充说我需要一个离线模式"
      },
      {
        "intent": "support.problem - context:support-problem",
        "entities": [
          {
            "start": 2,
            "end": 9,
            "value": "你只能在线工作",
            "entity": "message"
          }
        ],
        "text": "而且你只能在线工作"
      },
      {
        "intent": "support.problem - context:support-problem",
        "text": "麦克风也不起作用"
      },
      {
        "intent": "support.problem - context:support-problem",
        "text": "并且我有问题"
      },
      {
        "intent": "support.problem",
        "entities": [
          {
            "start": 5,
            "end": 11,
            "value": "无法正常运行",
            "entity": "message"
          }
        ],
        "text": "报告错误：无法正常运行"
      },
      {
        "intent": "support.problem",
        "text": "报告错误"
      },
      {
        "intent": "support.problem",
        "entities": [
          {
            "start": 2,
            "end": 6,
            "value": "我有问题",
            "entity": "message"
          }
        ],
        "text": "报告我有问题"
      },
      {
        "intent": "support.problem",
        "entities": [
          {
            "start": 13,
            "end": 21,
            "value": "语音激活不起作用",
            "entity": "message"
          }
        ],
        "text": "向你的开发人员发送错误报告语音激活不起作用"
      },
      {
        "intent": "support.problem",
        "text": "你能帮我解决问题吗"
      },
      {
        "intent": "support.problem",
        "text": "发送错误报告"
      },
      {
        "intent": "support.problem",
        "entities": [
          {
            "start": 2,
            "end": 5,
            "value": "麦克风",
            "entity": "message"
          }
        ],
        "text": "我有麦克风的问题"
      },
      {
        "intent": "support.problem",
        "text": "你犯了很多错误"
      },
      {
        "intent": "support.problem",
        "text": "告诉你的开发者有个臭虫"
      },
      {
        "intent": "support.problem",
        "text": "我想向你的开发人员显示错误"
      },
      {
        "intent": "support.problem",
        "text": "我有关于你的问题"
      },
      {
        "intent": "support.problem",
        "text": "你理解了我的问题没有"
      },
      {
        "intent": "support.problem",
        "text": "我需要报告一个错误"
      },
      {
        "intent": "support.problem",
        "text": "告诉开发人员我有了关错误"
      },
      {
        "intent": "support.problem",
        "text": "将错误信息发送给开发人员"
      },
      {
        "intent": "support.problem",
        "text": "我发现了错误"
      },
      {
        "intent": "support.problem",
        "text": "发送有关你的问题的报告"
      },
      {
        "intent": "support.problem",
        "text": "告诉你的开发者他们应该解决这个问题"
      },
      {
        "intent": "support.problem",
        "text": "告诉你的开发者他们应该修复错误"
      },
      {
        "intent": "support.problem",
        "text": "向你的创建者发送错误报告"
      },
      {
        "intent": "support.problem",
        "text": "向开发人员报告错误"
      },
      {
        "intent": "support.problem",
        "entities": [
          {
            "start": 7,
            "end": 15,
            "value": "我有麦克风的问题",
            "entity": "message"
          }
        ],
        "text": "告诉你的开发员我有麦克风的问题"
      },
      {
        "intent": "support.problem",
        "text": "我需要报告一下我发现的问题"
      },
      {
        "intent": "support.problem",
        "text": "向你的开发人员发送问题报告"
      },
      {
        "intent": "support.problem",
        "text": "向开发人员发送问题报告"
      },
      {
        "intent": "support.problem",
        "text": "有了一个臭虫"
      },
      {
        "intent": "support.problem",
        "text": "告诉你的开发者他们应该修复你"
      },
      {
        "intent": "support.problem",
        "text": "我需要报告你的错误"
      },
      {
        "intent": "support.problem",
        "text": "你有臭虫"
      }
    ],
    "regex_features": [],
    "entity_synonyms": [
      {
        "value": "twitter",
        "synonyms": [
          "微博",
          "推特"
        ]
      },
      {
        "value": "facebook",
        "synonyms": [
          "fb",
          "脸书",
          "面书"
        ]
      },
      {
        "value": "google",
        "synonyms": [
          "谷歌"
        ]
      }
    ]
  }
}