{
  "rasa_nlu_data": {
    "common_examples": [
      {
        "intent": "support.about.app_name",
        "text": "what's the app name"
      },
      {
        "intent": "support.about.app_name",
        "text": "give me the name of your app please"
      },
      {
        "intent": "support.about.app_name",
        "text": "how's your app called"
      },
      {
        "intent": "support.about.app_name",
        "text": "what's your application name"
      },
      {
        "intent": "support.about.app_name",
        "text": "I'd like to know the name of your app"
      },
      {
        "intent": "support.about.app_name",
        "text": "app's name"
      },
      {
        "intent": "support.about.app_name",
        "text": "what's the name of the app"
      },
      {
        "intent": "support.about.app_name",
        "text": "how is your app called"
      },
      {
        "intent": "support.about.app_name",
        "text": "what's the name of your application"
      },
      {
        "intent": "support.about.app_name",
        "text": "name of the app"
      },
      {
        "intent": "support.about.app_name",
        "text": "app name"
      },
      {
        "intent": "support.about.app_name",
        "text": "tell me your app name please"
      },
      {
        "intent": "support.about.app_name",
        "text": "how do I know the name of your app"
      },
      {
        "intent": "support.about",
        "text": "what does your company create"
      },
      {
        "intent": "support.about",
        "text": "what else do your developers do"
      },
      {
        "intent": "support.about",
        "text": "more information about your developers"
      },
      {
        "intent": "support.about",
        "text": "tell me more about the company that invented you"
      },
      {
        "intent": "support.about",
        "text": "have your developers created anything else"
      },
      {
        "intent": "support.about",
        "text": "what's your company's best selling product"
      },
      {
        "intent": "support.about",
        "text": "tell me about your developers"
      },
      {
        "intent": "support.about",
        "text": "does your company have some other products"
      },
      {
        "intent": "support.about",
        "text": "tell me about your creators"
      },
      {
        "intent": "support.about",
        "text": "do your developers have more apps"
      },
      {
        "intent": "support.about",
        "text": "does your company have more apps"
      },
      {
        "intent": "support.about",
        "text": "what does your company team work at"
      },
      {
        "intent": "support.about",
        "text": "show more information about your developers"
      },
      {
        "intent": "support.about",
        "text": "what does your company develop"
      },
      {
        "intent": "support.about",
        "text": "get me more info about your creators"
      },
      {
        "intent": "support.about",
        "text": "does your company develop anything else"
      },
      {
        "intent": "support.about",
        "text": "tell me more about your developers at your company"
      },
      {
        "intent": "support.about",
        "text": "what do your developers do"
      },
      {
        "intent": "support.about",
        "text": "what else your developers do"
      },
      {
        "intent": "support.about",
        "text": "I need to know more about developers in your company"
      },
      {
        "intent": "support.beta",
        "text": "how can I join your beta testers group"
      },
      {
        "intent": "support.beta",
        "text": "show your beta version"
      },
      {
        "intent": "support.beta",
        "text": "beta version of you"
      },
      {
        "intent": "support.beta",
        "text": "do you have a beta test"
      },
      {
        "intent": "support.beta",
        "text": "where do I get your beta app"
      },
      {
        "intent": "support.beta",
        "text": "where to find your beta version"
      },
      {
        "intent": "support.beta",
        "text": "I'd like to be your beta tester"
      },
      {
        "intent": "support.beta",
        "text": "I want to take part in your beta testing"
      },
      {
        "intent": "support.beta",
        "text": "let's find your app in beta"
      },
      {
        "intent": "support.beta",
        "text": "search for your beta version"
      },
      {
        "intent": "support.beta",
        "text": "I want to join the beta testing group"
      },
      {
        "intent": "support.beta",
        "text": "beta version"
      },
      {
        "intent": "support.beta",
        "text": "give me your beta version"
      },
      {
        "intent": "support.beta",
        "text": "beta test"
      },
      {
        "intent": "support.beta",
        "text": "I want to test beta version of you"
      },
      {
        "intent": "support.beta",
        "text": "I want to get your beta version"
      },
      {
        "intent": "support.beta",
        "text": "get your beta version"
      },
      {
        "intent": "support.beta",
        "text": "do you have a beta version"
      },
      {
        "intent": "support.beta",
        "text": "beta testing"
      },
      {
        "intent": "support.beta",
        "text": "I want to test you in beta"
      },
      {
        "intent": "support.beta",
        "text": "beta version of your app"
      },
      {
        "intent": "support.beta",
        "text": "your beta version"
      },
      {
        "intent": "support.contacts - context:support-contacts - comment:email",
        "text": "can I write an email"
      },
      {
        "intent": "support.contacts - context:support-contacts - comment:email",
        "text": "can I contact them by email"
      },
      {
        "intent": "support.contacts - context:support-contacts - comment:email",
        "text": "and email"
      },
      {
        "intent": "support.contacts - context:support-contacts - comment:email",
        "text": "what about email"
      },
      {
        "intent": "support.contacts - context:support-contacts - comment:email",
        "text": "an email as well"
      },
      {
        "intent": "support.contacts - context:support-contacts - comment:email",
        "text": "and their email"
      },
      {
        "intent": "support.contacts - context:support-contacts - comment:email",
        "text": "an email too please"
      },
      {
        "intent": "support.contacts - context:support-contacts - comment:email",
        "text": "now their email"
      },
      {
        "intent": "support.contacts - context:support-contacts - comment:email",
        "text": "I need email too"
      },
      {
        "intent": "support.contacts - context:support-contacts - comment:email",
        "text": "and now email"
      },
      {
        "intent": "support.contacts - context:support-contacts - comment:email",
        "text": "and their email address"
      },
      {
        "intent": "support.contacts - context:support-contacts - comment:email",
        "text": "an email too"
      },
      {
        "intent": "support.contacts - context:support-contacts - comment:email",
        "text": "get me their email too"
      },
      {
        "intent": "support.contacts - context:support-contacts - comment:email",
        "text": "do you know their email address"
      },
      {
        "intent": "support.contacts - context:support-contacts - comment:phone",
        "text": "now their phone"
      },
      {
        "intent": "support.contacts - context:support-contacts - comment:phone",
        "text": "and contact number"
      },
      {
        "intent": "support.contacts - context:support-contacts - comment:phone",
        "text": "phone number too"
      },
      {
        "intent": "support.contacts - context:support-contacts - comment:phone",
        "text": "what about phone number"
      },
      {
        "intent": "support.contacts - context:support-contacts - comment:phone",
        "text": "I need their phone too"
      },
      {
        "intent": "support.contacts - context:support-contacts - comment:phone",
        "text": "what about contact number"
      },
      {
        "intent": "support.contacts - context:support-contacts - comment:phone",
        "text": "and phone"
      },
      {
        "intent": "support.contacts - context:support-contacts - comment:phone",
        "text": "phone too"
      },
      {
        "intent": "support.contacts - context:support-contacts - comment:phone",
        "text": "her number"
      },
      {
        "intent": "support.contacts - context:support-contacts - comment:phone",
        "text": "what about his phone"
      },
      {
        "intent": "support.contacts - context:support-contacts - comment:phone",
        "text": "and their phone"
      },
      {
        "intent": "support.contacts - context:support-contacts - comment:phone",
        "text": "how to make a phone call"
      },
      {
        "intent": "support.contacts - context:support-contacts - comment:phone",
        "text": "can I call them"
      },
      {
        "intent": "support.contacts - context:support-contacts - comment:social media",
        "entities": [
          {
            "start": 4,
            "end": 11,
            "value": "Twitter",
            "entity": "media"
          }
        ],
        "text": "and Twitter"
      },
      {
        "intent": "support.contacts - context:support-contacts - comment:social media",
        "entities": [
          {
            "start": 4,
            "end": 12,
            "value": "Facebook",
            "entity": "media"
          }
        ],
        "text": "and Facebook page"
      },
      {
        "intent": "support.contacts - context:support-contacts - comment:social media",
        "entities": [
          {
            "start": 8,
            "end": 10,
            "value": "FB",
            "entity": "media"
          }
        ],
        "text": "and the FB page"
      },
      {
        "intent": "support.contacts - context:support-contacts - comment:social media",
        "entities": [
          {
            "start": 5,
            "end": 12,
            "value": "Twitter",
            "entity": "media"
          }
        ],
        "text": "your Twitter as well"
      },
      {
        "intent": "support.contacts - context:support-contacts - comment:social media",
        "entities": [
          {
            "start": 5,
            "end": 14,
            "value": "Instagram",
            "entity": "media"
          }
        ],
        "text": "your Instagram"
      },
      {
        "intent": "support.contacts - context:support-contacts - comment:social media",
        "entities": [
          {
            "start": 11,
            "end": 19,
            "value": "Facebook",
            "entity": "media"
          }
        ],
        "text": "what about Facebook page"
      },
      {
        "intent": "support.contacts - context:support-contacts - comment:social media",
        "entities": [
          {
            "start": 4,
            "end": 12,
            "value": "Facebook",
            "entity": "media"
          }
        ],
        "text": "and Facebook too"
      },
      {
        "intent": "support.contacts - context:support-contacts - comment:social media",
        "entities": [
          {
            "start": 7,
            "end": 15,
            "value": "Facebook",
            "entity": "media"
          }
        ],
        "text": "I need Facebook page too"
      },
      {
        "intent": "support.contacts - context:support-contacts - comment:social media",
        "entities": [
          {
            "start": 9,
            "end": 16,
            "value": "Twitter",
            "entity": "media"
          }
        ],
        "text": "and your Twitter"
      },
      {
        "intent": "support.contacts - context:support-contacts - comment:social media",
        "entities": [
          {
            "start": 0,
            "end": 9,
            "value": "Instagram",
            "entity": "media"
          }
        ],
        "text": "Instagram also"
      },
      {
        "intent": "support.contacts - context:support-contacts - comment:social media",
        "entities": [
          {
            "start": 5,
            "end": 12,
            "value": "Twitter",
            "entity": "media"
          }
        ],
        "text": "also Twitter please"
      },
      {
        "intent": "support.contacts - context:support-contacts - comment:social media",
        "entities": [
          {
            "start": 11,
            "end": 18,
            "value": "Twitter",
            "entity": "media"
          }
        ],
        "text": "what about Twitter"
      },
      {
        "intent": "support.contacts - context:support-contacts - comment:social media",
        "entities": [
          {
            "start": 4,
            "end": 13,
            "value": "Instagram",
            "entity": "media"
          }
        ],
        "text": "and Instagram"
      },
      {
        "intent": "support.contacts - context:support-contacts - comment:website",
        "text": "do they have a website"
      },
      {
        "intent": "support.contacts - context:support-contacts - comment:website",
        "text": "what about your website"
      },
      {
        "intent": "support.contacts - context:support-contacts - comment:website",
        "text": "and your web page"
      },
      {
        "intent": "support.contacts - context:support-contacts - comment:website",
        "text": "and your website"
      },
      {
        "intent": "support.contacts - context:support-contacts - comment:website",
        "text": "site also"
      },
      {
        "intent": "support.contacts - context:support-contacts - comment:website",
        "text": "your website"
      },
      {
        "intent": "support.contacts - context:support-contacts - comment:website",
        "text": "website too please"
      },
      {
        "intent": "support.contacts - context:support-contacts - comment:website",
        "text": "website now"
      },
      {
        "intent": "support.contacts - context:support-contacts - comment:website",
        "text": "the site as well"
      },
      {
        "intent": "support.contacts - context:support-contacts - comment:website",
        "text": "your web page"
      },
      {
        "intent": "support.contacts - context:support-contacts - comment:website",
        "text": "your site"
      },
      {
        "intent": "support.contacts - context:support-contacts - comment:website",
        "text": "show their website"
      },
      {
        "intent": "support.contacts - context:support-contacts - comment:website",
        "text": "now their website"
      },
      {
        "intent": "support.contacts - context:support-contacts - comment:website",
        "text": "now the website"
      },
      {
        "intent": "support.contacts - context:support-contacts - comment:website",
        "text": "website"
      },
      {
        "intent": "support.contacts - context:support-contacts - comment:website",
        "text": "and web site"
      },
      {
        "intent": "support.contacts.address",
        "text": "could you provide me your developers address"
      },
      {
        "intent": "support.contacts.address",
        "text": "address of your developers"
      },
      {
        "intent": "support.contacts.address",
        "text": "provide me with the address of your developers"
      },
      {
        "intent": "support.contacts.address",
        "text": "where are your developers from"
      },
      {
        "intent": "support.contacts.address",
        "text": "where is your company located"
      },
      {
        "intent": "support.contacts.address",
        "text": "address of your developers office"
      },
      {
        "intent": "support.contacts.address",
        "text": "where can I find the address of your company"
      },
      {
        "intent": "support.contacts.address",
        "text": "where are your creators located"
      },
      {
        "intent": "support.contacts.address",
        "text": "where do your developers work"
      },
      {
        "intent": "support.contacts.address",
        "text": "I need your company address"
      },
      {
        "intent": "support.contacts.address",
        "text": "what is the address of your developers"
      },
      {
        "intent": "support.contacts.address",
        "text": "show me where is the office of your developers"
      },
      {
        "intent": "support.contacts.address",
        "text": "tell me your developers address"
      },
      {
        "intent": "support.contacts.address",
        "text": "location of your developers"
      },
      {
        "intent": "support.contacts.address",
        "text": "where do your developers live"
      },
      {
        "intent": "support.contacts.address",
        "text": "I want to know where is the main office of your company located"
      },
      {
        "intent": "support.contacts.address",
        "text": "your creators address"
      },
      {
        "intent": "support.contacts.address",
        "text": "give me the address of your developers"
      },
      {
        "intent": "support.contacts.email",
        "text": "could you please give me the email address of your developers"
      },
      {
        "intent": "support.contacts.email",
        "text": "where to get your developers email"
      },
      {
        "intent": "support.contacts.email",
        "text": "how to email your developers"
      },
      {
        "intent": "support.contacts.email",
        "text": "how to email your creators"
      },
      {
        "intent": "support.contacts.email",
        "text": "your developers email"
      },
      {
        "intent": "support.contacts.email",
        "text": "can I send an email to your developers"
      },
      {
        "intent": "support.contacts.email",
        "text": "get me your developers email"
      },
      {
        "intent": "support.contacts.email",
        "text": "I need to contact your developers give me their email address"
      },
      {
        "intent": "support.contacts.email",
        "text": "I would like to write an email to your developers"
      },
      {
        "intent": "support.contacts.email",
        "text": "I want to contact your developers by email"
      },
      {
        "intent": "support.contacts.email",
        "text": "I want to contact your developers show me their email"
      },
      {
        "intent": "support.contacts.email",
        "text": "your creators email"
      },
      {
        "intent": "support.contacts.email",
        "text": "what's your developers email"
      },
      {
        "intent": "support.contacts.email",
        "text": "give me the email address of your developers"
      },
      {
        "intent": "support.contacts.email",
        "text": "bring me up your developers email"
      },
      {
        "intent": "support.contacts.email",
        "text": "show me the email of your developers"
      },
      {
        "intent": "support.contacts",
        "text": "contact developers"
      },
      {
        "intent": "support.contacts",
        "text": "how do I contact your developers"
      },
      {
        "intent": "support.contacts",
        "text": "I want to contact your creator"
      },
      {
        "intent": "support.contacts",
        "text": "get me contacts of your developers"
      },
      {
        "intent": "support.contacts",
        "text": "contact your creators"
      },
      {
        "intent": "support.contacts",
        "text": "how can I contact your developers"
      },
      {
        "intent": "support.contacts",
        "text": "what is your contact info"
      },
      {
        "intent": "support.contacts",
        "text": "can I contact your developers"
      },
      {
        "intent": "support.contacts",
        "text": "I would like to contact your developers"
      },
      {
        "intent": "support.contacts",
        "text": "contact information for your developers"
      },
      {
        "intent": "support.contacts",
        "text": "how should I contact your developers"
      },
      {
        "intent": "support.contacts",
        "text": "what is your developers contact information"
      },
      {
        "intent": "support.contacts",
        "text": "I want to contact your developers"
      },
      {
        "intent": "support.contacts",
        "text": "how to contact your developers"
      },
      {
        "intent": "support.contacts",
        "text": "I want to contact your developer"
      },
      {
        "intent": "support.contacts",
        "text": "find contacts of your creators"
      },
      {
        "intent": "support.contacts",
        "text": "what is your contact information"
      },
      {
        "intent": "support.contacts",
        "text": "contact your developers"
      },
      {
        "intent": "support.contacts",
        "text": "what is your developer's contact information"
      },
      {
        "intent": "support.contacts.phone",
        "text": "where to find you developers number"
      },
      {
        "intent": "support.contacts.phone",
        "text": "I need the phone number of your developers"
      },
      {
        "intent": "support.contacts.phone",
        "text": "tell me your developers phone number I would like to talk to them"
      },
      {
        "intent": "support.contacts.phone",
        "text": "find your developers number"
      },
      {
        "intent": "support.contacts.phone",
        "text": "can I call your developers"
      },
      {
        "intent": "support.contacts.phone",
        "text": "could you please give me the phone number of your developers"
      },
      {
        "intent": "support.contacts.phone",
        "text": "your developers number"
      },
      {
        "intent": "support.contacts.phone",
        "text": "search for your developers phone number"
      },
      {
        "intent": "support.contacts.phone",
        "text": "I want to talk to your developers by phone"
      },
      {
        "intent": "support.contacts.phone",
        "text": "your developers phone"
      },
      {
        "intent": "support.contacts.phone",
        "text": "bring me up your developers phone number"
      },
      {
        "intent": "support.contacts.phone",
        "text": "show me your developers number"
      },
      {
        "intent": "support.contacts.phone",
        "text": "I want to contact your developers give me their phone number please"
      },
      {
        "intent": "support.contacts.phone",
        "text": "give me your developers phone number"
      },
      {
        "intent": "support.contacts.phone",
        "text": "can I contact your developers via phone"
      },
      {
        "intent": "support.contacts.phone",
        "text": "your developers phone number"
      },
      {
        "intent": "support.contacts.social_media",
        "entities": [
          {
            "start": 14,
            "end": 22,
            "value": "Facebook",
            "entity": "media"
          }
        ],
        "text": "where is your Facebook page"
      },
      {
        "intent": "support.contacts.social_media",
        "entities": [
          {
            "start": 12,
            "end": 19,
            "value": "Twitter",
            "entity": "media"
          }
        ],
        "text": "do you have Twitter account"
      },
      {
        "intent": "support.contacts.social_media",
        "entities": [
          {
            "start": 12,
            "end": 21,
            "value": "Instagram",
            "entity": "media"
          }
        ],
        "text": "do you have Instagram account"
      },
      {
        "intent": "support.contacts.social_media",
        "entities": [
          {
            "start": 13,
            "end": 21,
            "value": "Facebook",
            "entity": "media"
          }
        ],
        "text": "what is your Facebook page"
      },
      {
        "intent": "support.contacts.social_media",
        "entities": [
          {
            "start": 21,
            "end": 30,
            "value": "Instagram",
            "entity": "media"
          }
        ],
        "text": "I want to visit your Instagram"
      },
      {
        "intent": "support.contacts.social_media",
        "entities": [
          {
            "start": 10,
            "end": 18,
            "value": "Facebook",
            "entity": "media"
          }
        ],
        "text": "open your Facebook page"
      },
      {
        "intent": "support.contacts.social_media",
        "text": "tell me your social media"
      },
      {
        "intent": "support.contacts.social_media",
        "entities": [
          {
            "start": 11,
            "end": 18,
            "value": "Twitter",
            "entity": "media"
          }
        ],
        "text": "are you on Twitter"
      },
      {
        "intent": "support.contacts.social_media",
        "entities": [
          {
            "start": 13,
            "end": 21,
            "value": "Facebook",
            "entity": "media"
          }
        ],
        "text": "your page in Facebook"
      },
      {
        "intent": "support.contacts.social_media",
        "entities": [
          {
            "start": 5,
            "end": 12,
            "value": "Twitter",
            "entity": "media"
          }
        ],
        "text": "your Twitter"
      },
      {
        "intent": "support.contacts.social_media",
        "entities": [
          {
            "start": 14,
            "end": 22,
            "value": "Facebook",
            "entity": "media"
          }
        ],
        "text": "do you have a Facebook page"
      },
      {
        "intent": "support.contacts.social_media",
        "entities": [
          {
            "start": 13,
            "end": 20,
            "value": "Twitter",
            "entity": "media"
          }
        ],
        "text": "show me your Twitter page"
      },
      {
        "intent": "support.contacts.website",
        "text": "how do I access your website"
      },
      {
        "intent": "support.contacts.website",
        "text": "seach for your website"
      },
      {
        "intent": "support.contacts.website",
        "text": "where is your website"
      },
      {
        "intent": "support.contacts.website",
        "text": "open your site for me"
      },
      {
        "intent": "support.contacts.website",
        "text": "open your company's site"
      },
      {
        "intent": "support.contacts.website",
        "text": "do you have a website"
      },
      {
        "intent": "support.contacts.website",
        "text": "do your developers have a website"
      },
      {
        "intent": "support.contacts.website",
        "text": "do you have a website"
      },
      {
        "intent": "support.contacts.website",
        "text": "website of your developers"
      },
      {
        "intent": "support.contacts.website",
        "text": "could you please open your web site"
      },
      {
        "intent": "support.contacts.website",
        "text": "show me your website"
      },
      {
        "intent": "support.contacts.website",
        "text": "your website"
      },
      {
        "intent": "support.contacts.website",
        "text": "bring me up your website"
      },
      {
        "intent": "support.contacts.website",
        "text": "find your website"
      },
      {
        "intent": "support.contacts.website",
        "text": "show your developers' website please"
      },
      {
        "intent": "support.creators",
        "text": "can you tell me something about your creators"
      },
      {
        "intent": "support.creators",
        "text": "do you know who makes you"
      },
      {
        "intent": "support.creators",
        "text": "tell me who is your creator"
      },
      {
        "intent": "support.creators",
        "text": "I said who made your program"
      },
      {
        "intent": "support.creators",
        "text": "what is your developers name"
      },
      {
        "intent": "support.creators",
        "text": "do you know your maker"
      },
      {
        "intent": "support.creators",
        "text": "what's the name of your programmer"
      },
      {
        "intent": "support.creators",
        "text": "who is your teacher"
      },
      {
        "intent": "support.creators",
        "text": "so who created you"
      },
      {
        "intent": "support.creators",
        "text": "can you tell me who created you"
      },
      {
        "intent": "support.creators",
        "text": "I said who developed you"
      },
      {
        "intent": "support.creators",
        "text": "so who made this application"
      },
      {
        "intent": "support.creators",
        "text": "I said who made you tell me"
      },
      {
        "intent": "support.creators",
        "text": "what company made you"
      },
      {
        "intent": "support.creators",
        "text": "so who create you"
      },
      {
        "intent": "support.creators",
        "text": "who was your founder"
      },
      {
        "intent": "support.creators",
        "text": "do you know your creators"
      },
      {
        "intent": "support.creators",
        "text": "what is your creator name"
      },
      {
        "intent": "support.creators",
        "text": "I mean who made this application"
      },
      {
        "intent": "support.creators",
        "text": "who made you"
      },
      {
        "intent": "support.creators",
        "text": "what is your makers name"
      },
      {
        "intent": "support.creators",
        "text": "what's the name of your creators"
      },
      {
        "intent": "support.creators",
        "text": "who is your inventor"
      },
      {
        "intent": "support.creators",
        "text": "what is the name of your developers"
      },
      {
        "intent": "support.creators",
        "text": "your creator"
      },
      {
        "intent": "support.creators",
        "text": "and who create you"
      },
      {
        "intent": "support.creators",
        "text": "so who is your developer"
      },
      {
        "intent": "support.creators",
        "text": "your developers"
      },
      {
        "intent": "support.creators",
        "text": "who did create you"
      },
      {
        "intent": "support.creators",
        "text": "your teacher"
      },
      {
        "intent": "support.creators",
        "text": "what's the name of your creator"
      },
      {
        "intent": "support.creators",
        "text": "I said who are your creators"
      },
      {
        "intent": "support.creators",
        "text": "who made your application"
      },
      {
        "intent": "support.creators",
        "text": "who is your creator"
      },
      {
        "intent": "support.creators",
        "text": "what is the name of your developer"
      },
      {
        "intent": "support.creators",
        "text": "what is your teachers name"
      },
      {
        "intent": "support.creators",
        "text": "who built you"
      },
      {
        "intent": "support.creators",
        "text": "I want know who made you"
      },
      {
        "intent": "support.creators",
        "text": "who invented you"
      },
      {
        "intent": "support.creators",
        "text": "do you know who made you"
      },
      {
        "intent": "support.creators",
        "text": "who is your developer"
      },
      {
        "intent": "support.creators",
        "text": "so who invented you"
      },
      {
        "intent": "support.creators",
        "text": "I want to know the names of your developers"
      },
      {
        "intent": "support.creators",
        "text": "so who is your creator"
      },
      {
        "intent": "support.creators",
        "text": "who is your programmer"
      },
      {
        "intent": "support.creators",
        "text": "do you know who created you"
      },
      {
        "intent": "support.creators",
        "text": "who were your creators"
      },
      {
        "intent": "support.creators",
        "text": "what's the name of your developer"
      },
      {
        "intent": "support.creators",
        "text": "who created you"
      },
      {
        "intent": "support.creators",
        "text": "your inventor"
      },
      {
        "intent": "support.creators",
        "text": "do you know who created u"
      },
      {
        "intent": "support.creators",
        "text": "what is the name of your creator"
      },
      {
        "intent": "support.creators",
        "text": "and who created you"
      },
      {
        "intent": "support.creators",
        "text": "what is your developer name"
      },
      {
        "intent": "support.creators",
        "text": "so who made you"
      },
      {
        "intent": "support.creators",
        "text": "what is your creator's name"
      },
      {
        "intent": "support.creators",
        "text": "who was your inventor"
      },
      {
        "intent": "support.creators",
        "text": "I want to know who made you"
      },
      {
        "intent": "support.feedback - context:support-feedback",
        "entities": [
          {
            "start": 16,
            "end": 31,
            "value": "I don't like it",
            "entity": "message"
          }
        ],
        "text": "please add that I don't like it"
      },
      {
        "intent": "support.feedback - context:support-feedback",
        "entities": [
          {
            "start": 10,
            "end": 33,
            "value": "there are some problems",
            "entity": "message"
          }
        ],
        "text": "also that there are some problems"
      },
      {
        "intent": "support.feedback - context:support-feedback",
        "entities": [
          {
            "start": 5,
            "end": 38,
            "value": "voice recognition is not accurate",
            "entity": "message"
          }
        ],
        "text": "also voice recognition is not accurate"
      },
      {
        "intent": "support.feedback - context:support-feedback",
        "entities": [
          {
            "start": 9,
            "end": 27,
            "value": "mic is not working",
            "entity": "message"
          }
        ],
        "text": "and that mic is not working"
      },
      {
        "intent": "support.feedback - context:support-feedback",
        "entities": [
          {
            "start": 10,
            "end": 31,
            "value": "the mic does not work",
            "entity": "message"
          }
        ],
        "text": "also that the mic does not work"
      },
      {
        "intent": "support.feedback - context:support-feedback",
        "entities": [
          {
            "start": 4,
            "end": 32,
            "value": "the app crushes all the time",
            "entity": "message"
          }
        ],
        "text": "and the app crushes all the time"
      },
      {
        "intent": "support.feedback - context:support-feedback",
        "entities": [
          {
            "start": 13,
            "end": 30,
            "value": "the mic works bad",
            "entity": "message"
          }
        ],
        "text": "and add that the mic works bad"
      },
      {
        "intent": "support.feedback - context:support-feedback",
        "entities": [
          {
            "start": 9,
            "end": 32,
            "value": "there is a mic  problem",
            "entity": "message"
          }
        ],
        "text": "and that there is a mic  problem"
      },
      {
        "intent": "support.feedback - context:support-feedback",
        "entities": [
          {
            "start": 10,
            "end": 26,
            "value": "I have a problem",
            "entity": "message"
          }
        ],
        "text": "also that I have a problem"
      },
      {
        "intent": "support.feedback",
        "entities": [
          {
            "start": 19,
            "end": 34,
            "value": "I want a refund",
            "entity": "message"
          }
        ],
        "text": "tell your creators I want a refund"
      },
      {
        "intent": "support.feedback",
        "entities": [
          {
            "start": 24,
            "end": 46,
            "value": "do better job with you",
            "entity": "message"
          }
        ],
        "text": "tell your developers to do better job with you"
      },
      {
        "intent": "support.feedback",
        "entities": [
          {
            "start": 21,
            "end": 50,
            "value": "you need to understand better",
            "entity": "message"
          }
        ],
        "text": "tell your developers you need to understand better"
      },
      {
        "intent": "support.feedback",
        "entities": [
          {
            "start": 38,
            "end": 85,
            "value": "you need to start telling people happy birthday",
            "entity": "message"
          }
        ],
        "text": "tell your developers that I said that you need to start telling people happy birthday"
      },
      {
        "intent": "support.feedback",
        "entities": [
          {
            "start": 0,
            "end": 10,
            "value": "I love you",
            "entity": "message"
          }
        ],
        "text": "I love you tell this your developers"
      },
      {
        "intent": "support.feedback",
        "text": "I have feedback for your developers"
      },
      {
        "intent": "support.feedback",
        "text": "tell your developers that"
      },
      {
        "intent": "support.feedback",
        "text": "can you contact your developers for me"
      },
      {
        "intent": "support.feedback",
        "entities": [
          {
            "start": 21,
            "end": 31,
            "value": "I hate you",
            "entity": "message"
          }
        ],
        "text": "tell your developers I hate you"
      },
      {
        "intent": "support.feedback",
        "entities": [
          {
            "start": 26,
            "end": 36,
            "value": "I like you",
            "entity": "message"
          }
        ],
        "text": "tell your developers that I like you"
      },
      {
        "intent": "support.feedback",
        "entities": [
          {
            "start": 32,
            "end": 54,
            "value": "you should fix it asap",
            "entity": "message"
          }
        ],
        "text": "send message to your developers you should fix it asap"
      },
      {
        "intent": "support.feedback",
        "text": "tell your developers"
      },
      {
        "intent": "support.feedback",
        "entities": [
          {
            "start": 21,
            "end": 66,
            "value": "they need to integrate with Google Play Music",
            "entity": "message"
          }
        ],
        "text": "tell your developers they need to integrate with Google Play Music"
      },
      {
        "intent": "support.feedback",
        "entities": [
          {
            "start": 40,
            "end": 50,
            "value": "I like you",
            "entity": "message"
          }
        ],
        "text": "I want you to tell your developers that I like you"
      },
      {
        "intent": "support.feedback",
        "entities": [
          {
            "start": 46,
            "end": 81,
            "value": "what a good job he did creating you",
            "entity": "message"
          }
        ],
        "text": "I want to contact your developer and tell him what a good job he did creating you"
      },
      {
        "intent": "support.feedback",
        "entities": [
          {
            "start": 26,
            "end": 49,
            "value": "you're just like my mom",
            "entity": "message"
          }
        ],
        "text": "tell your developers that you're just like my mom"
      },
      {
        "intent": "support.feedback",
        "text": "message to your creators"
      },
      {
        "intent": "support.feedback",
        "entities": [
          {
            "start": 26,
            "end": 36,
            "value": "I love you",
            "entity": "message"
          }
        ],
        "text": "tell your developers that I love you"
      },
      {
        "intent": "support.feedback",
        "text": "send feedback to your team"
      },
      {
        "intent": "support.feedback",
        "entities": [
          {
            "start": 21,
            "end": 71,
            "value": "it's hard to get you to understand what I'm saying",
            "entity": "message"
          }
        ],
        "text": "tell your developers it's hard to get you to understand what I'm saying"
      },
      {
        "intent": "support.feedback",
        "entities": [
          {
            "start": 24,
            "end": 35,
            "value": "improve you",
            "entity": "message"
          }
        ],
        "text": "tell your developers to improve you"
      },
      {
        "intent": "support.feedback",
        "entities": [
          {
            "start": 21,
            "end": 35,
            "value": "you're awesome",
            "entity": "message"
          }
        ],
        "text": "tell your developers you're awesome"
      },
      {
        "intent": "support.feedback",
        "text": "I want to give you feedback"
      },
      {
        "intent": "support.feedback",
        "entities": [
          {
            "start": 21,
            "end": 34,
            "value": "I'm not happy",
            "entity": "message"
          }
        ],
        "text": "tell your developers I'm not happy"
      },
      {
        "intent": "support.feedback",
        "entities": [
          {
            "start": 26,
            "end": 44,
            "value": "the app is awesome",
            "entity": "message"
          }
        ],
        "text": "message for your creators the app is awesome"
      },
      {
        "intent": "support.feedback",
        "entities": [
          {
            "start": 33,
            "end": 52,
            "value": "keep the great work",
            "entity": "message"
          }
        ],
        "text": "send feedback to your developers keep the great work"
      },
      {
        "intent": "support.feedback",
        "entities": [
          {
            "start": 21,
            "end": 31,
            "value": "I love you",
            "entity": "message"
          }
        ],
        "text": "tell your developers I love you"
      },
      {
        "intent": "support.live_agent",
        "text": "It doesn't help"
      },
      {
        "intent": "support.live_agent",
        "text": "can someone from a real team help me"
      },
      {
        "intent": "support.live_agent",
        "text": "It doesn't help me, I want to ask a real person"
      },
      {
        "intent": "support.live_agent",
        "text": "can I talk to a real person"
      },
      {
        "intent": "support.live_agent",
        "text": "connect me to support team"
      },
      {
        "intent": "support.live_agent",
        "text": "chat with a person"
      },
      {
        "intent": "support.live_agent",
        "text": "connect me with a live agent"
      },
      {
        "intent": "support.problem - context:support-problem",
        "entities": [
          {
            "start": 4,
            "end": 27,
            "value": "caller ID isn't working",
            "entity": "message"
          }
        ],
        "text": "and caller ID isn't working"
      },
      {
        "intent": "support.problem - context:support-problem",
        "entities": [
          {
            "start": 0,
            "end": 3,
            "value": "mic",
            "entity": "message"
          }
        ],
        "text": "mic as well"
      },
      {
        "intent": "support.problem - context:support-problem",
        "entities": [
          {
            "start": 14,
            "end": 34,
            "value": "it only works online",
            "entity": "message"
          }
        ],
        "text": "and also that it only works online"
      },
      {
        "intent": "support.problem - context:support-problem",
        "entities": [
          {
            "start": 9,
            "end": 31,
            "value": "I need an offline mode",
            "entity": "message"
          }
        ],
        "text": "add that I need an offline mode"
      },
      {
        "intent": "support.problem - context:support-problem",
        "entities": [
          {
            "start": 4,
            "end": 22,
            "value": "can't work offline",
            "entity": "message"
          }
        ],
        "text": "add can't work offline"
      },
      {
        "intent": "support.problem - context:support-problem",
        "entities": [
          {
            "start": 4,
            "end": 28,
            "value": "the mic doesn't work too",
            "entity": "message"
          }
        ],
        "text": "and the mic doesn't work too"
      },
      {
        "intent": "support.problem - context:support-problem",
        "entities": [
          {
            "start": 9,
            "end": 12,
            "value": "mic",
            "entity": "message"
          }
        ],
        "text": "and with mic too"
      },
      {
        "intent": "support.problem - context:support-problem",
        "entities": [
          {
            "start": 5,
            "end": 22,
            "value": "mic isn't working",
            "entity": "message"
          }
        ],
        "text": "that mic isn't working"
      },
      {
        "intent": "support.problem - context:support-problem",
        "entities": [
          {
            "start": 10,
            "end": 30,
            "value": "the mic doesn't work",
            "entity": "message"
          }
        ],
        "text": "also that the mic doesn't work"
      },
      {
        "intent": "support.problem - context:support-problem",
        "entities": [
          {
            "start": 4,
            "end": 19,
            "value": "no offline mode",
            "entity": "message"
          }
        ],
        "text": "and no offline mode"
      },
      {
        "intent": "support.problem",
        "entities": [
          {
            "start": 15,
            "end": 39,
            "value": "the widget isn't working",
            "entity": "message"
          }
        ],
        "text": "report problem the widget isn't working"
      },
      {
        "intent": "support.problem",
        "text": "tell your developers about this bug"
      },
      {
        "intent": "support.problem",
        "text": "report bug"
      },
      {
        "intent": "support.problem",
        "text": "tell your developrs they should fix something"
      },
      {
        "intent": "support.problem",
        "text": "tell your developrs they should fix the error"
      },
      {
        "intent": "support.problem",
        "text": "report bug to your developers"
      },
      {
        "intent": "support.problem",
        "text": "send problem to developers"
      },
      {
        "intent": "support.problem",
        "text": "tell your developrs they should solve the problem"
      },
      {
        "intent": "support.problem",
        "text": "I noticed bug"
      },
      {
        "intent": "support.problem",
        "text": "I want to report bug"
      },
      {
        "intent": "support.problem",
        "text": "I'm having problem with this app"
      },
      {
        "intent": "support.problem",
        "text": "tell your developers that you have a bug"
      },
      {
        "intent": "support.problem",
        "text": "I see bugs in you"
      },
      {
        "intent": "support.problem",
        "text": "there are bugs"
      },
      {
        "intent": "support.problem",
        "text": "send a bug report"
      },
      {
        "intent": "support.problem",
        "text": "I need to report a bug that I've found in your application"
      },
      {
        "intent": "support.problem",
        "text": "I want to show error to your developers"
      },
      {
        "intent": "support.problem",
        "text": "I have a problem with your application"
      },
      {
        "intent": "support.problem",
        "text": "I see problems in you"
      },
      {
        "intent": "support.problem",
        "text": "tell your developrs they should fix you"
      },
      {
        "intent": "support.problem",
        "text": "I'm having problem with you"
      },
      {
        "intent": "support.problem",
        "text": "you have bugs everywhere"
      },
      {
        "intent": "support.problem",
        "text": "can you help me to resolve the issue"
      },
      {
        "intent": "support.problem",
        "text": "errors all around you"
      },
      {
        "intent": "support.problem",
        "text": "I need to report a bug that I've found"
      },
      {
        "intent": "support.problem",
        "text": "report bug to developers"
      },
      {
        "intent": "support.problem",
        "entities": [
          {
            "start": 14,
            "end": 22,
            "value": "calendar",
            "entity": "message"
          }
        ],
        "text": "I have bug in calendar"
      },
      {
        "intent": "support.problem",
        "text": "tell about bug"
      },
      {
        "intent": "support.problem",
        "text": "bug report"
      },
      {
        "intent": "support.problem",
        "text": "you are full of problems"
      },
      {
        "intent": "support.problem",
        "entities": [
          {
            "start": 35,
            "end": 68,
            "value": "the voice activation doesn't work",
            "entity": "message"
          }
        ],
        "text": "send bug report to your developers the voice activation doesn't work"
      },
      {
        "intent": "support.problem",
        "text": "send information about bug to your developers"
      },
      {
        "intent": "support.problem",
        "text": "send problem"
      },
      {
        "intent": "support.problem",
        "text": "you have problems in understanding"
      },
      {
        "intent": "support.problem",
        "entities": [
          {
            "start": 22,
            "end": 25,
            "value": "mic",
            "entity": "message"
          }
        ],
        "text": "I have a problem with mic"
      },
      {
        "intent": "support.problem",
        "entities": [
          {
            "start": 20,
            "end": 28,
            "value": "calendar",
            "entity": "message"
          }
        ],
        "text": "I noticed bug about calendar"
      },
      {
        "intent": "support.problem",
        "text": "there is a bug"
      },
      {
        "intent": "support.problem",
        "entities": [
          {
            "start": 11,
            "end": 39,
            "value": "it doesn't work as it should",
            "entity": "message"
          }
        ],
        "text": "report bug it doesn't work as it should"
      },
      {
        "intent": "support.problem",
        "text": "too many bugs in you"
      },
      {
        "intent": "support.problem",
        "text": "report problem"
      },
      {
        "intent": "support.problem",
        "text": "you made mistake"
      },
      {
        "intent": "support.problem",
        "text": "send bug report to your creators"
      },
      {
        "intent": "support.problem",
        "text": "tell your developers about bug"
      },
      {
        "intent": "support.problem",
        "text": "send report about your problems"
      },
      {
        "intent": "support.problem",
        "text": "I want to report error"
      },
      {
        "intent": "support.problem",
        "text": "tell your developers they should fix mistakes"
      },
      {
        "intent": "support.problem",
        "text": "send problem to your developers"
      },
      {
        "intent": "support.problem",
        "text": "send bug"
      },
      {
        "intent": "support.problem",
        "text": "you have problems in your system"
      },
      {
        "intent": "support.problem",
        "text": "you make lots of mistakes"
      },
      {
        "intent": "support.problem",
        "entities": [
          {
            "start": 11,
            "end": 27,
            "value": "it's not working",
            "entity": "message"
          }
        ],
        "text": "report bug it's not working"
      },
      {
        "intent": "support.problem",
        "text": "I've found bugs"
      },
      {
        "intent": "support.problem",
        "text": "there are mistakes in you"
      },
      {
        "intent": "support.problem",
        "text": "I need to report bug"
      },
      {
        "intent": "support.problem",
        "text": "I need to report a bug that I've found in you"
      },
      {
        "intent": "support.problem",
        "text": "your are full of problems"
      },
      {
        "intent": "support.problem",
        "text": "tell your developrs they should solve the issue"
      },
      {
        "intent": "support.problem",
        "text": "I need to report a bug in you"
      },
      {
        "intent": "support.problem",
        "text": "bug in calendar"
      },
      {
        "intent": "support.problem",
        "text": "I want to show errors to your creators"
      },
      {
        "intent": "support.problem",
        "text": "you have problems understanding me"
      },
      {
        "intent": "support.problem",
        "text": "I see bug in you"
      },
      {
        "intent": "support.problem",
        "text": "send error to your developers"
      },
      {
        "intent": "support.refund",
        "text": "refund"
      },
      {
        "intent": "support.refund",
        "text": "I purchased an item by mistake, can I have my money back?"
      },
      {
        "intent": "support.refund",
        "text": "give me back my money"
      },
      {
        "intent": "support.refund",
        "text": "I expect my money back"
      },
      {
        "intent": "support.refund",
        "text": "I've bought a broken item. Return my money"
      },
      {
        "intent": "support.refund",
        "text": "the product I've bought here is failed"
      },
      {
        "intent": "support.refund",
        "text": "how do I get a refund"
      },
      {
        "intent": "support.refund",
        "entities": [
          {
            "start": 38,
            "end": 49,
            "value": "12390283736",
            "entity": "transaction-id"
          }
        ],
        "text": "refund my purchase. Transaction id is 12390283736"
      },
      {
        "intent": "support.refund",
        "text": "I want to request a refund"
      },
      {
        "intent": "support.refund",
        "text": "Your product doesn't meet my expectations I want a refund"
      },
      {
        "intent": "support.refund",
        "entities": [
          {
            "start": 30,
            "end": 39,
            "value": "134567890",
            "entity": "transaction-id"
          }
        ],
        "text": "I want to cancel the purchase 134567890"
      },
      {
        "intent": "support.special_offers",
        "text": "special price"
      },
      {
        "intent": "support.special_offers",
        "text": "current offers"
      },
      {
        "intent": "support.special_offers",
        "text": "any special offers today"
      },
      {
        "intent": "support.special_offers",
        "text": "do you have any discounts"
      },
      {
        "intent": "support.special_offers",
        "text": "today's offer"
      },
      {
        "intent": "support.special_offers",
        "text": "some products are very expensive"
      },
      {
        "intent": "support.special_offers",
        "text": "too expensive for me"
      },
      {
        "intent": "support.special_offers",
        "text": "can I have a discounts"
      },
      {
        "intent": "support.special_offers",
        "text": "do you have special offers"
      },
      {
        "intent": "support.special_offers",
        "text": "it's too expensive for me"
      }
    ],
    "regex_features": [],
    "entity_synonyms": [
      {
        "value": "Ask.fm",
        "synonyms": [
          "askfm"
        ]
      },
      {
        "value": "Facebook",
        "synonyms": [
          "facebook",
          "fb"
        ]
      },
      {
        "value": "Google+",
        "synonyms": [
          "google",
          "google+",
          "google plus"
        ]
      },
      {
        "value": "Twitter",
        "synonyms": [
          "twitter"
        ]
      },
      {
        "value": "Instagram",
        "synonyms": [
          "instagram"
        ]
      }
    ]
  }
}