{
  "rasa_nlu_data": {
    "common_examples": [
      {
        "intent": "weather - context:weather - comment:activity",
        "entities": [
          {
            "start": 3,
            "end": 6,
            "value": "自行车",
            "entity": "activity"
          }
        ],
        "text": "还需要自行车"
      },
      {
        "intent": "weather - context:weather - comment:activity",
        "entities": [
          {
            "start": 2,
            "end": 4,
            "value": "冲浪",
            "entity": "activity"
          }
        ],
        "text": "现在冲浪"
      },
      {
        "intent": "weather - context:weather - comment:activity",
        "entities": [
          {
            "start": 3,
            "end": 5,
            "value": "攀登",
            "entity": "activity"
          }
        ],
        "text": "能不能攀登"
      },
      {
        "intent": "weather - context:weather - comment:activity",
        "entities": [
          {
            "start": 2,
            "end": 4,
            "value": "步行",
            "entity": "activity"
          }
        ],
        "text": "关于步行"
      },
      {
        "intent": "weather - context:weather - comment:activity",
        "entities": [
          {
            "start": 4,
            "end": 7,
            "value": "打雪仗",
            "entity": "activity"
          }
        ],
        "text": "还能不能打雪仗"
      },
      {
        "intent": "weather - context:weather - comment:activity",
        "entities": [
          {
            "start": 3,
            "end": 7,
            "value": "单板滑雪",
            "entity": "activity"
          }
        ],
        "text": "我还要单板滑雪"
      },
      {
        "intent": "weather - context:weather - comment:activity",
        "entities": [
          {
            "start": 2,
            "end": 4,
            "value": "滑雪",
            "entity": "activity"
          }
        ],
        "text": "还要滑雪"
      },
      {
        "intent": "weather - context:weather - comment:activity",
        "entities": [
          {
            "start": 3,
            "end": 6,
            "value": "滑翔伞",
            "entity": "activity"
          }
        ],
        "text": "怎么能滑翔伞"
      },
      {
        "intent": "weather - context:weather - comment:activity",
        "entities": [
          {
            "start": 4,
            "end": 6,
            "value": "跑步",
            "entity": "activity"
          }
        ],
        "text": "我还很想跑步"
      },
      {
        "intent": "weather - context:weather - comment:activity",
        "entities": [
          {
            "start": 3,
            "end": 5,
            "value": "游泳",
            "entity": "activity"
          }
        ],
        "text": "会不会游泳"
      },
      {
        "intent": "weather - context:weather - comment:address & date-time",
        "entities": [
          {
            "start": 2,
            "end": 4,
            "value": "上海",
            "entity": "address"
          },
          {
            "start": 4,
            "end": 6,
            "value": "明天",
            "entity": "date-time"
          }
        ],
        "text": "我要上海明天的"
      },
      {
        "intent": "weather - context:weather - comment:address & date-time",
        "entities": [
          {
            "start": 0,
            "end": 5,
            "value": "下个星期五",
            "entity": "date-time"
          },
          {
            "start": 6,
            "end": 8,
            "value": "南京",
            "entity": "address"
          }
        ],
        "text": "下个星期五在南京"
      },
      {
        "intent": "weather - context:weather - comment:address & date-time",
        "entities": [
          {
            "start": 0,
            "end": 2,
            "value": "明天",
            "entity": "date-time"
          },
          {
            "start": 3,
            "end": 5,
            "value": "北京",
            "entity": "address"
          }
        ],
        "text": "明天在北京"
      },
      {
        "intent": "weather - context:weather - comment:address & date-time",
        "entities": [
          {
            "start": 0,
            "end": 2,
            "value": "沈阳",
            "entity": "address"
          },
          {
            "start": 2,
            "end": 5,
            "value": "五天后",
            "entity": "date-time"
          }
        ],
        "text": "沈阳五天后"
      },
      {
        "intent": "weather - context:weather - comment:address & date-time",
        "entities": [
          {
            "start": 0,
            "end": 4,
            "value": "下星期一",
            "entity": "date-time"
          },
          {
            "start": 5,
            "end": 7,
            "value": "北京",
            "entity": "address"
          }
        ],
        "text": "下星期一在北京呢"
      },
      {
        "intent": "weather - context:weather - comment:address & date-time",
        "entities": [
          {
            "start": 0,
            "end": 2,
            "value": "今天",
            "entity": "date-time"
          },
          {
            "start": 3,
            "end": 5,
            "value": "天津",
            "entity": "address"
          }
        ],
        "text": "今天在天津"
      },
      {
        "intent": "weather - context:weather - comment:address & date-time",
        "entities": [
          {
            "start": 0,
            "end": 2,
            "value": "青岛",
            "entity": "address"
          },
          {
            "start": 2,
            "end": 4,
            "value": "明天",
            "entity": "date-time"
          }
        ],
        "text": "青岛明天"
      },
      {
        "intent": "weather - context:weather - comment:address & date-time",
        "entities": [
          {
            "start": 2,
            "end": 6,
            "value": "下星期日",
            "entity": "date-time"
          },
          {
            "start": 7,
            "end": 9,
            "value": "苏州",
            "entity": "address"
          }
        ],
        "text": "还要下星期日在苏州"
      },
      {
        "intent": "weather - context:weather - comment:address & date-time",
        "entities": [
          {
            "start": 2,
            "end": 5,
            "value": "两天后",
            "entity": "date-time"
          },
          {
            "start": 6,
            "end": 8,
            "value": "上海",
            "entity": "address"
          }
        ],
        "text": "关于两天后在上海"
      },
      {
        "intent": "weather - context:weather - comment:address & date-time",
        "entities": [
          {
            "start": 0,
            "end": 3,
            "value": "三天后",
            "entity": "date-time"
          },
          {
            "start": 4,
            "end": 6,
            "value": "武汉",
            "entity": "address"
          }
        ],
        "text": "三天后在武汉呢"
      },
      {
        "intent": "weather - context:weather - comment:address",
        "entities": [
          {
            "start": 4,
            "end": 6,
            "value": "广州",
            "entity": "address"
          }
        ],
        "text": "告诉我在广州怎么样"
      },
      {
        "intent": "weather - context:weather - comment:address",
        "entities": [
          {
            "start": 4,
            "end": 6,
            "value": "广州",
            "entity": "address"
          }
        ],
        "text": "告诉我在广州"
      },
      {
        "intent": "weather - context:weather - comment:address",
        "entities": [
          {
            "start": 1,
            "end": 3,
            "value": "辽宁",
            "entity": "address"
          }
        ],
        "text": "在辽宁吗"
      },
      {
        "intent": "weather - context:weather - comment:address",
        "entities": [
          {
            "start": 1,
            "end": 3,
            "value": "北京",
            "entity": "address"
          }
        ],
        "text": "在北京"
      },
      {
        "intent": "weather - context:weather - comment:address",
        "entities": [
          {
            "start": 2,
            "end": 4,
            "value": "厦门",
            "entity": "address"
          }
        ],
        "text": "关于厦门"
      },
      {
        "intent": "weather - context:weather - comment:address",
        "entities": [
          {
            "start": 2,
            "end": 4,
            "value": "武汉",
            "entity": "address"
          }
        ],
        "text": "还在武汉呢"
      },
      {
        "intent": "weather - context:weather - comment:address",
        "entities": [
          {
            "start": 1,
            "end": 3,
            "value": "香港",
            "entity": "address"
          }
        ],
        "text": "在香港呢"
      },
      {
        "intent": "weather - context:weather - comment:address",
        "entities": [
          {
            "start": 1,
            "end": 3,
            "value": "杭州",
            "entity": "address"
          }
        ],
        "text": "在杭州"
      },
      {
        "intent": "weather - context:weather - comment:address",
        "entities": [
          {
            "start": 2,
            "end": 4,
            "value": "上海",
            "entity": "address"
          }
        ],
        "text": "还在上海"
      },
      {
        "intent": "weather - context:weather - comment:address",
        "entities": [
          {
            "start": 2,
            "end": 4,
            "value": "宁波",
            "entity": "address"
          }
        ],
        "text": "还在宁波"
      },
      {
        "intent": "weather - context:weather - comment:condition",
        "entities": [
          {
            "start": 4,
            "end": 6,
            "value": "阵雪",
            "entity": "condition"
          }
        ],
        "text": "我还很想阵雪"
      },
      {
        "intent": "weather - context:weather - comment:condition",
        "entities": [
          {
            "start": 2,
            "end": 3,
            "value": "风",
            "entity": "condition"
          }
        ],
        "text": "关于风"
      },
      {
        "intent": "weather - context:weather - comment:condition",
        "entities": [
          {
            "start": 2,
            "end": 4,
            "value": "多风",
            "entity": "condition"
          }
        ],
        "text": "还要多风"
      },
      {
        "intent": "weather - context:weather - comment:condition",
        "entities": [
          {
            "start": 3,
            "end": 5,
            "value": "细雨",
            "entity": "condition"
          }
        ],
        "text": "我还要细雨"
      },
      {
        "intent": "weather - context:weather - comment:condition",
        "entities": [
          {
            "start": 0,
            "end": 2,
            "value": "烟雾",
            "entity": "condition"
          }
        ],
        "text": "烟雾呢"
      },
      {
        "intent": "weather - context:weather - comment:condition",
        "entities": [
          {
            "start": 3,
            "end": 5,
            "value": "雷雨",
            "entity": "condition"
          }
        ],
        "text": "怎么能雷雨"
      },
      {
        "intent": "weather - context:weather - comment:condition",
        "entities": [
          {
            "start": 3,
            "end": 5,
            "value": "多云",
            "entity": "condition"
          }
        ],
        "text": "会不会多云"
      },
      {
        "intent": "weather - context:weather - comment:condition",
        "entities": [
          {
            "start": 3,
            "end": 5,
            "value": "晴朗",
            "entity": "condition"
          }
        ],
        "text": "还需要晴朗"
      },
      {
        "intent": "weather - context:weather - comment:condition",
        "entities": [
          {
            "start": 4,
            "end": 6,
            "value": "太阳",
            "entity": "condition"
          }
        ],
        "text": "还能不能太阳"
      },
      {
        "intent": "weather - context:weather - comment:condition",
        "entities": [
          {
            "start": 2,
            "end": 4,
            "value": "下雨",
            "entity": "condition"
          }
        ],
        "text": "现在下雨"
      },
      {
        "intent": "weather - context:weather - comment:condition",
        "entities": [
          {
            "start": 3,
            "end": 5,
            "value": "雷暴",
            "entity": "condition"
          }
        ],
        "text": "能不能雷暴"
      },
      {
        "intent": "weather - context:weather - comment:date time",
        "entities": [
          {
            "start": 4,
            "end": 6,
            "value": "明天",
            "entity": "date-time"
          }
        ],
        "text": "还能不能明天"
      },
      {
        "intent": "weather - context:weather - comment:date time",
        "entities": [
          {
            "start": 3,
            "end": 8,
            "value": "下个星期日",
            "entity": "date-time"
          }
        ],
        "text": "怎么能下个星期日"
      },
      {
        "intent": "weather - context:weather - comment:date time",
        "entities": [
          {
            "start": 3,
            "end": 5,
            "value": "昨天",
            "entity": "date-time"
          }
        ],
        "text": "还需要昨天"
      },
      {
        "intent": "weather - context:weather - comment:date time",
        "entities": [
          {
            "start": 3,
            "end": 5,
            "value": "昨天",
            "entity": "date-time"
          }
        ],
        "text": "我还要昨天"
      },
      {
        "intent": "weather - context:weather - comment:date time",
        "entities": [
          {
            "start": 0,
            "end": 2,
            "value": "明天",
            "entity": "date-time"
          }
        ],
        "text": "明天"
      },
      {
        "intent": "weather - context:weather - comment:date time",
        "entities": [
          {
            "start": 4,
            "end": 8,
            "value": "一月一号",
            "entity": "date-time"
          }
        ],
        "text": "我还很想一月一号"
      },
      {
        "intent": "weather - context:weather - comment:date time",
        "entities": [
          {
            "start": 2,
            "end": 4,
            "value": "明天",
            "entity": "date-time"
          }
        ],
        "text": "关于明天"
      },
      {
        "intent": "weather - context:weather - comment:date time",
        "entities": [
          {
            "start": 0,
            "end": 3,
            "value": "星期六",
            "entity": "date-time"
          }
        ],
        "text": "星期六呢"
      },
      {
        "intent": "weather - context:weather - comment:date time",
        "entities": [
          {
            "start": 2,
            "end": 4,
            "value": "明天",
            "entity": "date-time"
          }
        ],
        "text": "现在明天"
      },
      {
        "intent": "weather - context:weather - comment:date time",
        "entities": [
          {
            "start": 2,
            "end": 5,
            "value": "两天后",
            "entity": "date-time"
          }
        ],
        "text": "关于两天后"
      },
      {
        "intent": "weather - context:weather - comment:date time",
        "entities": [
          {
            "start": 3,
            "end": 5,
            "value": "前天",
            "entity": "date-time"
          }
        ],
        "text": "会不会前天"
      },
      {
        "intent": "weather - context:weather - comment:date time",
        "entities": [
          {
            "start": 2,
            "end": 5,
            "value": "三天前",
            "entity": "date-time"
          }
        ],
        "text": "还要三天前"
      },
      {
        "intent": "weather - context:weather - comment:date time",
        "entities": [
          {
            "start": 3,
            "end": 7,
            "value": "下星期五",
            "entity": "date-time"
          }
        ],
        "text": "能不能下星期五"
      },
      {
        "intent": "weather - context:weather - comment:date time",
        "entities": [
          {
            "start": 2,
            "end": 4,
            "value": "明天",
            "entity": "date-time"
          }
        ],
        "text": "还要明天"
      },
      {
        "intent": "weather - context:weather - comment:outfit",
        "entities": [
          {
            "start": 4,
            "end": 6,
            "value": "毛衣",
            "entity": "outfit"
          }
        ],
        "text": "我还要穿毛衣"
      },
      {
        "intent": "weather - context:weather - comment:outfit",
        "entities": [
          {
            "start": 2,
            "end": 5,
            "value": "胶皮靴",
            "entity": "outfit"
          }
        ],
        "text": "关于胶皮靴"
      },
      {
        "intent": "weather - context:weather - comment:outfit",
        "entities": [
          {
            "start": 4,
            "end": 6,
            "value": "围巾",
            "entity": "outfit"
          }
        ],
        "text": "怎么能穿围巾"
      },
      {
        "intent": "weather - context:weather - comment:outfit",
        "entities": [
          {
            "start": 4,
            "end": 6,
            "value": "雨裤",
            "entity": "outfit"
          }
        ],
        "text": "会不会穿雨裤"
      },
      {
        "intent": "weather - context:weather - comment:outfit",
        "entities": [
          {
            "start": 4,
            "end": 6,
            "value": "墨镜",
            "entity": "outfit"
          }
        ],
        "text": "能不能穿墨镜"
      },
      {
        "intent": "weather - context:weather - comment:outfit",
        "entities": [
          {
            "start": 5,
            "end": 8,
            "value": "毛线帽",
            "entity": "outfit"
          }
        ],
        "text": "我还很想穿毛线帽"
      },
      {
        "intent": "weather - context:weather - comment:outfit",
        "entities": [
          {
            "start": 4,
            "end": 6,
            "value": "雨伞",
            "entity": "outfit"
          }
        ],
        "text": "还需要带雨伞吗"
      },
      {
        "intent": "weather - context:weather - comment:outfit",
        "entities": [
          {
            "start": 5,
            "end": 8,
            "value": "防晒霜",
            "entity": "outfit"
          }
        ],
        "text": "还能不能穿防晒霜"
      },
      {
        "intent": "weather - context:weather - comment:outfit",
        "entities": [
          {
            "start": 0,
            "end": 2,
            "value": "雨衣",
            "entity": "outfit"
          }
        ],
        "text": "雨衣"
      },
      {
        "intent": "weather - context:weather - comment:outfit",
        "entities": [
          {
            "start": 3,
            "end": 5,
            "value": "手套",
            "entity": "outfit"
          }
        ],
        "text": "还要穿手套"
      },
      {
        "intent": "weather - context:weather - comment:outfit",
        "entities": [
          {
            "start": 2,
            "end": 4,
            "value": "雨衣",
            "entity": "outfit"
          }
        ],
        "text": "关于雨衣"
      },
      {
        "intent": "weather - context:weather - comment:outfit",
        "entities": [
          {
            "start": 4,
            "end": 6,
            "value": "夹克",
            "entity": "outfit"
          }
        ],
        "text": "现在要穿夹克吗"
      },
      {
        "intent": "weather.activity",
        "entities": [
          {
            "start": 1,
            "end": 3,
            "value": "杭州",
            "entity": "address"
          },
          {
            "start": 7,
            "end": 9,
            "value": "雪橇",
            "entity": "activity"
          }
        ],
        "text": "在杭州会不会去雪橇"
      },
      {
        "intent": "weather.activity",
        "entities": [
          {
            "start": 0,
            "end": 3,
            "value": "五天前",
            "entity": "date-time"
          },
          {
            "start": 4,
            "end": 6,
            "value": "青岛",
            "entity": "address"
          },
          {
            "start": 11,
            "end": 13,
            "value": "风筝",
            "entity": "activity"
          }
        ],
        "text": "五天前在青岛里面可能去风筝吗"
      },
      {
        "intent": "weather.activity",
        "entities": [
          {
            "start": 0,
            "end": 2,
            "value": "明天",
            "entity": "date-time"
          },
          {
            "start": 3,
            "end": 5,
            "value": "深圳",
            "entity": "address"
          },
          {
            "start": 9,
            "end": 11,
            "value": "跑步",
            "entity": "activity"
          }
        ],
        "text": "明天在深圳我很想去跑步"
      },
      {
        "intent": "weather.activity",
        "entities": [
          {
            "start": 0,
            "end": 2,
            "value": "明天",
            "entity": "date-time"
          },
          {
            "start": 2,
            "end": 4,
            "value": "上海",
            "entity": "address"
          },
          {
            "start": 5,
            "end": 7,
            "value": "步行",
            "entity": "activity"
          }
        ],
        "text": "明天上海会步行吗"
      },
      {
        "intent": "weather.activity",
        "entities": [
          {
            "start": 0,
            "end": 5,
            "value": "两个星期后",
            "entity": "date-time"
          },
          {
            "start": 6,
            "end": 8,
            "value": "武汉",
            "entity": "address"
          },
          {
            "start": 11,
            "end": 14,
            "value": "皮划艇",
            "entity": "activity"
          }
        ],
        "text": "两个星期后在武汉可能去皮划艇吗"
      },
      {
        "intent": "weather.activity",
        "entities": [
          {
            "start": 0,
            "end": 2,
            "value": "明天",
            "entity": "date-time"
          },
          {
            "start": 8,
            "end": 11,
            "value": "打雪仗",
            "entity": "activity"
          }
        ],
        "text": "明天我们会不会去打雪仗吗"
      },
      {
        "intent": "weather.activity",
        "entities": [
          {
            "start": 0,
            "end": 3,
            "value": "新加坡",
            "entity": "address"
          },
          {
            "start": 6,
            "end": 8,
            "value": "滑板",
            "entity": "activity"
          }
        ],
        "text": "新加坡会不会滑板"
      },
      {
        "intent": "weather.activity",
        "entities": [
          {
            "start": 0,
            "end": 2,
            "value": "明天",
            "entity": "date-time"
          },
          {
            "start": 6,
            "end": 10,
            "value": "徒步旅行",
            "entity": "activity"
          }
        ],
        "text": "明天会不会去徒步旅行吗"
      },
      {
        "intent": "weather.activity",
        "entities": [
          {
            "start": 0,
            "end": 2,
            "value": "明天",
            "entity": "date-time"
          },
          {
            "start": 3,
            "end": 5,
            "value": "深圳",
            "entity": "address"
          },
          {
            "start": 9,
            "end": 13,
            "value": "风筝冲浪",
            "entity": "activity"
          }
        ],
        "text": "明天在深圳会不会去风筝冲浪吗"
      },
      {
        "intent": "weather.activity",
        "entities": [
          {
            "start": 0,
            "end": 2,
            "value": "后天",
            "entity": "date-time"
          },
          {
            "start": 5,
            "end": 7,
            "value": "冲浪",
            "entity": "activity"
          }
        ],
        "text": "后天我行去冲浪"
      },
      {
        "intent": "weather.activity",
        "entities": [
          {
            "start": 11,
            "end": 13,
            "value": "飞盘",
            "entity": "activity"
          }
        ],
        "text": "现在的天气适合在户外玩飞盘吗？"
      },
      {
        "intent": "weather.activity",
        "entities": [
          {
            "start": 0,
            "end": 2,
            "value": "明天",
            "entity": "date-time"
          },
          {
            "start": 3,
            "end": 5,
            "value": "游泳",
            "entity": "activity"
          }
        ],
        "text": "明天会游泳吗"
      },
      {
        "intent": "weather.activity",
        "entities": [
          {
            "start": 0,
            "end": 2,
            "value": "今天",
            "entity": "date-time"
          },
          {
            "start": 3,
            "end": 5,
            "value": "台北",
            "entity": "address"
          },
          {
            "start": 7,
            "end": 9,
            "value": "风筝",
            "entity": "activity"
          }
        ],
        "text": "今天在台北我会风筝吗"
      },
      {
        "intent": "weather.activity",
        "entities": [
          {
            "start": 0,
            "end": 2,
            "value": "明天",
            "entity": "date-time"
          },
          {
            "start": 3,
            "end": 5,
            "value": "广州",
            "entity": "address"
          },
          {
            "start": 7,
            "end": 9,
            "value": "攀登",
            "entity": "activity"
          }
        ],
        "text": "明天在广州可以攀登吗"
      },
      {
        "intent": "weather.activity",
        "entities": [
          {
            "start": 0,
            "end": 2,
            "value": "明天",
            "entity": "date-time"
          },
          {
            "start": 5,
            "end": 7,
            "value": "露营",
            "entity": "activity"
          }
        ],
        "text": "明天可以去露营吗"
      },
      {
        "intent": "weather.activity",
        "entities": [
          {
            "start": 0,
            "end": 3,
            "value": "两天后",
            "entity": "date-time"
          },
          {
            "start": 6,
            "end": 9,
            "value": "滑翔伞",
            "entity": "activity"
          }
        ],
        "text": "两天后会不会滑翔伞吗"
      },
      {
        "intent": "weather.activity",
        "entities": [
          {
            "start": 0,
            "end": 4,
            "value": "三月三号",
            "entity": "date-time"
          },
          {
            "start": 7,
            "end": 9,
            "value": "冲浪",
            "entity": "activity"
          }
        ],
        "text": "三月三号会不会冲浪"
      },
      {
        "intent": "weather.activity",
        "entities": [
          {
            "start": 0,
            "end": 2,
            "value": "明天",
            "entity": "date-time"
          },
          {
            "start": 12,
            "end": 14,
            "value": "冲浪",
            "entity": "activity"
          }
        ],
        "text": "明天我跟我的朋友一起想去冲浪可以吗吗"
      },
      {
        "intent": "weather.activity",
        "entities": [
          {
            "start": 0,
            "end": 4,
            "value": "下星期日",
            "entity": "date-time"
          },
          {
            "start": 5,
            "end": 8,
            "value": "新加坡",
            "entity": "address"
          },
          {
            "start": 13,
            "end": 16,
            "value": "打雪仗",
            "entity": "activity"
          }
        ],
        "text": "下星期日在新加坡可以不可以打雪仗"
      },
      {
        "intent": "weather.activity",
        "entities": [
          {
            "start": 0,
            "end": 2,
            "value": "今天",
            "entity": "date-time"
          },
          {
            "start": 5,
            "end": 9,
            "value": "单板滑雪",
            "entity": "activity"
          }
        ],
        "text": "今天会不会单板滑雪吗"
      },
      {
        "intent": "weather.activity",
        "entities": [
          {
            "start": 0,
            "end": 2,
            "value": "今天",
            "entity": "date-time"
          },
          {
            "start": 4,
            "end": 6,
            "value": "冲浪",
            "entity": "activity"
          }
        ],
        "text": "今天要去冲浪"
      },
      {
        "intent": "weather.activity",
        "entities": [
          {
            "start": 6,
            "end": 10,
            "value": "徒步旅行",
            "entity": "activity"
          }
        ],
        "text": "现在适合出去徒步旅行吗？"
      },
      {
        "intent": "weather.activity",
        "entities": [
          {
            "start": 0,
            "end": 2,
            "value": "北京",
            "entity": "address"
          },
          {
            "start": 8,
            "end": 10,
            "value": "滑雪",
            "entity": "activity"
          }
        ],
        "text": "北京里面会不会去滑雪"
      },
      {
        "intent": "weather.condition",
        "entities": [
          {
            "start": 2,
            "end": 4,
            "value": "晚上",
            "entity": "date-time"
          },
          {
            "start": 5,
            "end": 7,
            "value": "下雨",
            "entity": "condition"
          }
        ],
        "text": "稍后晚上会下雨吗"
      },
      {
        "intent": "weather.condition",
        "entities": [
          {
            "start": 0,
            "end": 2,
            "value": "北京",
            "entity": "address"
          },
          {
            "start": 7,
            "end": 9,
            "value": "阴雨",
            "entity": "condition"
          }
        ],
        "text": "北京里面会不会阴雨"
      },
      {
        "intent": "weather.condition",
        "entities": [
          {
            "start": 0,
            "end": 3,
            "value": "三天后",
            "entity": "date-time"
          },
          {
            "start": 3,
            "end": 5,
            "value": "杭州",
            "entity": "address"
          },
          {
            "start": 5,
            "end": 7,
            "value": "多云",
            "entity": "condition"
          }
        ],
        "text": "三天后杭州多云吗"
      },
      {
        "intent": "weather.condition",
        "entities": [
          {
            "start": 0,
            "end": 4,
            "value": "十月三号",
            "entity": "date-time"
          },
          {
            "start": 4,
            "end": 6,
            "value": "沈阳",
            "entity": "address"
          },
          {
            "start": 7,
            "end": 9,
            "value": "下雨",
            "entity": "condition"
          }
        ],
        "text": "十月三号沈阳会下雨吗"
      },
      {
        "intent": "weather.condition",
        "entities": [
          {
            "start": 0,
            "end": 2,
            "value": "今天",
            "entity": "date-time"
          },
          {
            "start": 5,
            "end": 7,
            "value": "晴朗",
            "entity": "condition"
          }
        ],
        "text": "今天会不会晴朗吗"
      },
      {
        "intent": "weather.condition",
        "entities": [
          {
            "start": 0,
            "end": 2,
            "value": "天津",
            "entity": "address"
          },
          {
            "start": 7,
            "end": 9,
            "value": "风暴",
            "entity": "condition"
          }
        ],
        "text": "天津里面会不会风暴"
      },
      {
        "intent": "weather.condition",
        "entities": [
          {
            "start": 0,
            "end": 3,
            "value": "五天后",
            "entity": "date-time"
          },
          {
            "start": 3,
            "end": 5,
            "value": "广州",
            "entity": "address"
          },
          {
            "start": 8,
            "end": 10,
            "value": "雷暴",
            "entity": "condition"
          }
        ],
        "text": "五天后广州会不会雷暴吗"
      },
      {
        "intent": "weather.condition",
        "entities": [
          {
            "start": 0,
            "end": 3,
            "value": "两天前",
            "entity": "date-time"
          },
          {
            "start": 3,
            "end": 5,
            "value": "冻雨",
            "entity": "condition"
          }
        ],
        "text": "两天前冻雨吗"
      },
      {
        "intent": "weather.condition",
        "entities": [
          {
            "start": 0,
            "end": 6,
            "value": "一个星期以后",
            "entity": "date-time"
          },
          {
            "start": 7,
            "end": 9,
            "value": "上海",
            "entity": "address"
          },
          {
            "start": 9,
            "end": 11,
            "value": "雪域",
            "entity": "condition"
          }
        ],
        "text": "一个星期以后在上海雪域吗"
      },
      {
        "intent": "weather.condition",
        "entities": [
          {
            "start": 0,
            "end": 2,
            "value": "明天",
            "entity": "date-time"
          },
          {
            "start": 2,
            "end": 4,
            "value": "阵雪",
            "entity": "condition"
          }
        ],
        "text": "明天阵雪吗"
      },
      {
        "intent": "weather.condition",
        "entities": [
          {
            "start": 0,
            "end": 2,
            "value": "明天",
            "entity": "date-time"
          },
          {
            "start": 2,
            "end": 4,
            "value": "青岛",
            "entity": "address"
          },
          {
            "start": 7,
            "end": 9,
            "value": "刮风",
            "entity": "condition"
          }
        ],
        "text": "明天青岛会不会刮风吗"
      },
      {
        "intent": "weather.condition",
        "entities": [
          {
            "start": 0,
            "end": 2,
            "value": "明天",
            "entity": "date-time"
          },
          {
            "start": 2,
            "end": 6,
            "value": "冰冻小雨",
            "entity": "condition"
          }
        ],
        "text": "明天冰冻小雨吗"
      },
      {
        "intent": "weather.condition",
        "entities": [
          {
            "start": 0,
            "end": 2,
            "value": "明天",
            "entity": "date-time"
          },
          {
            "start": 5,
            "end": 7,
            "value": "雷雨",
            "entity": "condition"
          }
        ],
        "text": "明天会不会雷雨吗"
      },
      {
        "intent": "weather.condition",
        "entities": [
          {
            "start": 0,
            "end": 2,
            "value": "今天",
            "entity": "date-time"
          },
          {
            "start": 5,
            "end": 7,
            "value": "降雨",
            "entity": "condition"
          }
        ],
        "text": "今天会不会降雨吗"
      },
      {
        "intent": "weather.condition",
        "entities": [
          {
            "start": 0,
            "end": 2,
            "value": "今天",
            "entity": "date-time"
          },
          {
            "start": 2,
            "end": 4,
            "value": "下雨",
            "entity": "condition"
          }
        ],
        "text": "今天下雨吗"
      },
      {
        "intent": "weather.condition",
        "entities": [
          {
            "start": 0,
            "end": 2,
            "value": "今天",
            "entity": "date-time"
          },
          {
            "start": 2,
            "end": 4,
            "value": "风暴",
            "entity": "condition"
          }
        ],
        "text": "今天风暴吗"
      },
      {
        "intent": "weather.condition",
        "entities": [
          {
            "start": 0,
            "end": 4,
            "value": "一月一号",
            "entity": "date-time"
          },
          {
            "start": 6,
            "end": 8,
            "value": "晴朗",
            "entity": "condition"
          }
        ],
        "text": "一月一号天气晴朗"
      },
      {
        "intent": "weather.condition",
        "entities": [
          {
            "start": 0,
            "end": 2,
            "value": "明天",
            "entity": "date-time"
          },
          {
            "start": 3,
            "end": 5,
            "value": "台北",
            "entity": "address"
          },
          {
            "start": 6,
            "end": 8,
            "value": "阴雨",
            "entity": "condition"
          }
        ],
        "text": "明天在台北会阴雨吗"
      },
      {
        "intent": "weather.condition",
        "entities": [
          {
            "start": 0,
            "end": 2,
            "value": "后天",
            "entity": "date-time"
          },
          {
            "start": 2,
            "end": 4,
            "value": "武汉",
            "entity": "address"
          },
          {
            "start": 6,
            "end": 8,
            "value": "太阳",
            "entity": "condition"
          }
        ],
        "text": "后天武汉里面太阳吗"
      },
      {
        "intent": "weather.condition",
        "entities": [
          {
            "start": 0,
            "end": 2,
            "value": "后天",
            "entity": "date-time"
          },
          {
            "start": 2,
            "end": 4,
            "value": "郑州",
            "entity": "address"
          },
          {
            "start": 4,
            "end": 6,
            "value": "下雨",
            "entity": "condition"
          }
        ],
        "text": "后天郑州下雨吗"
      },
      {
        "intent": "weather.condition",
        "entities": [
          {
            "start": 0,
            "end": 2,
            "value": "今天",
            "entity": "date-time"
          },
          {
            "start": 3,
            "end": 5,
            "value": "烟雾",
            "entity": "condition"
          }
        ],
        "text": "今天会烟雾吗"
      },
      {
        "intent": "weather.condition",
        "entities": [
          {
            "start": 0,
            "end": 2,
            "value": "苏州",
            "entity": "address"
          },
          {
            "start": 4,
            "end": 6,
            "value": "多风",
            "entity": "condition"
          }
        ],
        "text": "苏州里面多风吗"
      },
      {
        "intent": "weather.condition",
        "entities": [
          {
            "start": 0,
            "end": 5,
            "value": "两个星期后",
            "entity": "date-time"
          },
          {
            "start": 5,
            "end": 7,
            "value": "宁波",
            "entity": "address"
          },
          {
            "start": 12,
            "end": 14,
            "value": "下雨",
            "entity": "condition"
          }
        ],
        "text": "两个星期后宁波里面会不会下雨吗"
      },
      {
        "intent": "weather",
        "entities": [
          {
            "start": 2,
            "end": 5,
            "value": "摄氏度",
            "entity": "unit"
          }
        ],
        "text": "用着摄氏度显示天气"
      },
      {
        "intent": "weather",
        "entities": [
          {
            "start": 0,
            "end": 2,
            "value": "昨天",
            "entity": "date-time"
          }
        ],
        "text": "昨天几度"
      },
      {
        "intent": "weather",
        "entities": [
          {
            "start": 0,
            "end": 3,
            "value": "9/4",
            "entity": "date-time"
          }
        ],
        "text": "9/4天气如何"
      },
      {
        "intent": "weather",
        "entities": [
          {
            "start": 0,
            "end": 2,
            "value": "明天",
            "entity": "date-time"
          },
          {
            "start": 6,
            "end": 9,
            "value": "摄氏度",
            "entity": "unit"
          }
        ],
        "text": "明天天气多少摄氏度"
      },
      {
        "intent": "weather",
        "entities": [
          {
            "start": 0,
            "end": 2,
            "value": "上海",
            "entity": "address"
          }
        ],
        "text": "上海什么天气"
      },
      {
        "intent": "weather",
        "entities": [
          {
            "start": 9,
            "end": 11,
            "value": "香港",
            "entity": "address"
          }
        ],
        "text": "不好意思可以帮我查香港的天气"
      },
      {
        "intent": "weather",
        "entities": [
          {
            "start": 0,
            "end": 2,
            "value": "明天",
            "entity": "date-time"
          },
          {
            "start": 2,
            "end": 4,
            "value": "台北",
            "entity": "address"
          }
        ],
        "text": "明天台北天气"
      },
      {
        "intent": "weather",
        "entities": [
          {
            "start": 0,
            "end": 2,
            "value": "今天",
            "entity": "date-time"
          },
          {
            "start": 2,
            "end": 4,
            "value": "台北",
            "entity": "address"
          }
        ],
        "text": "今天台北的天气如何"
      },
      {
        "intent": "weather",
        "entities": [
          {
            "start": 0,
            "end": 3,
            "value": "三天后",
            "entity": "date-time"
          },
          {
            "start": 3,
            "end": 5,
            "value": "台北",
            "entity": "address"
          }
        ],
        "text": "三天后台北的天气"
      },
      {
        "intent": "weather",
        "entities": [
          {
            "start": 0,
            "end": 2,
            "value": "北京",
            "entity": "address"
          },
          {
            "start": 2,
            "end": 4,
            "value": "今天",
            "entity": "date-time"
          }
        ],
        "text": "北京今天的天气如何"
      },
      {
        "intent": "weather",
        "entities": [
          {
            "start": 0,
            "end": 2,
            "value": "杭州",
            "entity": "address"
          },
          {
            "start": 2,
            "end": 4,
            "value": "今天",
            "entity": "date-time"
          }
        ],
        "text": "杭州今天的天气怎么样"
      },
      {
        "intent": "weather",
        "entities": [
          {
            "start": 0,
            "end": 5,
            "value": "下个星期五",
            "entity": "date-time"
          },
          {
            "start": 5,
            "end": 7,
            "value": "台北",
            "entity": "address"
          }
        ],
        "text": "下个星期五台北是不是天气好吗"
      },
      {
        "intent": "weather",
        "text": "天气"
      },
      {
        "intent": "weather",
        "entities": [
          {
            "start": 0,
            "end": 2,
            "value": "今天",
            "entity": "date-time"
          },
          {
            "start": 2,
            "end": 4,
            "value": "台北",
            "entity": "address"
          }
        ],
        "text": "今天台北天气如何"
      },
      {
        "intent": "weather",
        "entities": [
          {
            "start": 0,
            "end": 2,
            "value": "今天",
            "entity": "date-time"
          }
        ],
        "text": "今天天气"
      },
      {
        "intent": "weather",
        "entities": [
          {
            "start": 0,
            "end": 2,
            "value": "厦门",
            "entity": "address"
          }
        ],
        "text": "厦门啥天气"
      },
      {
        "intent": "weather",
        "entities": [
          {
            "start": 0,
            "end": 2,
            "value": "今天",
            "entity": "date-time"
          },
          {
            "start": 2,
            "end": 4,
            "value": "上海",
            "entity": "address"
          }
        ],
        "text": "今天上海的天气"
      },
      {
        "intent": "weather",
        "entities": [
          {
            "start": 0,
            "end": 3,
            "value": "两天前",
            "entity": "date-time"
          },
          {
            "start": 3,
            "end": 5,
            "value": "上海",
            "entity": "address"
          }
        ],
        "text": "两天前上海的天气如何"
      },
      {
        "intent": "weather",
        "entities": [
          {
            "start": 0,
            "end": 2,
            "value": "昨天",
            "entity": "date-time"
          }
        ],
        "text": "昨天什么天气"
      },
      {
        "intent": "weather",
        "entities": [
          {
            "start": 0,
            "end": 2,
            "value": "今天",
            "entity": "date-time"
          },
          {
            "start": 2,
            "end": 5,
            "value": "台北市",
            "entity": "address"
          }
        ],
        "text": "今天台北市的天气如何"
      },
      {
        "intent": "weather",
        "entities": [
          {
            "start": 0,
            "end": 2,
            "value": "今天",
            "entity": "date-time"
          }
        ],
        "text": "今天台中天气如何"
      },
      {
        "intent": "weather.outfit",
        "entities": [
          {
            "start": 0,
            "end": 2,
            "value": "明天",
            "entity": "date-time"
          },
          {
            "start": 2,
            "end": 4,
            "value": "北京",
            "entity": "address"
          },
          {
            "start": 10,
            "end": 12,
            "value": "雨衣",
            "entity": "outfit"
          }
        ],
        "text": "明天北京我需要不需要雨衣"
      },
      {
        "intent": "weather.outfit",
        "entities": [
          {
            "start": 0,
            "end": 4,
            "value": "下星期日",
            "entity": "date-time"
          },
          {
            "start": 4,
            "end": 6,
            "value": "北京",
            "entity": "address"
          },
          {
            "start": 10,
            "end": 13,
            "value": "毛线帽",
            "entity": "outfit"
          }
        ],
        "text": "下星期日北京外边需要毛线帽吗"
      },
      {
        "intent": "weather.outfit",
        "entities": [
          {
            "start": 0,
            "end": 2,
            "value": "明天",
            "entity": "date-time"
          },
          {
            "start": 5,
            "end": 7,
            "value": "手套",
            "entity": "outfit"
          }
        ],
        "text": "明天要不要手套"
      },
      {
        "intent": "weather.outfit",
        "entities": [
          {
            "start": 6,
            "end": 8,
            "value": "雨裤",
            "entity": "outfit"
          }
        ],
        "text": "我需要不需要雨裤"
      },
      {
        "intent": "weather.outfit",
        "entities": [
          {
            "start": 3,
            "end": 5,
            "value": "外套",
            "entity": "outfit"
          }
        ],
        "text": "我该穿外套吗"
      },
      {
        "intent": "weather.outfit",
        "entities": [
          {
            "start": 5,
            "end": 7,
            "value": "外衣",
            "entity": "outfit"
          }
        ],
        "text": "去外边要穿外衣吗"
      },
      {
        "intent": "weather.outfit",
        "entities": [
          {
            "start": 5,
            "end": 7,
            "value": "夹克",
            "entity": "outfit"
          }
        ],
        "text": "去外边要带夹克吗"
      },
      {
        "intent": "weather.outfit",
        "entities": [
          {
            "start": 0,
            "end": 2,
            "value": "今天",
            "entity": "date-time"
          },
          {
            "start": 7,
            "end": 10,
            "value": "薄毛衣",
            "entity": "outfit"
          }
        ],
        "text": "今天去外边要穿薄毛衣吗"
      },
      {
        "intent": "weather.outfit",
        "entities": [
          {
            "start": 0,
            "end": 2,
            "value": "今天",
            "entity": "date-time"
          },
          {
            "start": 2,
            "end": 4,
            "value": "北京",
            "entity": "address"
          },
          {
            "start": 9,
            "end": 12,
            "value": "羊毛袜",
            "entity": "outfit"
          }
        ],
        "text": "今天北京去外边要带羊毛袜吗"
      },
      {
        "intent": "weather.outfit",
        "entities": [
          {
            "start": 0,
            "end": 2,
            "value": "明天",
            "entity": "date-time"
          },
          {
            "start": 7,
            "end": 9,
            "value": "雨伞",
            "entity": "outfit"
          }
        ],
        "text": "明天去外边要带雨伞吗"
      },
      {
        "intent": "weather.outfit",
        "entities": [
          {
            "start": 0,
            "end": 4,
            "value": "三月五号",
            "entity": "date-time"
          },
          {
            "start": 4,
            "end": 6,
            "value": "北京",
            "entity": "address"
          },
          {
            "start": 11,
            "end": 13,
            "value": "外衣",
            "entity": "outfit"
          }
        ],
        "text": "三月五号北京去外边要穿外衣吗"
      },
      {
        "intent": "weather.outfit",
        "entities": [
          {
            "start": 0,
            "end": 3,
            "value": "两天后",
            "entity": "date-time"
          },
          {
            "start": 9,
            "end": 11,
            "value": "雨裤",
            "entity": "outfit"
          }
        ],
        "text": "两天后我需要不需要雨裤"
      },
      {
        "intent": "weather.outfit",
        "entities": [
          {
            "start": 0,
            "end": 5,
            "value": "下个星期五",
            "entity": "date-time"
          },
          {
            "start": 7,
            "end": 9,
            "value": "厦门",
            "entity": "address"
          },
          {
            "start": 12,
            "end": 13,
            "value": "伞",
            "entity": "outfit"
          }
        ],
        "text": "下个星期五我在厦门需要带伞吗"
      },
      {
        "intent": "weather.outfit",
        "entities": [
          {
            "start": 4,
            "end": 6,
            "value": "雨伞",
            "entity": "outfit"
          }
        ],
        "text": "外边需要雨伞吗"
      },
      {
        "intent": "weather.outfit",
        "entities": [
          {
            "start": 0,
            "end": 4,
            "value": "下星期一",
            "entity": "date-time"
          },
          {
            "start": 8,
            "end": 10,
            "value": "墨镜",
            "entity": "outfit"
          }
        ],
        "text": "下星期一外边需要墨镜吗"
      },
      {
        "intent": "weather.temperature",
        "entities": [
          {
            "start": 7,
            "end": 8,
            "value": "冷",
            "entity": "temperature"
          }
        ],
        "text": "你知道现在外面冷不冷"
      },
      {
        "intent": "weather.temperature",
        "entities": [
          {
            "start": 0,
            "end": 2,
            "value": "明天",
            "entity": "date-time"
          },
          {
            "start": 7,
            "end": 9,
            "value": "温和",
            "entity": "temperature"
          }
        ],
        "text": "明天的天气会很温和吗"
      },
      {
        "intent": "weather.temperature",
        "entities": [
          {
            "start": 0,
            "end": 2,
            "value": "今天",
            "entity": "date-time"
          },
          {
            "start": 5,
            "end": 6,
            "value": "热",
            "entity": "temperature"
          }
        ],
        "text": "今天天气很热耶"
      },
      {
        "intent": "weather.temperature",
        "entities": [
          {
            "start": 0,
            "end": 2,
            "value": "上海",
            "entity": "address"
          }
        ],
        "text": "上海啥温度"
      },
      {
        "intent": "weather.temperature",
        "entities": [
          {
            "start": 0,
            "end": 5,
            "value": "台南市南区",
            "entity": "address"
          }
        ],
        "text": "台南市南区现在几度"
      },
      {
        "intent": "weather.temperature",
        "entities": [
          {
            "start": 6,
            "end": 8,
            "value": "凉快",
            "entity": "temperature"
          }
        ],
        "text": "天气是不是很凉快"
      },
      {
        "intent": "weather.temperature",
        "entities": [
          {
            "start": 5,
            "end": 7,
            "value": "今天",
            "entity": "date-time"
          }
        ],
        "text": "就让你问他今天天气几度"
      },
      {
        "intent": "weather.temperature",
        "entities": [
          {
            "start": 10,
            "end": 11,
            "value": "冷",
            "entity": "temperature"
          }
        ],
        "text": "我最近的天气是不是很冷"
      },
      {
        "intent": "weather.temperature",
        "entities": [
          {
            "start": 0,
            "end": 3,
            "value": "摄氏度",
            "entity": "unit"
          }
        ],
        "text": "摄氏度天气预报"
      },
      {
        "intent": "weather.temperature",
        "entities": [
          {
            "start": 3,
            "end": 4,
            "value": "冷",
            "entity": "temperature"
          }
        ],
        "text": "天气很冷"
      },
      {
        "intent": "weather.temperature",
        "entities": [
          {
            "start": 0,
            "end": 2,
            "value": "上海",
            "entity": "address"
          },
          {
            "start": 3,
            "end": 4,
            "value": "热",
            "entity": "temperature"
          }
        ],
        "text": "上海多热"
      },
      {
        "intent": "weather.temperature",
        "entities": [
          {
            "start": 0,
            "end": 2,
            "value": "上海",
            "entity": "address"
          },
          {
            "start": 2,
            "end": 5,
            "value": "三天后",
            "entity": "date-time"
          }
        ],
        "text": "上海三天后多少度"
      },
      {
        "intent": "weather.temperature",
        "entities": [
          {
            "start": 0,
            "end": 2,
            "value": "明天",
            "entity": "date-time"
          },
          {
            "start": 2,
            "end": 4,
            "value": "上海",
            "entity": "address"
          }
        ],
        "text": "明天上海的温度如何"
      },
      {
        "intent": "weather.temperature",
        "entities": [
          {
            "start": 0,
            "end": 3,
            "value": "两天后",
            "entity": "date-time"
          },
          {
            "start": 10,
            "end": 12,
            "value": "寒冷",
            "entity": "temperature"
          }
        ],
        "text": "两天后的天气会不会很寒冷吗"
      },
      {
        "intent": "weather.temperature",
        "entities": [
          {
            "start": 6,
            "end": 7,
            "value": "热",
            "entity": "temperature"
          }
        ],
        "text": "天气会不会很热"
      },
      {
        "intent": "weather.temperature",
        "entities": [
          {
            "start": 0,
            "end": 2,
            "value": "今天",
            "entity": "date-time"
          },
          {
            "start": 2,
            "end": 4,
            "value": "上海",
            "entity": "address"
          }
        ],
        "text": "今天上海的气温如何"
      },
      {
        "intent": "weather.temperature",
        "entities": [
          {
            "start": 0,
            "end": 2,
            "value": "明天",
            "entity": "date-time"
          },
          {
            "start": 2,
            "end": 6,
            "value": "马来西亚",
            "entity": "address"
          },
          {
            "start": 15,
            "end": 16,
            "value": "冷",
            "entity": "temperature"
          }
        ],
        "text": "明天马来西亚最近的天气是不是很冷"
      },
      {
        "intent": "weather.temperature",
        "entities": [
          {
            "start": 0,
            "end": 3,
            "value": "台北市",
            "entity": "address"
          }
        ],
        "text": "台北市温度"
      },
      {
        "intent": "weather.temperature",
        "entities": [
          {
            "start": 4,
            "end": 6,
            "value": "温和",
            "entity": "temperature"
          }
        ],
        "text": "天气会很温和吗"
      },
      {
        "intent": "weather.temperature",
        "entities": [
          {
            "start": 3,
            "end": 7,
            "value": "下星期一",
            "entity": "date-time"
          },
          {
            "start": 7,
            "end": 11,
            "value": "马来西亚",
            "entity": "address"
          },
          {
            "start": 15,
            "end": 17,
            "value": "凉快",
            "entity": "temperature"
          }
        ],
        "text": "为什么下星期一马来西亚天气那么凉快"
      },
      {
        "intent": "weather.temperature",
        "entities": [
          {
            "start": 7,
            "end": 9,
            "value": "寒冷",
            "entity": "temperature"
          }
        ],
        "text": "为什么天气那么寒冷"
      },
      {
        "intent": "weather.temperature",
        "entities": [
          {
            "start": 0,
            "end": 2,
            "value": "明天",
            "entity": "date-time"
          },
          {
            "start": 9,
            "end": 10,
            "value": "暖",
            "entity": "temperature"
          }
        ],
        "text": "明天的天气是不是很暖吗"
      },
      {
        "intent": "weather.temperature",
        "entities": [
          {
            "start": 0,
            "end": 4,
            "value": "下星期日",
            "entity": "date-time"
          },
          {
            "start": 4,
            "end": 8,
            "value": "马来西亚",
            "entity": "address"
          },
          {
            "start": 13,
            "end": 14,
            "value": "热",
            "entity": "temperature"
          }
        ],
        "text": "下星期日马来西亚的天气会很热吗"
      },
      {
        "intent": "weather.temperature",
        "entities": [
          {
            "start": 0,
            "end": 5,
            "value": "台南市南区",
            "entity": "address"
          }
        ],
        "text": "台南市南区几度"
      }
    ],
    "regex_features": [],
    "entity_synonyms": [
      {
        "value": "skiing",
        "synonyms": [
          "滑雪"
        ]
      },
      {
        "value": "frisbee",
        "synonyms": [
          "飞盘"
        ]
      },
      {
        "value": "snowball fights",
        "synonyms": [
          "打雪仗"
        ]
      },
      {
        "value": "walking",
        "synonyms": [
          "步行"
        ]
      },
      {
        "value": "swimming",
        "synonyms": [
          "游泳"
        ]
      },
      {
        "value": "surfing",
        "synonyms": [
          "冲浪"
        ]
      },
      {
        "value": "fly a kite",
        "synonyms": [
          "风筝"
        ]
      },
      {
        "value": "hiking",
        "synonyms": [
          "徒步旅行"
        ]
      },
      {
        "value": "snowboarding",
        "synonyms": [
          "单板滑雪"
        ]
      },
      {
        "value": "parasailing",
        "synonyms": [
          "滑翔伞"
        ]
      },
      {
        "value": "cycling",
        "synonyms": [
          "自行车"
        ]
      },
      {
        "value": "go sledding",
        "synonyms": [
          "雪橇"
        ]
      },
      {
        "value": "windsurf",
        "synonyms": [
          "风筝冲浪"
        ]
      },
      {
        "value": "camping",
        "synonyms": [
          "露营"
        ]
      },
      {
        "value": "skating",
        "synonyms": [
          "滑板"
        ]
      },
      {
        "value": "climbing",
        "synonyms": [
          "攀登"
        ]
      },
      {
        "value": "yoga",
        "synonyms": [
          "瑜伽"
        ]
      },
      {
        "value": "kayaking",
        "synonyms": [
          "皮划艇"
        ]
      },
      {
        "value": "run",
        "synonyms": [
          "跑"
        ]
      },
      {
        "value": "jogging",
        "synonyms": [
          "跑步"
        ]
      },
      {
        "value": "canoe",
        "synonyms": [
          "独木舟"
        ]
      },
      {
        "value": "coat",
        "synonyms": [
          "大衣",
          "外衣",
          "大氅",
          "外套"
        ]
      },
      {
        "value": "umbrella",
        "synonyms": [
          "雨伞",
          "伞"
        ]
      },
      {
        "value": "sunscreen",
        "synonyms": [
          "防晒霜"
        ]
      },
      {
        "value": "scarf",
        "synonyms": [
          "围巾"
        ]
      },
      {
        "value": "rain coat",
        "synonyms": [
          "雨衣"
        ]
      },
      {
        "value": "jacket",
        "synonyms": [
          "夹克"
        ]
      },
      {
        "value": "jumper",
        "synonyms": [
          "毛衣",
          "薄毛衣"
        ]
      },
      {
        "value": "gloves",
        "synonyms": [
          "手套"
        ]
      },
      {
        "value": "rain pants",
        "synonyms": [
          "雨裤"
        ]
      },
      {
        "value": "wool cap",
        "synonyms": [
          "毛线帽"
        ]
      },
      {
        "value": "gum boots",
        "synonyms": [
          "胶皮靴"
        ]
      },
      {
        "value": "sweater",
        "synonyms": [
          "毛线衣"
        ]
      },
      {
        "value": "sunglasses",
        "synonyms": [
          "墨镜"
        ]
      },
      {
        "value": "wool socks",
        "synonyms": [
          "羊毛袜"
        ]
      },
      {
        "value": "extremely hot",
        "synonyms": [
          "非常热"
        ]
      },
      {
        "value": "mild",
        "synonyms": [
          "温和"
        ]
      },
      {
        "value": "freezing",
        "synonyms": [
          "寒冷"
        ]
      },
      {
        "value": "chilly",
        "synonyms": [
          "凉快"
        ]
      },
      {
        "value": "hot",
        "synonyms": [
          "热"
        ]
      },
      {
        "value": "cold",
        "synonyms": [
          "冷"
        ]
      },
      {
        "value": "warm",
        "synonyms": [
          "暖"
        ]
      },
      {
        "value": "F",
        "synonyms": [
          "华氏",
          "华氏度"
        ]
      },
      {
        "value": "C",
        "synonyms": [
          "摄氏",
          "摄氏度"
        ]
      },
      {
        "value": "K",
        "synonyms": [
          "开尔文",
          "开尔文度"
        ]
      },
      {
        "value": "wind",
        "synonyms": [
          "多风",
          "风",
          "刮风"
        ]
      },
      {
        "value": "overcast",
        "synonyms": [
          "多云"
        ]
      },
      {
        "value": "snow",
        "synonyms": [
          "阵雪",
          "下雪",
          "雪",
          "雪域",
          "冰冻小雨",
          "冰冻"
        ]
      },
      {
        "value": "fog",
        "synonyms": [
          "烟雾"
        ]
      },
      {
        "value": "sun",
        "synonyms": [
          "太阳",
          "晴朗"
        ]
      },
      {
        "value": "storm",
        "synonyms": [
          "雷雨",
          "风暴",
          "雷暴",
          "风雨"
        ]
      },
      {
        "value": "rain",
        "synonyms": [
          "下雨",
          "阴雨",
          "阵雨",
          "冻雨",
          "降雨",
          "小雨",
          "细雨"
        ]
      }
    ]
  }
}