[
  {
    "id": "d0686879-2d44-470a-a257-a38bfdfad4a0",
    "data": [
      {
        "text": "为",
        "userDefined": false
      },
      {
        "text": "hello",
        "alias": "text",
        "meta": "@sys.any",
        "userDefined": true
      },
      {
        "text": "从",
        "userDefined": false
      },
      {
        "text": "英文",
        "alias": "lang-from",
        "meta": "@sys.language",
        "userDefined": true
      }
    ],
    "isTemplate": false,
    "count": 0,
    "updated": 0
  },
  {
    "id": "dd962e6d-5761-4fb4-8d54-d8aca0a69f04",
    "data": [
      {
        "text": "在要",
        "userDefined": false
      },
      {
        "text": "how are you",
        "alias": "text",
        "meta": "@sys.any",
        "userDefined": true
      },
      {
        "text": "从",
        "userDefined": false
      },
      {
        "text": "英文",
        "alias": "lang-from",
        "meta": "@sys.language",
        "userDefined": true
      }
    ],
    "isTemplate": false,
    "count": 0,
    "updated": 0
  },
  {
    "id": "8037de91-5129-44c0-8b3d-4f45f9f32e43",
    "data": [
      {
        "text": "关",
        "meta": "@sys.ignore",
        "userDefined": true
      },
      {
        "text": "于",
        "userDefined": false
      },
      {
        "text": "umbrella",
        "alias": "text",
        "meta": "@sys.any",
        "userDefined": true
      },
      {
        "text": "从",
        "userDefined": false
      },
      {
        "text": "英文",
        "alias": "lang-from",
        "meta": "@sys.language",
        "userDefined": true
      }
    ],
    "isTemplate": false,
    "count": 0,
    "updated": 0
  },
  {
    "id": "5ea09cd4-2f71-45dc-93ff-849e082bf95d",
    "data": [
      {
        "text": "为了",
        "userDefined": false
      },
      {
        "text": "bye",
        "alias": "text",
        "meta": "@sys.any",
        "userDefined": true
      },
      {
        "text": "从",
        "userDefined": false
      },
      {
        "text": "英文",
        "alias": "lang-from",
        "meta": "@sys.language",
        "userDefined": true
      }
    ],
    "isTemplate": false,
    "count": 0,
    "updated": 0
  },
  {
    "id": "7a316ff3-9d95-4f62-af24-7403cd674c32",
    "data": [
      {
        "text": "现在",
        "userDefined": false
      },
      {
        "text": "computer",
        "alias": "text",
        "meta": "@sys.any",
        "userDefined": true
      },
      {
        "text": "从",
        "userDefined": false
      },
      {
        "text": "英文",
        "alias": "lang-from",
        "meta": "@sys.language",
        "userDefined": true
      }
    ],
    "isTemplate": false,
    "count": 0,
    "updated": 0
  },
  {
    "id": "d52a0e81-b0c9-4668-ac19-fb0d744575c0",
    "data": [
      {
        "text": "现在要",
        "userDefined": false
      },
      {
        "text": "beach",
        "alias": "text",
        "meta": "@sys.any",
        "userDefined": true
      },
      {
        "text": "从",
        "userDefined": false
      },
      {
        "text": "英文",
        "alias": "lang-from",
        "meta": "@sys.language",
        "userDefined": true
      }
    ],
    "isTemplate": false,
    "count": 0,
    "updated": 0
  },
  {
    "id": "b9b76ed1-bb8b-4aa0-8455-73629117cf79",
    "data": [
      {
        "text": "现在为了",
        "userDefined": false
      },
      {
        "text": "car",
        "alias": "text",
        "meta": "@sys.any",
        "userDefined": true
      },
      {
        "text": "从",
        "userDefined": false
      },
      {
        "text": "英文",
        "alias": "lang-from",
        "meta": "@sys.language",
        "userDefined": true
      }
    ],
    "isTemplate": false,
    "count": 0,
    "updated": 0
  },
  {
    "id": "523cae0e-d133-4942-9f87-804b784216fa",
    "data": [
      {
        "text": "你好",
        "alias": "text",
        "meta": "@sys.any",
        "userDefined": true
      },
      {
        "text": "从",
        "userDefined": false
      },
      {
        "text": "中文",
        "alias": "lang-from",
        "meta": "@sys.language",
        "userDefined": true
      }
    ],
    "isTemplate": false,
    "count": 0,
    "updated": 0
  }
]