[
  {
    "id": "92f2718e-8639-41fe-8c57-3645380b218d",
    "data": [
      {
        "text": "还需要",
        "userDefined": false
      },
      {
        "text": "再见",
        "alias": "text",
        "meta": "@sys.any",
        "userDefined": true
      },
      {
        "text": "为韩语",
        "userDefined": false
      }
    ],
    "isTemplate": false,
    "count": 0,
    "updated": 0
  },
  {
    "id": "68961bef-75bb-46c8-9c76-6c54f4355015",
    "data": [
      {
        "text": "能不能翻译",
        "userDefined": false
      },
      {
        "text": "我爱你",
        "alias": "text",
        "meta": "@sys.any",
        "userDefined": true
      },
      {
        "text": "子为",
        "userDefined": false
      },
      {
        "text": "意大利语",
        "alias": "lang-to",
        "meta": "@sys.language",
        "userDefined": false
      }
    ],
    "isTemplate": false,
    "count": 0,
    "updated": 0
  },
  {
    "id": "0082922e-17ce-45d5-8d25-2e3be08bfd3a",
    "data": [
      {
        "text": "怎么能翻译你好为",
        "userDefined": false
      },
      {
        "text": "俄语",
        "alias": "lang-to",
        "meta": "@sys.language",
        "userDefined": false
      }
    ],
    "isTemplate": false,
    "count": 0,
    "updated": 0
  },
  {
    "id": "c20c90bb-f410-46fd-827b-631758999e65",
    "data": [
      {
        "text": "会不会翻译成",
        "userDefined": false
      },
      {
        "text": "日文",
        "alias": "lang-to",
        "meta": "@sys.language",
        "userDefined": true
      }
    ],
    "isTemplate": false,
    "count": 0,
    "updated": 0
  },
  {
    "id": "abca3555-43e4-48e6-811c-225c9851766e",
    "data": [
      {
        "text": "我还要翻译为",
        "userDefined": false
      },
      {
        "text": "英语",
        "alias": "lang-to",
        "meta": "@sys.language",
        "userDefined": false
      }
    ],
    "isTemplate": false,
    "count": 0,
    "updated": 0
  },
  {
    "id": "53c060c8-f725-4e6f-aded-ef5f524fa200",
    "data": [
      {
        "text": "现在",
        "userDefined": false
      },
      {
        "text": "你好",
        "alias": "text",
        "meta": "@sys.any",
        "userDefined": true
      },
      {
        "text": "为了",
        "userDefined": false
      },
      {
        "text": "阿拉伯语",
        "alias": "lang-to",
        "meta": "@sys.language",
        "userDefined": false
      }
    ],
    "isTemplate": false,
    "count": 0,
    "updated": 0
  },
  {
    "id": "e1ca7f79-3056-4aac-8303-815c6ed6f2c7",
    "data": [
      {
        "text": "关于",
        "userDefined": false
      },
      {
        "text": "雨伞",
        "alias": "text",
        "meta": "@sys.any",
        "userDefined": true
      },
      {
        "text": "为",
        "userDefined": false
      },
      {
        "text": "日语",
        "alias": "lang-to",
        "meta": "@sys.language",
        "userDefined": false
      }
    ],
    "isTemplate": false,
    "count": 0,
    "updated": 0
  },
  {
    "id": "26049b84-3958-481e-8f74-1aa9f7613d66",
    "data": [
      {
        "text": "还要",
        "userDefined": false
      },
      {
        "text": "句子",
        "alias": "text",
        "meta": "@sys.any",
        "userDefined": true
      },
      {
        "text": "为",
        "userDefined": false
      },
      {
        "text": "法语",
        "alias": "lang-to",
        "meta": "@sys.language",
        "userDefined": false
      }
    ],
    "isTemplate": false,
    "count": 0,
    "updated": 0
  },
  {
    "id": "fdd910ee-65cc-45e8-a17f-19c6fd4a42fc",
    "data": [
      {
        "text": "你好",
        "alias": "text",
        "meta": "@sys.any",
        "userDefined": true
      },
      {
        "text": "翻译成",
        "userDefined": false
      },
      {
        "text": "中文",
        "alias": "lang-to",
        "meta": "@sys.language",
        "userDefined": true
      }
    ],
    "isTemplate": false,
    "count": 0,
    "updated": 0
  },
  {
    "id": "4e41c599-3465-4dba-a097-23600fd5cd62",
    "data": [
      {
        "text": "你好",
        "alias": "text",
        "meta": "@sys.any",
        "userDefined": true
      },
      {
        "text": "到",
        "userDefined": false
      },
      {
        "text": "英文",
        "alias": "lang-to",
        "meta": "@sys.language",
        "userDefined": true
      }
    ],
    "isTemplate": false,
    "count": 0,
    "updated": 0
  }
]