[
  {
    "id": "69426904-2f2c-4a9c-82c6-5102e8a7fc9c",
    "data": [
      {
        "text": "为到",
        "userDefined": false
      },
      {
        "text": "英文",
        "alias": "lang-to",
        "meta": "@sys.language",
        "userDefined": true
      }
    ],
    "isTemplate": false,
    "count": 0,
    "updated": 0
  },
  {
    "id": "a0c5c71f-5794-4653-b04c-7bea56ee9d36",
    "data": [
      {
        "text": "在要到",
        "userDefined": false
      },
      {
        "text": "英文",
        "alias": "lang-to",
        "meta": "@sys.language",
        "userDefined": true
      }
    ],
    "isTemplate": false,
    "count": 0,
    "updated": 0
  },
  {
    "id": "946b2ec9-3470-4779-8bd4-c325187fb0f2",
    "data": [
      {
        "text": "关",
        "meta": "@sys.ignore",
        "userDefined": true
      },
      {
        "text": "于到",
        "userDefined": false
      },
      {
        "text": "英文",
        "alias": "lang-to",
        "meta": "@sys.language",
        "userDefined": true
      }
    ],
    "isTemplate": false,
    "count": 0,
    "updated": 0
  },
  {
    "id": "0a8de005-2f86-4954-80a4-8a787afcb8c4",
    "data": [
      {
        "text": "为了到",
        "userDefined": false
      },
      {
        "text": "英文",
        "alias": "lang-to",
        "meta": "@sys.language",
        "userDefined": true
      }
    ],
    "isTemplate": false,
    "count": 0,
    "updated": 0
  },
  {
    "id": "67dbad8c-9b5e-43a3-91c2-d2905210668b",
    "data": [
      {
        "text": "现在到",
        "userDefined": false
      },
      {
        "text": "英文",
        "alias": "lang-to",
        "meta": "@sys.language",
        "userDefined": true
      }
    ],
    "isTemplate": false,
    "count": 0,
    "updated": 0
  },
  {
    "id": "10214d24-9913-48ff-a5f8-3a1de07541bb",
    "data": [
      {
        "text": "现在要到",
        "userDefined": false
      },
      {
        "text": "英文",
        "alias": "lang-to",
        "meta": "@sys.language",
        "userDefined": true
      }
    ],
    "isTemplate": false,
    "count": 0,
    "updated": 0
  },
  {
    "id": "190bd437-eb58-4d79-bb81-323cbc1b733a",
    "data": [
      {
        "text": "现在为了到",
        "userDefined": false
      },
      {
        "text": "英文",
        "alias": "lang-to",
        "meta": "@sys.language",
        "userDefined": true
      }
    ],
    "isTemplate": false,
    "count": 0,
    "updated": 0
  },
  {
    "id": "0d3ac3de-b954-4860-a3c2-5728fe23eb6f",
    "data": [
      {
        "text": "到",
        "userDefined": false
      },
      {
        "text": "中文",
        "alias": "lang-to",
        "meta": "@sys.language",
        "userDefined": true
      }
    ],
    "isTemplate": false,
    "count": 0,
    "updated": 0
  }
]