[
  {
    "id": "faa2c0e7-dfdb-4738-ade5-161b9df9b389",
    "data": [
      {
        "text": "do ",
        "userDefined": false
      },
      {
        "text": "inglês",
        "alias": "lang-from",
        "meta": "@sys.language",
        "userDefined": true
      }
    ],
    "isTemplate": false,
    "count": 0,
    "updated": 0
  },
  {
    "id": "f0641179-fd6f-4be6-a5c4-567ce1b3c64a",
    "data": [
      {
        "text": "salut",
        "alias": "text",
        "meta": "@sys.any",
        "userDefined": true
      },
      {
        "text": " do ",
        "userDefined": false
      },
      {
        "text": "francês",
        "alias": "lang-from",
        "meta": "@sys.language",
        "userDefined": true
      },
      {
        "text": " agora",
        "userDefined": false
      }
    ],
    "isTemplate": false,
    "count": 0,
    "updated": 0
  },
  {
    "id": "960b9aba-6ea6-4fa6-8c73-f4a635501565",
    "data": [
      {
        "text": "e ",
        "userDefined": false
      },
      {
        "text": "hallo",
        "alias": "text",
        "meta": "@sys.any",
        "userDefined": true
      },
      {
        "text": " do ",
        "userDefined": false
      },
      {
        "text": "alemão",
        "alias": "lang-from",
        "meta": "@sys.language",
        "userDefined": true
      }
    ],
    "isTemplate": false,
    "count": 0,
    "updated": 0
  },
  {
    "id": "5c7ec4bf-84dc-418f-a934-fef8a3195876",
    "data": [
      {
        "text": "agora do ",
        "userDefined": false
      },
      {
        "text": "espanhol",
        "alias": "lang-from",
        "meta": "@sys.language",
        "userDefined": true
      }
    ],
    "isTemplate": false,
    "count": 0,
    "updated": 0
  }
]