[
  {
    "id": "3eaf5c8a-39f8-4e80-9877-2b6798735930",
    "data": [
      {
        "text": "salut",
        "alias": "text",
        "meta": "@sys.any",
        "userDefined": true
      },
      {
        "text": " from ",
        "userDefined": false
      },
      {
        "text": "French",
        "alias": "lang-from",
        "meta": "@sys.language",
        "userDefined": false
      },
      {
        "text": " ",
        "userDefined": false
      },
      {
        "text": "now",
        "meta": "@sys.ignore",
        "userDefined": false
      }
    ],
    "isTemplate": false,
    "count": 0,
    "updated": 0
  },
  {
    "id": "891f0da6-876d-42b4-8e25-b40377f6fd14",
    "data": [
      {
        "text": "now from ",
        "userDefined": false
      },
      {
        "text": "Spanish",
        "alias": "lang-from",
        "meta": "@sys.language",
        "userDefined": true
      }
    ],
    "isTemplate": false,
    "count": 0,
    "updated": 0
  },
  {
    "id": "2eb37586-93dd-478b-8b7e-72c4215bc1f4",
    "data": [
      {
        "text": "how about ",
        "userDefined": false
      },
      {
        "text": "hallo",
        "alias": "text",
        "meta": "@sys.any",
        "userDefined": true
      },
      {
        "text": " from ",
        "userDefined": false
      },
      {
        "text": "German",
        "alias": "lang-from",
        "meta": "@sys.language",
        "userDefined": false
      }
    ],
    "isTemplate": false,
    "count": 0,
    "updated": 0
  },
  {
    "id": "3ef21c5a-d020-4829-ba5d-2a6f7ed8a335",
    "data": [
      {
        "text": "from ",
        "userDefined": false
      },
      {
        "text": "English",
        "alias": "lang-from",
        "meta": "@sys.language",
        "userDefined": true
      }
    ],
    "isTemplate": false,
    "count": 0,
    "updated": 0
  }
]