[
  {
    "id": "944961a5-3b98-4063-8be7-3743a4900e8e",
    "data": [
      {
        "text": "и с ",
        "userDefined": false
      },
      {
        "text": "хинди",
        "alias": "lang-from",
        "meta": "@sys.language",
        "userDefined": true
      }
    ],
    "isTemplate": false,
    "count": 0,
    "updated": 0
  },
  {
    "id": "b1637374-df70-41b6-90ba-db9056ef6f47",
    "data": [
      {
        "text": "с ",
        "userDefined": false
      },
      {
        "text": "английского",
        "alias": "lang-from",
        "meta": "@sys.language",
        "userDefined": true
      }
    ],
    "isTemplate": false,
    "count": 0,
    "updated": 0
  },
  {
    "id": "00290789-0fec-49f4-b2d6-a9c4b48f0c3b",
    "data": [
      {
        "text": "а с ",
        "userDefined": false
      },
      {
        "text": "русского",
        "alias": "lang-from",
        "meta": "@sys.language",
        "userDefined": true
      }
    ],
    "isTemplate": false,
    "count": 0,
    "updated": 0
  },
  {
    "id": "bbaca25d-fc0a-41de-ae62-6f4a9f4db537",
    "data": [
      {
        "text": "теперь ",
        "userDefined": false
      },
      {
        "text": "salut",
        "alias": "text",
        "meta": "@sys.any",
        "userDefined": true
      },
      {
        "text": " с ",
        "userDefined": false
      },
      {
        "text": "французского",
        "alias": "lang-from",
        "meta": "@sys.language",
        "userDefined": true
      }
    ],
    "isTemplate": false,
    "count": 0,
    "updated": 0
  },
  {
    "id": "7ac2b945-7f5b-4f2d-9ea9-c3ca216d7e01",
    "data": [
      {
        "text": "что насчёт ",
        "userDefined": false
      },
      {
        "text": "иврита",
        "alias": "lang-from",
        "meta": "@sys.language",
        "userDefined": true
      }
    ],
    "isTemplate": false,
    "count": 0,
    "updated": 0
  },
  {
    "id": "3854d836-9a24-4778-ab1d-54cfd62ed713",
    "data": [
      {
        "text": "теперь с ",
        "userDefined": false
      },
      {
        "text": "испанского",
        "alias": "lang-from",
        "meta": "@sys.language",
        "userDefined": true
      }
    ],
    "isTemplate": false,
    "count": 0,
    "updated": 0
  },
  {
    "id": "6cec31e5-0f75-4908-b8f8-555f414da8c4",
    "data": [
      {
        "text": "как насчёт ",
        "userDefined": false
      },
      {
        "text": "hallo",
        "alias": "text",
        "meta": "@sys.any",
        "userDefined": true
      },
      {
        "text": " с ",
        "userDefined": false
      },
      {
        "text": "немецкого",
        "alias": "lang-from",
        "meta": "@sys.language",
        "userDefined": true
      }
    ],
    "isTemplate": false,
    "count": 0,
    "updated": 0
  }
]