[
  {
    "id": "959b83f1-bb6d-4a54-8325-27a1ce8c82ce",
    "data": [
      {
        "text": "ora ",
        "userDefined": false
      },
      {
        "text": "alberi blu",
        "alias": "text",
        "meta": "@sys.any",
        "userDefined": true
      }
    ],
    "isTemplate": false,
    "count": 0,
    "updated": 0
  },
  {
    "id": "15b420d2-f2e8-4005-94e5-b8d5c916dfef",
    "data": [
      {
        "text": "adesso ",
        "userDefined": false
      },
      {
        "text": "come mi chiamo",
        "alias": "text",
        "meta": "@sys.any",
        "userDefined": true
      }
    ],
    "isTemplate": false,
    "count": 0,
    "updated": 0
  },
  {
    "id": "c3e3a5d9-606d-47bf-9e39-e4109b3bb8ab",
    "data": [
      {
        "text": "ora ",
        "userDefined": false
      },
      {
        "text": "alberi alti",
        "alias": "text",
        "meta": "@sys.any",
        "userDefined": true
      }
    ],
    "isTemplate": false,
    "count": 0,
    "updated": 0
  },
  {
    "id": "4dcad9d2-4fe2-4d92-97e3-0b983fa6541a",
    "data": [
      {
        "text": "anche ",
        "userDefined": false
      },
      {
        "text": "amo i muffin",
        "alias": "text",
        "meta": "@sys.any",
        "userDefined": true
      }
    ],
    "isTemplate": false,
    "count": 0,
    "updated": 0
  }
]