[
  {
    "id": "94629479-fd8f-4e93-bfd3-793b6487b523",
    "data": [
      {
        "text": "как сказать ",
        "userDefined": false
      },
      {
        "text": "встретимся позже",
        "alias": "text",
        "meta": "@sys.any",
        "userDefined": true
      }
    ],
    "isTemplate": false,
    "count": 0,
    "updated": 0
  },
  {
    "id": "22178223-fa7d-44b0-818d-5f084f06ad67",
    "data": [
      {
        "text": "и ",
        "userDefined": false
      },
      {
        "text": "bonjour",
        "alias": "text",
        "meta": "@sys.any",
        "userDefined": true
      }
    ],
    "isTemplate": false,
    "count": 0,
    "updated": 0
  },
  {
    "id": "9fb782ab-f9f9-4fad-a61d-8aea7406ac4b",
    "data": [
      {
        "text": "и ",
        "userDefined": false
      },
      {
        "text": "я люблю тебя",
        "alias": "text",
        "meta": "@sys.any",
        "userDefined": true
      }
    ],
    "isTemplate": false,
    "count": 0,
    "updated": 0
  },
  {
    "id": "19e47bfd-fe3e-4652-b104-53bca1f320be",
    "data": [
      {
        "text": "теперь ",
        "userDefined": false
      },
      {
        "text": "завтрак",
        "alias": "text",
        "meta": "@sys.any",
        "userDefined": true
      }
    ],
    "isTemplate": false,
    "count": 0,
    "updated": 0
  },
  {
    "id": "09343080-3501-4cc2-8e22-142db3e2de55",
    "data": [
      {
        "text": "ещё ",
        "userDefined": false
      },
      {
        "text": "позвони мне",
        "alias": "text",
        "meta": "@sys.any",
        "userDefined": true
      }
    ],
    "isTemplate": false,
    "count": 0,
    "updated": 0
  },
  {
    "id": "942d2d61-77b2-4338-a3ba-259f22b04e35",
    "data": [
      {
        "text": "I love you",
        "alias": "text",
        "meta": "@sys.any",
        "userDefined": true
      }
    ],
    "isTemplate": false,
    "count": 0,
    "updated": 0
  },
  {
    "id": "e11f0293-063a-41e2-a037-718d150fc263",
    "data": [
      {
        "text": "теперь перевод фразы ",
        "userDefined": false
      },
      {
        "text": "как дела",
        "alias": "text",
        "meta": "@sys.any",
        "userDefined": true
      }
    ],
    "isTemplate": false,
    "count": 0,
    "updated": 0
  },
  {
    "id": "863df793-3419-4422-aef6-f4536109fd59",
    "data": [
      {
        "text": "hello",
        "alias": "text",
        "meta": "@sys.any",
        "userDefined": true
      }
    ],
    "isTemplate": false,
    "count": 0,
    "updated": 0
  },
  {
    "id": "226529e5-98ea-4ccb-9ddc-add7d1c8df26",
    "data": [
      {
        "text": "теперь переведи ",
        "userDefined": false
      },
      {
        "text": "откуда ты",
        "alias": "text",
        "meta": "@sys.any",
        "userDefined": true
      }
    ],
    "isTemplate": false,
    "count": 0,
    "updated": 0
  },
  {
    "id": "ca23f8b3-a65c-4a3e-a8ea-791235059b08",
    "data": [
      {
        "text": "je t\u0027aime",
        "alias": "text",
        "meta": "@sys.any",
        "userDefined": true
      }
    ],
    "isTemplate": false,
    "count": 0,
    "updated": 0
  }
]