[
  {
    "id": "7e7b03e6-6e0d-4e3e-a7df-07f4a0a5c125",
    "data": [
      {
        "text": "e em ",
        "userDefined": false
      },
      {
        "text": "francês",
        "alias": "lang-to",
        "meta": "@sys.language",
        "userDefined": true
      }
    ],
    "isTemplate": false,
    "count": 1,
    "updated": 0
  },
  {
    "id": "b5a67fb8-4299-4722-8bbc-12eb33598748",
    "data": [
      {
        "text": "olá",
        "alias": "text",
        "meta": "@sys.any",
        "userDefined": true
      },
      {
        "text": " em ",
        "userDefined": false
      },
      {
        "text": "russo",
        "alias": "lang-to",
        "meta": "@sys.language",
        "userDefined": true
      }
    ],
    "isTemplate": false,
    "count": 0,
    "updated": 0
  },
  {
    "id": "dd72e676-01ad-4bb8-a602-65e189dda635",
    "data": [
      {
        "text": "e agora para ",
        "userDefined": false
      },
      {
        "text": "italiano",
        "alias": "lang-to",
        "meta": "@sys.language",
        "userDefined": true
      }
    ],
    "isTemplate": false,
    "count": 0,
    "updated": 0
  },
  {
    "id": "8a9742ed-215c-4c8a-9727-b20ab8caab23",
    "data": [
      {
        "text": "agora para ",
        "userDefined": false
      },
      {
        "text": "russo",
        "alias": "lang-to",
        "meta": "@sys.language",
        "userDefined": true
      }
    ],
    "isTemplate": false,
    "count": 0,
    "updated": 0
  },
  {
    "id": "7493c0db-5a55-49db-bcd6-99d684959d75",
    "data": [
      {
        "text": "e ",
        "userDefined": false
      },
      {
        "text": "ciao",
        "alias": "text",
        "meta": "@sys.any",
        "userDefined": true
      },
      {
        "text": " em ",
        "userDefined": false
      },
      {
        "text": "francês",
        "alias": "lang-to",
        "meta": "@sys.language",
        "userDefined": true
      }
    ],
    "isTemplate": false,
    "count": 0,
    "updated": 0
  },
  {
    "id": "7d34d23f-c772-4943-a289-a0598adfcfcd",
    "data": [
      {
        "text": "e ",
        "userDefined": false
      },
      {
        "text": "olá",
        "alias": "text",
        "meta": "@sys.any",
        "userDefined": true
      },
      {
        "text": " em ",
        "userDefined": false
      },
      {
        "text": "francês",
        "alias": "lang-to",
        "meta": "@sys.language",
        "userDefined": true
      }
    ],
    "isTemplate": false,
    "count": 0,
    "updated": 0
  },
  {
    "id": "31e5b37a-1b29-4b79-a765-3290e7b1b71c",
    "data": [
      {
        "text": "olá",
        "alias": "text",
        "meta": "@sys.any",
        "userDefined": true
      },
      {
        "text": " em ",
        "userDefined": false
      },
      {
        "text": "espanhol",
        "alias": "lang-to",
        "meta": "@sys.language",
        "userDefined": true
      }
    ],
    "isTemplate": false,
    "count": 0,
    "updated": 0
  },
  {
    "id": "c6058313-2706-46c2-b9b6-ce058fb7a1e9",
    "data": [
      {
        "text": "e ",
        "userDefined": false
      },
      {
        "text": "agradável",
        "alias": "text",
        "meta": "@sys.any",
        "userDefined": true
      },
      {
        "text": " em ",
        "userDefined": false
      },
      {
        "text": "espanhol",
        "alias": "lang-to",
        "meta": "@sys.language",
        "userDefined": true
      }
    ],
    "isTemplate": false,
    "count": 0,
    "updated": 0
  },
  {
    "id": "78c20744-29a8-45ff-9584-1580494c9f56",
    "data": [
      {
        "text": "e para ",
        "userDefined": false
      },
      {
        "text": "espanhol",
        "alias": "lang-to",
        "meta": "@sys.language",
        "userDefined": true
      },
      {
        "text": " agora",
        "userDefined": false
      }
    ],
    "isTemplate": false,
    "count": 0,
    "updated": 0
  }
]