[
  {
    "id": "67541554-43f9-479a-b04f-137ad9ad5ab4",
    "data": [
      {
        "text": "anche in ",
        "userDefined": false
      },
      {
        "text": "italiano",
        "alias": "lang-to",
        "meta": "@sys.language",
        "userDefined": true
      }
    ],
    "isTemplate": false,
    "count": 0,
    "updated": 0
  },
  {
    "id": "b5a90fe6-8025-4ff2-b9dc-acbea52e1619",
    "data": [
      {
        "text": "in ",
        "userDefined": false
      },
      {
        "text": "spagnolo",
        "alias": "lang-to",
        "meta": "@sys.language",
        "userDefined": true
      }
    ],
    "isTemplate": false,
    "count": 0,
    "updated": 0
  },
  {
    "id": "77d75027-e67c-4107-b2ac-2795b3f7d2b5",
    "data": [
      {
        "text": "prova con il ",
        "userDefined": false
      },
      {
        "text": "russo",
        "alias": "lang-to",
        "meta": "@sys.language",
        "userDefined": true
      }
    ],
    "isTemplate": false,
    "count": 0,
    "updated": 0
  },
  {
    "id": "e7470efe-88f2-43df-ba2c-66ea186145f5",
    "data": [
      {
        "text": "ora in ",
        "userDefined": false
      },
      {
        "text": "tedesco",
        "alias": "lang-to",
        "meta": "@sys.language",
        "userDefined": true
      }
    ],
    "isTemplate": false,
    "count": 0,
    "updated": 0
  }
]