[
  {
    "id": "7a43fce5-f98d-48f1-bce7-3c988684fc57",
    "data": [
      {
        "text": "现在要",
        "userDefined": false
      },
      {
        "text": "beach",
        "alias": "text",
        "meta": "@sys.any",
        "userDefined": true
      },
      {
        "text": "从",
        "userDefined": false
      },
      {
        "text": "英文",
        "alias": "lang-from",
        "meta": "@sys.language",
        "userDefined": true
      }
    ],
    "isTemplate": false,
    "count": 0,
    "updated": 0
  },
  {
    "id": "5bc8de29-c809-423c-a64b-fe41d1e94fc1",
    "data": [
      {
        "text": "为了",
        "userDefined": false
      },
      {
        "text": "bye",
        "alias": "text",
        "meta": "@sys.any",
        "userDefined": true
      },
      {
        "text": "从",
        "userDefined": false
      },
      {
        "text": "英文",
        "alias": "lang-from",
        "meta": "@sys.language",
        "userDefined": true
      }
    ],
    "isTemplate": false,
    "count": 0,
    "updated": 0
  },
  {
    "id": "49210ee8-b721-4f63-b8d6-44a685963a95",
    "data": [
      {
        "text": "为",
        "userDefined": false
      },
      {
        "text": "hello",
        "alias": "text",
        "meta": "@sys.any",
        "userDefined": true
      },
      {
        "text": "从",
        "userDefined": false
      },
      {
        "text": "英文",
        "alias": "lang-from",
        "meta": "@sys.language",
        "userDefined": true
      }
    ],
    "isTemplate": false,
    "count": 0,
    "updated": 0
  },
  {
    "id": "8f0139df-95a3-4062-8412-23661c374660",
    "data": [
      {
        "text": "在要",
        "userDefined": false
      },
      {
        "text": "how are you",
        "alias": "text",
        "meta": "@sys.any",
        "userDefined": true
      },
      {
        "text": "从",
        "userDefined": false
      },
      {
        "text": "英文",
        "alias": "lang-from",
        "meta": "@sys.language",
        "userDefined": true
      }
    ],
    "isTemplate": false,
    "count": 0,
    "updated": 0
  },
  {
    "id": "5665f963-0787-4c35-9d4c-245dab8d127d",
    "data": [
      {
        "text": "关",
        "meta": "@sys.ignore",
        "userDefined": true
      },
      {
        "text": "于",
        "userDefined": false
      },
      {
        "text": "umbrella",
        "alias": "text",
        "meta": "@sys.any",
        "userDefined": true
      },
      {
        "text": "从",
        "userDefined": false
      },
      {
        "text": "英文",
        "alias": "lang-from",
        "meta": "@sys.language",
        "userDefined": true
      }
    ],
    "isTemplate": false,
    "count": 0,
    "updated": 0
  },
  {
    "id": "b3e7db77-cd16-4d31-9fd4-5d7fb77556e3",
    "data": [
      {
        "text": "现在",
        "userDefined": false
      },
      {
        "text": "computer",
        "alias": "text",
        "meta": "@sys.any",
        "userDefined": true
      },
      {
        "text": "从",
        "userDefined": false
      },
      {
        "text": "英文",
        "alias": "lang-from",
        "meta": "@sys.language",
        "userDefined": true
      }
    ],
    "isTemplate": false,
    "count": 0,
    "updated": 0
  },
  {
    "id": "8015df1f-4d53-4b28-99ae-267343b5a512",
    "data": [
      {
        "text": "你好",
        "alias": "text",
        "meta": "@sys.any",
        "userDefined": true
      },
      {
        "text": "从",
        "userDefined": false
      },
      {
        "text": "中文",
        "alias": "lang-from",
        "meta": "@sys.language",
        "userDefined": true
      }
    ],
    "isTemplate": false,
    "count": 0,
    "updated": 0
  },
  {
    "id": "d50daa37-512a-404c-932e-f3277d6cee4a",
    "data": [
      {
        "text": "现在为了",
        "userDefined": false
      },
      {
        "text": "car",
        "alias": "text",
        "meta": "@sys.any",
        "userDefined": true
      },
      {
        "text": "从",
        "userDefined": false
      },
      {
        "text": "英文",
        "alias": "lang-from",
        "meta": "@sys.language",
        "userDefined": true
      }
    ],
    "isTemplate": false,
    "count": 0,
    "updated": 0
  }
]