[
  {
    "id": "c3965cf3-60dd-486a-a7b8-94fbb8882618",
    "data": [
      {
        "text": "現在",
        "userDefined": false
      },
      {
        "text": "你好",
        "alias": "text",
        "meta": "@sys.any",
        "userDefined": true
      },
      {
        "text": "爲了",
        "userDefined": false
      },
      {
        "text": "阿拉伯語",
        "alias": "lang-to",
        "meta": "@sys.language",
        "userDefined": false
      }
    ],
    "isTemplate": false,
    "count": 0,
    "updated": 0
  },
  {
    "id": "890960b4-6a26-4ab2-8981-47f9dd698f69",
    "data": [
      {
        "text": "能不能翻譯",
        "userDefined": false
      },
      {
        "text": "我愛你",
        "alias": "text",
        "meta": "@sys.any",
        "userDefined": true
      },
      {
        "text": "子爲",
        "userDefined": false
      },
      {
        "text": "意大利語",
        "alias": "lang-to",
        "meta": "@sys.language",
        "userDefined": false
      }
    ],
    "isTemplate": false,
    "count": 0,
    "updated": 0
  },
  {
    "id": "546baf19-f77e-46d2-9ee8-d4f4966e1668",
    "data": [
      {
        "text": "怎麽能翻譯你好爲",
        "userDefined": false
      },
      {
        "text": "俄語",
        "alias": "lang-to",
        "meta": "@sys.language",
        "userDefined": false
      }
    ],
    "isTemplate": false,
    "count": 0,
    "updated": 0
  },
  {
    "id": "717a1032-ea16-4d38-b6ab-00f4851af90c",
    "data": [
      {
        "text": "會不會翻譯成",
        "userDefined": false
      },
      {
        "text": "日文",
        "alias": "lang-to",
        "meta": "@sys.language",
        "userDefined": true
      }
    ],
    "isTemplate": false,
    "count": 0,
    "updated": 0
  },
  {
    "id": "fcef1a19-3076-4ca7-856e-553a43041fe0",
    "data": [
      {
        "text": "還要",
        "userDefined": false
      },
      {
        "text": "句子",
        "alias": "text",
        "meta": "@sys.any",
        "userDefined": true
      },
      {
        "text": "爲",
        "userDefined": false
      },
      {
        "text": "法語",
        "alias": "lang-to",
        "meta": "@sys.language",
        "userDefined": false
      }
    ],
    "isTemplate": false,
    "count": 0,
    "updated": 0
  },
  {
    "id": "095683e5-3123-479a-a66e-1df3f13f5b54",
    "data": [
      {
        "text": "你好",
        "alias": "text",
        "meta": "@sys.any",
        "userDefined": true
      },
      {
        "text": "翻譯成",
        "userDefined": false
      },
      {
        "text": "中文",
        "alias": "lang-to",
        "meta": "@sys.language",
        "userDefined": true
      }
    ],
    "isTemplate": false,
    "count": 0,
    "updated": 0
  },
  {
    "id": "13260e65-cf4e-4ce1-b376-85d33c31057a",
    "data": [
      {
        "text": "我還要翻譯爲",
        "userDefined": false
      },
      {
        "text": "英語",
        "alias": "lang-to",
        "meta": "@sys.language",
        "userDefined": false
      }
    ],
    "isTemplate": false,
    "count": 0,
    "updated": 0
  },
  {
    "id": "119a176b-9c99-4ae0-9885-8ccc02c6acd6",
    "data": [
      {
        "text": "你好",
        "alias": "text",
        "meta": "@sys.any",
        "userDefined": true
      },
      {
        "text": "到",
        "userDefined": false
      },
      {
        "text": "英文",
        "alias": "lang-to",
        "meta": "@sys.language",
        "userDefined": true
      }
    ],
    "isTemplate": false,
    "count": 0,
    "updated": 0
  },
  {
    "id": "19a7602b-27f8-4634-9d90-523101f14c1d",
    "data": [
      {
        "text": "關于",
        "userDefined": false
      },
      {
        "text": "雨傘",
        "alias": "text",
        "meta": "@sys.any",
        "userDefined": true
      },
      {
        "text": "爲",
        "userDefined": false
      },
      {
        "text": "日語",
        "alias": "lang-to",
        "meta": "@sys.language",
        "userDefined": false
      }
    ],
    "isTemplate": false,
    "count": 0,
    "updated": 0
  },
  {
    "id": "ceef0b9b-c906-4171-b023-e348d95bbf12",
    "data": [
      {
        "text": "還需要",
        "userDefined": false
      },
      {
        "text": "再見",
        "alias": "text",
        "meta": "@sys.any",
        "userDefined": true
      },
      {
        "text": "爲韓語",
        "userDefined": false
      }
    ],
    "isTemplate": false,
    "count": 0,
    "updated": 0
  }
]