[
  {
    "id": "546b8134-ba07-4a4c-8675-da693363112a",
    "data": [
      {
        "text": "「",
        "userDefined": false
      },
      {
        "text": "調子はどうですか",
        "alias": "text",
        "meta": "@sys.any",
        "userDefined": true
      },
      {
        "text": "」は何になるの",
        "userDefined": false
      }
    ],
    "isTemplate": false,
    "count": 0,
    "updated": 0
  },
  {
    "id": "46a940e2-e696-4f2a-9e5b-31b39705ba14",
    "data": [
      {
        "text": "じゃあ「",
        "userDefined": false
      },
      {
        "text": "朝食",
        "alias": "text",
        "meta": "@sys.any",
        "userDefined": true
      },
      {
        "text": "」は",
        "userDefined": false
      }
    ],
    "isTemplate": false,
    "count": 0,
    "updated": 0
  },
  {
    "id": "9580a872-4729-4ffe-830e-51069961b8de",
    "data": [
      {
        "text": "「",
        "userDefined": false
      },
      {
        "text": "あなたを愛しています",
        "alias": "text",
        "meta": "@sys.any",
        "userDefined": true
      },
      {
        "text": "」",
        "userDefined": false
      }
    ],
    "isTemplate": false,
    "count": 0,
    "updated": 0
  },
  {
    "id": "06431524-4140-423d-9d34-a4c8ab2520c9",
    "data": [
      {
        "text": "je t\u0027aime",
        "alias": "text",
        "meta": "@sys.any",
        "userDefined": true
      }
    ],
    "isTemplate": false,
    "count": 0,
    "updated": 0
  },
  {
    "id": "7f905cee-f734-4d67-9aba-95a568e10507",
    "data": [
      {
        "text": "「",
        "userDefined": false
      },
      {
        "text": "こんにちは",
        "alias": "text",
        "meta": "@sys.any",
        "userDefined": true
      },
      {
        "text": "」",
        "userDefined": false
      }
    ],
    "isTemplate": false,
    "count": 1,
    "updated": 0
  },
  {
    "id": "39ee4630-b789-4f91-ad5d-202df9cc0fa0",
    "data": [
      {
        "text": "じゃあ「",
        "userDefined": false
      },
      {
        "text": "お元気ですか",
        "alias": "text",
        "meta": "@sys.any",
        "userDefined": true
      },
      {
        "text": "」",
        "userDefined": false
      }
    ],
    "isTemplate": false,
    "count": 0,
    "updated": 0
  },
  {
    "id": "832a06d7-fb52-43ba-b7e7-ba9b91619498",
    "data": [
      {
        "text": "「",
        "userDefined": false
      },
      {
        "text": "bonjour",
        "alias": "text",
        "meta": "@sys.any",
        "userDefined": true
      },
      {
        "text": "」も教えて",
        "userDefined": false
      }
    ],
    "isTemplate": false,
    "count": 0,
    "updated": 0
  },
  {
    "id": "8d089728-964b-48a6-b021-c042eda44efe",
    "data": [
      {
        "text": "「",
        "userDefined": false
      },
      {
        "text": "明日電話して",
        "alias": "text",
        "meta": "@sys.any",
        "userDefined": true
      },
      {
        "text": "」は何て言う",
        "userDefined": false
      }
    ],
    "isTemplate": false,
    "count": 0,
    "updated": 0
  },
  {
    "id": "36061220-67f6-4afc-a6c7-847fbcc0cfa1",
    "data": [
      {
        "text": "じゃあ「",
        "userDefined": false
      },
      {
        "text": "最近どう",
        "alias": "text",
        "meta": "@sys.any",
        "userDefined": true
      },
      {
        "text": "」は何",
        "userDefined": false
      }
    ],
    "isTemplate": false,
    "count": 0,
    "updated": 0
  }
]