[
  {
    "id": "0e78eadd-8fac-4ac1-972e-68d990806f88",
    "data": [
      {
        "text": "在要",
        "userDefined": false
      },
      {
        "text": "how are you",
        "alias": "text",
        "meta": "@sys.any",
        "userDefined": true
      },
      {
        "text": "從",
        "userDefined": false
      },
      {
        "text": "英文",
        "alias": "lang-from",
        "meta": "@sys.language",
        "userDefined": true
      }
    ],
    "isTemplate": false,
    "count": 0,
    "updated": 0
  },
  {
    "id": "ea1ded06-b783-4bcb-a3fb-e5e2ccfb67ed",
    "data": [
      {
        "text": "關",
        "meta": "@sys.ignore",
        "userDefined": true
      },
      {
        "text": "于",
        "userDefined": false
      },
      {
        "text": "umbrella",
        "alias": "text",
        "meta": "@sys.any",
        "userDefined": true
      },
      {
        "text": "從",
        "userDefined": false
      },
      {
        "text": "英文",
        "alias": "lang-from",
        "meta": "@sys.language",
        "userDefined": true
      }
    ],
    "isTemplate": false,
    "count": 0,
    "updated": 0
  },
  {
    "id": "99631430-e5f2-4d42-adb1-766f9ebd21d8",
    "data": [
      {
        "text": "現在",
        "userDefined": false
      },
      {
        "text": "computer",
        "alias": "text",
        "meta": "@sys.any",
        "userDefined": true
      },
      {
        "text": "從",
        "userDefined": false
      },
      {
        "text": "英文",
        "alias": "lang-from",
        "meta": "@sys.language",
        "userDefined": true
      }
    ],
    "isTemplate": false,
    "count": 0,
    "updated": 0
  },
  {
    "id": "80398fd4-fc6e-467c-8e5b-e67a87b63d12",
    "data": [
      {
        "text": "現在爲了",
        "userDefined": false
      },
      {
        "text": "car",
        "alias": "text",
        "meta": "@sys.any",
        "userDefined": true
      },
      {
        "text": "從",
        "userDefined": false
      },
      {
        "text": "英文",
        "alias": "lang-from",
        "meta": "@sys.language",
        "userDefined": true
      }
    ],
    "isTemplate": false,
    "count": 0,
    "updated": 0
  },
  {
    "id": "950bf798-d002-42d3-9d2f-7d6b9dd3ee85",
    "data": [
      {
        "text": "爲了",
        "userDefined": false
      },
      {
        "text": "bye",
        "alias": "text",
        "meta": "@sys.any",
        "userDefined": true
      },
      {
        "text": "從",
        "userDefined": false
      },
      {
        "text": "英文",
        "alias": "lang-from",
        "meta": "@sys.language",
        "userDefined": true
      }
    ],
    "isTemplate": false,
    "count": 0,
    "updated": 0
  },
  {
    "id": "8ddee31e-24e2-4732-b0a0-498549500096",
    "data": [
      {
        "text": "爲",
        "userDefined": false
      },
      {
        "text": "hello",
        "alias": "text",
        "meta": "@sys.any",
        "userDefined": true
      },
      {
        "text": "從",
        "userDefined": false
      },
      {
        "text": "英文",
        "alias": "lang-from",
        "meta": "@sys.language",
        "userDefined": true
      }
    ],
    "isTemplate": false,
    "count": 0,
    "updated": 0
  },
  {
    "id": "c2602e70-d41c-4143-b2a6-f54c9bbfe05e",
    "data": [
      {
        "text": "現在要",
        "userDefined": false
      },
      {
        "text": "beach",
        "alias": "text",
        "meta": "@sys.any",
        "userDefined": true
      },
      {
        "text": "從",
        "userDefined": false
      },
      {
        "text": "英文",
        "alias": "lang-from",
        "meta": "@sys.language",
        "userDefined": true
      }
    ],
    "isTemplate": false,
    "count": 0,
    "updated": 0
  },
  {
    "id": "2e30e8cf-32aa-45b9-bed2-425ea74afe35",
    "data": [
      {
        "text": "你好",
        "alias": "text",
        "meta": "@sys.any",
        "userDefined": true
      },
      {
        "text": "從",
        "userDefined": false
      },
      {
        "text": "中文",
        "alias": "lang-from",
        "meta": "@sys.language",
        "userDefined": true
      }
    ],
    "isTemplate": false,
    "count": 0,
    "updated": 0
  }
]