[
  {
    "id": "7a159919-56c6-4fee-bd8f-82e8640c9492",
    "data": [
      {
        "text": "ora ",
        "userDefined": false
      },
      {
        "text": "lo stesso",
        "meta": "@sys.ignore",
        "userDefined": true
      },
      {
        "text": " dallo ",
        "userDefined": false
      },
      {
        "text": "spagnolo",
        "alias": "lang-from",
        "meta": "@sys.language",
        "userDefined": true
      }
    ],
    "isTemplate": false,
    "count": 0,
    "updated": 0
  },
  {
    "id": "006d5f88-8dab-4d0b-8988-2ae776b1de88",
    "data": [
      {
        "text": "ora ",
        "userDefined": false
      },
      {
        "text": "sto bene",
        "alias": "text",
        "meta": "@sys.any",
        "userDefined": true
      },
      {
        "text": " dall",
        "userDefined": false
      },
      {
        "text": "\u0027inglese",
        "alias": "lang-from",
        "meta": "@sys.language",
        "userDefined": true
      }
    ],
    "isTemplate": false,
    "count": 0,
    "updated": 0
  },
  {
    "id": "20a38684-5356-4176-8bda-6da6034b16e8",
    "data": [
      {
        "text": "anche dall\u0027",
        "userDefined": false
      },
      {
        "text": "italiano",
        "alias": "lang-from",
        "meta": "@sys.language",
        "userDefined": true
      }
    ],
    "isTemplate": false,
    "count": 0,
    "updated": 0
  }
]