[
  {
    "id": "176eaf8b-c902-43b7-ad38-f3845b5eb0bc",
    "data": [
      {
        "text": "agora traduzir ",
        "userDefined": false
      },
      {
        "text": "como você está",
        "alias": "text",
        "meta": "@sys.language",
        "userDefined": true
      }
    ],
    "isTemplate": false,
    "count": 0,
    "updated": 0
  },
  {
    "id": "50cf2d8e-cdb3-43a2-af93-c2a6a4b585f5",
    "data": [
      {
        "text": "como se diz ",
        "userDefined": false
      },
      {
        "text": "me liga amanhã",
        "alias": "text",
        "meta": "@sys.language",
        "userDefined": true
      }
    ],
    "isTemplate": false,
    "count": 0,
    "updated": 0
  },
  {
    "id": "13c3acc0-86ef-4b36-8c3e-56c568a54d69",
    "data": [
      {
        "text": "agora ",
        "userDefined": false
      },
      {
        "text": "café da manhã",
        "alias": "text",
        "meta": "@sys.language",
        "userDefined": true
      }
    ],
    "isTemplate": false,
    "count": 0,
    "updated": 0
  },
  {
    "id": "c470e8b1-826b-4bba-b623-69d56cb5fba8",
    "data": [
      {
        "text": "agora traduzir ",
        "userDefined": false
      },
      {
        "text": "como anda a vida",
        "alias": "text",
        "meta": "@sys.language",
        "userDefined": true
      }
    ],
    "isTemplate": false,
    "count": 0,
    "updated": 0
  },
  {
    "id": "abe32bb2-3f5e-456f-8605-b32e7f57083a",
    "data": [
      {
        "text": "eu te amo",
        "alias": "text",
        "meta": "@sys.language",
        "userDefined": true
      }
    ],
    "isTemplate": false,
    "count": 0,
    "updated": 0
  },
  {
    "id": "3a15e30d-5336-4f87-9bc8-bb509fc14dba",
    "data": [
      {
        "text": "olá",
        "alias": "text",
        "meta": "@sys.language",
        "userDefined": true
      }
    ],
    "isTemplate": false,
    "count": 0,
    "updated": 0
  },
  {
    "id": "e45fcb01-71d0-4db3-b7d2-7b01a6eada54",
    "data": [
      {
        "text": "agora ",
        "userDefined": false
      },
      {
        "text": "como vai",
        "alias": "text",
        "meta": "@sys.language",
        "userDefined": true
      }
    ],
    "isTemplate": false,
    "count": 0,
    "updated": 0
  },
  {
    "id": "aa1d3ba2-35b0-45b2-acf9-dd98623add27",
    "data": [
      {
        "text": "je t\u0027aime",
        "alias": "text",
        "meta": "@sys.language",
        "userDefined": true
      }
    ],
    "isTemplate": false,
    "count": 0,
    "updated": 0
  },
  {
    "id": "74794cb6-8717-4b2f-a0fe-e38be4ae25a3",
    "data": [
      {
        "text": "e ",
        "userDefined": false
      },
      {
        "text": "eu te amo",
        "alias": "text",
        "meta": "@sys.language",
        "userDefined": true
      }
    ],
    "isTemplate": false,
    "count": 0,
    "updated": 0
  },
  {
    "id": "8c79f9af-b4ee-4210-9d82-b0d51f457518",
    "data": [
      {
        "text": "e ",
        "userDefined": false
      },
      {
        "text": "bonjour",
        "alias": "text",
        "meta": "@sys.language",
        "userDefined": true
      }
    ],
    "isTemplate": false,
    "count": 0,
    "updated": 0
  }
]