[
  {
    "id": "d47d865d-6b2e-45f4-b5f9-6d18f9bc211a",
    "data": [
      {
        "text": "and ",
        "userDefined": false
      },
      {
        "text": "I love you",
        "alias": "text",
        "meta": "@sys.any",
        "userDefined": true
      }
    ],
    "isTemplate": false,
    "count": 0,
    "updated": 0
  },
  {
    "id": "73df137b-3e2f-42db-8c62-ddb0ccc7d46c",
    "data": [
      {
        "text": "now ",
        "userDefined": false
      },
      {
        "text": "what\u0027s up",
        "alias": "text",
        "meta": "@sys.any",
        "userDefined": true
      }
    ],
    "isTemplate": false,
    "count": 0,
    "updated": 0
  },
  {
    "id": "64a2c474-a2c1-4ad3-939b-3dc3802147b9",
    "data": [
      {
        "text": "now ",
        "userDefined": false
      },
      {
        "text": "breakfast",
        "alias": "text",
        "meta": "@sys.any",
        "userDefined": true
      }
    ],
    "isTemplate": false,
    "count": 0,
    "updated": 0
  },
  {
    "id": "464dcc10-2056-4c57-81f8-36affa8d0daf",
    "data": [
      {
        "text": "je t\u0027aime",
        "alias": "text",
        "meta": "@sys.any",
        "userDefined": true
      }
    ],
    "isTemplate": false,
    "count": 0,
    "updated": 0
  },
  {
    "id": "4fa4eaa9-dd36-4505-9163-19dc4e6ca1b9",
    "data": [
      {
        "text": "I love you",
        "alias": "text",
        "meta": "@sys.any",
        "userDefined": true
      }
    ],
    "isTemplate": false,
    "count": 0,
    "updated": 0
  },
  {
    "id": "2dae5091-14b8-4bda-a017-0050ce100d2b",
    "data": [
      {
        "text": "and ",
        "userDefined": false
      },
      {
        "text": "bonjour",
        "alias": "text",
        "meta": "@sys.any",
        "userDefined": true
      }
    ],
    "isTemplate": false,
    "count": 0,
    "updated": 0
  },
  {
    "id": "a1e36a55-37c2-40d6-9aca-a20a0dfb63ab",
    "data": [
      {
        "text": "how to say ",
        "userDefined": false
      },
      {
        "text": "call me tomorrow",
        "alias": "text",
        "meta": "@sys.any",
        "userDefined": true
      }
    ],
    "isTemplate": false,
    "count": 0,
    "updated": 0
  },
  {
    "id": "14c6db3d-11a1-4e39-9684-b58cb2442670",
    "data": [
      {
        "text": "now translate ",
        "userDefined": false
      },
      {
        "text": "how are you",
        "alias": "text",
        "meta": "@sys.any",
        "userDefined": true
      }
    ],
    "isTemplate": false,
    "count": 0,
    "updated": 0
  },
  {
    "id": "2ae8b26d-186d-4a14-87c0-3f56e2bda518",
    "data": [
      {
        "text": "now translation ",
        "userDefined": false
      },
      {
        "text": "how is life",
        "alias": "text",
        "meta": "@sys.any",
        "userDefined": true
      }
    ],
    "isTemplate": false,
    "count": 0,
    "updated": 0
  },
  {
    "id": "78953ec7-865f-453c-822e-b7fb29c54168",
    "data": [
      {
        "text": "hello",
        "alias": "text",
        "meta": "@sys.any",
        "userDefined": true
      }
    ],
    "isTemplate": false,
    "count": 0,
    "updated": 0
  }
]