[
  {
    "id": "154dc658-5063-43c8-8a7d-62145dafdce1",
    "data": [
      {
        "text": "y ",
        "userDefined": false
      },
      {
        "text": "hola qué tal",
        "alias": "text",
        "meta": "@sys.any",
        "userDefined": true
      }
    ],
    "isTemplate": false,
    "count": 0,
    "updated": 0
  },
  {
    "id": "4d36d052-6231-4746-9f75-01a8019bfce9",
    "data": [
      {
        "text": "ahora",
        "meta": "@sys.ignore",
        "userDefined": true
      },
      {
        "text": " ",
        "userDefined": false
      },
      {
        "text": "pasta",
        "alias": "text",
        "meta": "@sys.any",
        "userDefined": true
      },
      {
        "text": " ",
        "userDefined": false
      },
      {
        "text": "al",
        "meta": "@sys.ignore",
        "userDefined": true
      },
      {
        "text": " ",
        "userDefined": false
      },
      {
        "text": "francés",
        "alias": "lang-to",
        "meta": "@sys.language",
        "userDefined": true
      }
    ],
    "isTemplate": false,
    "count": 0,
    "updated": 0
  },
  {
    "id": "3ed8a28f-fc6e-4a76-98fc-3f1d002250e8",
    "data": [
      {
        "text": "ahora",
        "meta": "@sys.ignore",
        "userDefined": true
      },
      {
        "text": " ",
        "userDefined": false
      },
      {
        "text": "gato",
        "alias": "lang-to",
        "meta": "@sys.language",
        "userDefined": true
      }
    ],
    "isTemplate": false,
    "count": 0,
    "updated": 0
  },
  {
    "id": "c33bd408-3714-476c-8ba8-594d04188ce7",
    "data": [
      {
        "text": "al ",
        "userDefined": false
      },
      {
        "text": "polaco",
        "alias": "lang-to",
        "meta": "@sys.language",
        "userDefined": true
      },
      {
        "text": " ",
        "userDefined": false
      },
      {
        "text": "te quiero",
        "alias": "text",
        "meta": "@sys.any",
        "userDefined": true
      }
    ],
    "isTemplate": false,
    "count": 0,
    "updated": 0
  },
  {
    "id": "22e65c1b-bf3e-41dc-b822-58bcf1efb55c",
    "data": [
      {
        "text": "y ",
        "userDefined": false
      },
      {
        "text": "perro",
        "alias": "text",
        "meta": "@sys.any",
        "userDefined": true
      },
      {
        "text": " en ",
        "userDefined": false
      },
      {
        "text": "alemán",
        "alias": "lang-to",
        "meta": "@sys.language",
        "userDefined": true
      }
    ],
    "isTemplate": false,
    "count": 0,
    "updated": 0
  }
]