[
  {
    "id": "0bb7b474-dbb1-48ce-90f5-e91efed64273",
    "data": [
      {
        "text": "還需要",
        "userDefined": false
      },
      {
        "text": "再見",
        "alias": "text",
        "meta": "@sys.any",
        "userDefined": true
      },
      {
        "text": "爲韓語",
        "userDefined": false
      }
    ],
    "isTemplate": false,
    "count": 0,
    "updated": 0
  },
  {
    "id": "1b03c3b6-2c1b-4ab9-86bc-e22323e282c3",
    "data": [
      {
        "text": "能不能翻譯",
        "userDefined": false
      },
      {
        "text": "我愛你",
        "alias": "text",
        "meta": "@sys.any",
        "userDefined": true
      },
      {
        "text": "子爲",
        "userDefined": false
      },
      {
        "text": "意大利語",
        "alias": "lang-to",
        "meta": "@sys.language",
        "userDefined": false
      }
    ],
    "isTemplate": false,
    "count": 0,
    "updated": 0
  },
  {
    "id": "97a26edd-2d86-4018-b337-1c1d5eec71bc",
    "data": [
      {
        "text": "現在",
        "userDefined": false
      },
      {
        "text": "你好",
        "alias": "text",
        "meta": "@sys.any",
        "userDefined": true
      },
      {
        "text": "爲了",
        "userDefined": false
      },
      {
        "text": "阿拉伯語",
        "alias": "lang-to",
        "meta": "@sys.language",
        "userDefined": false
      }
    ],
    "isTemplate": false,
    "count": 0,
    "updated": 0
  },
  {
    "id": "dea37483-edfd-482f-bdc5-620dbd0dbfa2",
    "data": [
      {
        "text": "你好",
        "alias": "text",
        "meta": "@sys.any",
        "userDefined": true
      },
      {
        "text": "翻譯成",
        "userDefined": false
      },
      {
        "text": "中文",
        "alias": "lang-to",
        "meta": "@sys.language",
        "userDefined": true
      }
    ],
    "isTemplate": false,
    "count": 0,
    "updated": 0
  },
  {
    "id": "4d805bf6-b87a-431d-b640-a2a4d662abf8",
    "data": [
      {
        "text": "怎麽能翻譯你好爲",
        "userDefined": false
      },
      {
        "text": "俄語",
        "alias": "lang-to",
        "meta": "@sys.language",
        "userDefined": false
      }
    ],
    "isTemplate": false,
    "count": 0,
    "updated": 0
  },
  {
    "id": "c65242ba-1d7e-4e9f-8732-e5e475d52460",
    "data": [
      {
        "text": "還要",
        "userDefined": false
      },
      {
        "text": "句子",
        "alias": "text",
        "meta": "@sys.any",
        "userDefined": true
      },
      {
        "text": "爲",
        "userDefined": false
      },
      {
        "text": "法語",
        "alias": "lang-to",
        "meta": "@sys.language",
        "userDefined": false
      }
    ],
    "isTemplate": false,
    "count": 0,
    "updated": 0
  },
  {
    "id": "fbda4e58-4823-4fa1-ab43-3d65c61dd59a",
    "data": [
      {
        "text": "關于",
        "userDefined": false
      },
      {
        "text": "雨傘",
        "alias": "text",
        "meta": "@sys.any",
        "userDefined": true
      },
      {
        "text": "爲",
        "userDefined": false
      },
      {
        "text": "日語",
        "alias": "lang-to",
        "meta": "@sys.language",
        "userDefined": false
      }
    ],
    "isTemplate": false,
    "count": 0,
    "updated": 0
  },
  {
    "id": "d63f689a-8c2a-4f3b-842c-61abb1ad5bfb",
    "data": [
      {
        "text": "我還要翻譯爲",
        "userDefined": false
      },
      {
        "text": "英語",
        "alias": "lang-to",
        "meta": "@sys.language",
        "userDefined": false
      }
    ],
    "isTemplate": false,
    "count": 0,
    "updated": 0
  },
  {
    "id": "7c0ca015-52cb-4e65-aa80-1764b89c40e0",
    "data": [
      {
        "text": "你好",
        "alias": "text",
        "meta": "@sys.any",
        "userDefined": true
      },
      {
        "text": "到",
        "userDefined": false
      },
      {
        "text": "英文",
        "alias": "lang-to",
        "meta": "@sys.language",
        "userDefined": true
      }
    ],
    "isTemplate": false,
    "count": 0,
    "updated": 0
  },
  {
    "id": "daefd5f1-4d13-4772-8739-a179df338e40",
    "data": [
      {
        "text": "會不會翻譯成",
        "userDefined": false
      },
      {
        "text": "日文",
        "alias": "lang-to",
        "meta": "@sys.language",
        "userDefined": true
      }
    ],
    "isTemplate": false,
    "count": 0,
    "updated": 0
  }
]