[
  {
    "id": "973a8f6c-7bbf-4d14-a906-c96ae6aac58c",
    "data": [
      {
        "text": "und bitte auch ins ",
        "userDefined": false
      },
      {
        "text": "Russische",
        "alias": "lang-to",
        "meta": "@sys.language",
        "userDefined": true
      }
    ],
    "isTemplate": false,
    "count": 0,
    "updated": 0
  },
  {
    "id": "ebcb9fbf-149a-4323-b1b7-b068a0225550",
    "data": [
      {
        "text": "und wie sagt man das auf ",
        "userDefined": false
      },
      {
        "text": "Spanisch",
        "alias": "lang-to",
        "meta": "@sys.language",
        "userDefined": false
      }
    ],
    "isTemplate": false,
    "count": 0,
    "updated": 0
  },
  {
    "id": "6f9813b4-55e4-40ec-a5e0-b7f0b4b4bc3f",
    "data": [
      {
        "text": "und auf ",
        "userDefined": false
      },
      {
        "text": "Russisch",
        "alias": "lang-to",
        "meta": "@sys.language",
        "userDefined": false
      }
    ],
    "isTemplate": false,
    "count": 0,
    "updated": 0
  },
  {
    "id": "28be5a06-d244-4a3e-8d79-3550538cdbee",
    "data": [
      {
        "text": "ins ",
        "userDefined": false
      },
      {
        "text": "Spanische",
        "alias": "lang-to",
        "meta": "@sys.language",
        "userDefined": true
      }
    ],
    "isTemplate": false,
    "count": 0,
    "updated": 0
  },
  {
    "id": "3ef207ab-a83d-4fa8-9626-b9719b159cec",
    "data": [
      {
        "text": "auf ",
        "userDefined": false
      },
      {
        "text": "Spanisch",
        "alias": "lang-to",
        "meta": "@sys.language",
        "userDefined": false
      }
    ],
    "isTemplate": false,
    "count": 0,
    "updated": 0
  },
  {
    "id": "9a1465da-ae93-4cca-93d7-9ec160231e2e",
    "data": [
      {
        "text": "und wie heißt das auf ",
        "userDefined": false
      },
      {
        "text": "Türkisch",
        "alias": "lang-to",
        "meta": "@sys.language",
        "userDefined": false
      }
    ],
    "isTemplate": false,
    "count": 0,
    "updated": 0
  },
  {
    "id": "c5da0a60-e5ee-4068-8c46-01236ed21007",
    "data": [
      {
        "text": "jetzt auf ",
        "userDefined": false
      },
      {
        "text": "Englisch",
        "alias": "lang-to",
        "meta": "@sys.language",
        "userDefined": false
      }
    ],
    "isTemplate": false,
    "count": 0,
    "updated": 0
  },
  {
    "id": "5a3cbe1f-de11-404f-bb33-e30fc7ee80b6",
    "data": [
      {
        "text": "jetzt bitte ins ",
        "userDefined": false
      },
      {
        "text": "Türkische",
        "alias": "lang-to",
        "meta": "@sys.language",
        "userDefined": true
      }
    ],
    "isTemplate": false,
    "count": 0,
    "updated": 0
  }
]