[
  {
    "id": "5ad90713-8710-4520-ab60-1e8cc0d14f4f",
    "data": [
      {
        "text": "translate from ",
        "userDefined": false
      },
      {
        "text": "English",
        "alias": "lang-from",
        "meta": "@sys.language",
        "userDefined": true
      },
      {
        "text": " to ",
        "userDefined": false
      },
      {
        "text": "French",
        "alias": "lang-to",
        "meta": "@sys.language",
        "userDefined": true
      }
    ],
    "isTemplate": false,
    "count": 0,
    "updated": 0
  },
  {
    "id": "134e9c3e-daef-4354-b5ce-c72ddd4e7bf7",
    "data": [
      {
        "text": "read the translation of ",
        "userDefined": false
      },
      {
        "text": "so cool",
        "alias": "text",
        "meta": "@sys.any",
        "userDefined": true
      }
    ],
    "isTemplate": false,
    "count": 0,
    "updated": 0
  },
  {
    "id": "a32d05ae-8917-4303-862c-96345261c666",
    "data": [
      {
        "text": "I need the translation for ",
        "userDefined": false
      },
      {
        "text": "amour",
        "alias": "text",
        "meta": "@sys.any",
        "userDefined": true
      },
      {
        "text": " from ",
        "userDefined": false
      },
      {
        "text": "French",
        "alias": "lang-from",
        "meta": "@sys.language",
        "userDefined": true
      }
    ],
    "isTemplate": false,
    "count": 0,
    "updated": 0
  },
  {
    "id": "57ed7433-5008-4386-b580-e91c91c9bc4f",
    "data": [
      {
        "text": "I need to translate ",
        "userDefined": false
      },
      {
        "text": "Bengali",
        "alias": "lang-from",
        "meta": "@sys.language",
        "userDefined": false
      }
    ],
    "isTemplate": false,
    "count": 0,
    "updated": 0
  },
  {
    "id": "49a7aec4-8765-414b-b7d2-93deeae487f9",
    "data": [
      {
        "text": "translate ",
        "userDefined": false
      },
      {
        "text": "hello",
        "alias": "text",
        "meta": "@sys.any",
        "userDefined": true
      },
      {
        "text": " in ",
        "userDefined": false
      },
      {
        "text": "Filipino",
        "alias": "lang-to",
        "meta": "@sys.language",
        "userDefined": true
      }
    ],
    "isTemplate": false,
    "count": 0,
    "updated": 0
  },
  {
    "id": "a3524a92-9f8e-4584-bacd-99332914182e",
    "data": [
      {
        "text": "translation into ",
        "userDefined": false
      },
      {
        "text": "Polish",
        "alias": "lang-to",
        "meta": "@sys.language",
        "userDefined": true
      }
    ],
    "isTemplate": false,
    "count": 0,
    "updated": 0
  },
  {
    "id": "4bdc0f6d-d936-435a-a94b-228fc5394585",
    "data": [
      {
        "text": "translate ",
        "userDefined": false
      },
      {
        "text": "hey",
        "alias": "text",
        "meta": "@sys.any",
        "userDefined": true
      },
      {
        "text": " into ",
        "userDefined": false
      },
      {
        "text": "Somali",
        "alias": "lang-to",
        "meta": "@sys.language",
        "userDefined": false
      }
    ],
    "isTemplate": false,
    "count": 0,
    "updated": 0
  },
  {
    "id": "5cd144e5-8e47-47f3-a48d-d2303e360442",
    "data": [
      {
        "text": "now",
        "meta": "@sys.ignore",
        "userDefined": false
      },
      {
        "text": " translate ",
        "userDefined": false
      },
      {
        "text": "how are you",
        "alias": "text",
        "meta": "@sys.any",
        "userDefined": true
      }
    ],
    "isTemplate": false,
    "count": 0,
    "updated": 0
  },
  {
    "id": "b4e7f1f5-bb79-40d3-9343-3af3957824d2",
    "data": [
      {
        "text": "how do you say ",
        "userDefined": false
      },
      {
        "text": "Santa Claus",
        "alias": "text",
        "meta": "@sys.any",
        "userDefined": true
      },
      {
        "text": " in ",
        "userDefined": false
      },
      {
        "text": "Finnish",
        "alias": "lang-to",
        "meta": "@sys.language",
        "userDefined": true
      }
    ],
    "isTemplate": false,
    "count": 0,
    "updated": 0
  },
  {
    "id": "73832897-ea0a-4e3a-95e9-4ac18b2e1606",
    "data": [
      {
        "text": "please translate in ",
        "userDefined": false
      },
      {
        "text": "English",
        "alias": "lang-to",
        "meta": "@sys.language",
        "userDefined": true
      }
    ],
    "isTemplate": false,
    "count": 0,
    "updated": 0
  },
  {
    "id": "662158b3-6674-4f60-99da-ad0a435836f4",
    "data": [
      {
        "text": "the ",
        "userDefined": false
      },
      {
        "text": "Hindi",
        "alias": "lang-to",
        "meta": "@sys.language",
        "userDefined": true
      },
      {
        "text": " translation of ",
        "userDefined": false
      },
      {
        "text": "frivolity",
        "alias": "text",
        "meta": "@sys.any",
        "userDefined": true
      }
    ],
    "isTemplate": false,
    "count": 0,
    "updated": 0
  },
  {
    "id": "8415b103-c3d2-4493-88c4-928e123a3757",
    "data": [
      {
        "text": "translate the phrase ",
        "userDefined": false
      },
      {
        "text": "je t\u0027aime",
        "alias": "text",
        "meta": "@sys.any",
        "userDefined": true
      },
      {
        "text": " into ",
        "userDefined": false
      },
      {
        "text": "Hebrew",
        "alias": "lang-to",
        "meta": "@sys.language",
        "userDefined": true
      }
    ],
    "isTemplate": false,
    "count": 0,
    "updated": 0
  },
  {
    "id": "0efb5162-b1c8-45bd-93db-ddbd0be133a0",
    "data": [
      {
        "text": "translate ",
        "userDefined": false
      },
      {
        "text": "send me a picture",
        "alias": "text",
        "meta": "@sys.any",
        "userDefined": true
      },
      {
        "text": " in ",
        "userDefined": false
      },
      {
        "text": "Chinese",
        "alias": "lang-to",
        "meta": "@sys.language",
        "userDefined": false
      }
    ],
    "isTemplate": false,
    "count": 0,
    "updated": 0
  },
  {
    "id": "266de6cb-2b98-432d-a1ff-293fd4eb2308",
    "data": [
      {
        "text": "translate a word",
        "userDefined": false
      }
    ],
    "isTemplate": false,
    "count": 0,
    "updated": 0
  },
  {
    "id": "4e6907c0-2445-4675-bc91-ef9c7d45041b",
    "data": [
      {
        "text": "English",
        "alias": "lang-from",
        "meta": "@sys.language",
        "userDefined": true
      },
      {
        "text": " ",
        "userDefined": false
      },
      {
        "text": "Russian",
        "alias": "lang-to",
        "meta": "@sys.language",
        "userDefined": true
      },
      {
        "text": " translation",
        "userDefined": false
      }
    ],
    "isTemplate": false,
    "count": 0,
    "updated": 0
  },
  {
    "id": "afef81b2-7588-44eb-b433-4500db77be45",
    "data": [
      {
        "text": "read the translation of ",
        "userDefined": false
      },
      {
        "text": "so cool",
        "alias": "text",
        "meta": "@sys.any",
        "userDefined": true
      },
      {
        "text": " from ",
        "userDefined": false
      },
      {
        "text": "Spanish",
        "alias": "lang-from",
        "meta": "@sys.language",
        "userDefined": true
      }
    ],
    "isTemplate": false,
    "count": 0,
    "updated": 0
  },
  {
    "id": "e763d0e8-5c0b-47b4-a862-fb15d7d7a655",
    "data": [
      {
        "text": "translate to ",
        "userDefined": false
      },
      {
        "text": "French",
        "alias": "lang-to",
        "meta": "@sys.language",
        "userDefined": true
      }
    ],
    "isTemplate": false,
    "count": 0,
    "updated": 0
  },
  {
    "id": "0bb13aff-a760-42a7-bf4d-dd99092ac2fc",
    "data": [
      {
        "text": "translate ",
        "userDefined": false
      },
      {
        "text": "hola",
        "alias": "text",
        "meta": "@sys.any",
        "userDefined": true
      },
      {
        "text": " from ",
        "userDefined": false
      },
      {
        "text": "Spanish",
        "alias": "lang-from",
        "meta": "@sys.language",
        "userDefined": true
      }
    ],
    "isTemplate": false,
    "count": 0,
    "updated": 0
  },
  {
    "id": "50fc6ab3-d4aa-4ac2-9e22-2da788029a6f",
    "data": [
      {
        "text": "translate ",
        "userDefined": false
      },
      {
        "text": "offspring",
        "alias": "text",
        "meta": "@sys.any",
        "userDefined": true
      },
      {
        "text": " in ",
        "userDefined": false
      },
      {
        "text": "Tagalog",
        "alias": "lang-to",
        "meta": "@sys.language",
        "userDefined": false
      }
    ],
    "isTemplate": false,
    "count": 0,
    "updated": 0
  },
  {
    "id": "d1d7a0b3-4d03-4bc1-9453-8fc11d0d073d",
    "data": [
      {
        "text": "translate",
        "userDefined": false
      }
    ],
    "isTemplate": false,
    "count": 0,
    "updated": 0
  },
  {
    "id": "95a74f34-6e32-4886-87b8-22b9bef4d1cb",
    "data": [
      {
        "text": "how to translate ",
        "userDefined": false
      },
      {
        "text": "hello",
        "alias": "text",
        "meta": "@sys.any",
        "userDefined": true
      },
      {
        "text": " into ",
        "userDefined": false
      },
      {
        "text": "Spanish",
        "alias": "lang-to",
        "meta": "@sys.language",
        "userDefined": true
      }
    ],
    "isTemplate": false,
    "count": 0,
    "updated": 0
  },
  {
    "id": "26e56807-7247-4ad6-8ed8-9d266bba0361",
    "data": [
      {
        "text": "hola qué tal",
        "alias": "text",
        "meta": "@sys.any",
        "userDefined": true
      },
      {
        "text": " from ",
        "userDefined": false
      },
      {
        "text": "Spanish",
        "alias": "lang-from",
        "meta": "@sys.language",
        "userDefined": true
      },
      {
        "text": " into ",
        "userDefined": false
      },
      {
        "text": "Croatian",
        "alias": "lang-to",
        "meta": "@sys.language",
        "userDefined": true
      }
    ],
    "isTemplate": false,
    "count": 0,
    "updated": 0
  },
  {
    "id": "6bee454e-58f2-4b5a-84d2-468f763e860f",
    "data": [
      {
        "text": "translate ",
        "userDefined": false
      },
      {
        "text": "I love you",
        "alias": "text",
        "meta": "@sys.any",
        "userDefined": true
      },
      {
        "text": " from ",
        "userDefined": false
      },
      {
        "text": "English",
        "alias": "lang-from",
        "meta": "@sys.language",
        "userDefined": true
      },
      {
        "text": " into ",
        "userDefined": false
      },
      {
        "text": "Russian",
        "alias": "lang-to",
        "meta": "@sys.language",
        "userDefined": true
      }
    ],
    "isTemplate": false,
    "count": 0,
    "updated": 0
  },
  {
    "id": "3a2c8e7e-3280-4061-83a5-ba4b2d3359f7",
    "data": [
      {
        "text": "I need a translation",
        "userDefined": false
      }
    ],
    "isTemplate": false,
    "count": 0,
    "updated": 0
  },
  {
    "id": "277f56a8-8eb4-408c-b740-582e83bc521e",
    "data": [
      {
        "text": "translate text",
        "userDefined": false
      }
    ],
    "isTemplate": false,
    "count": 0,
    "updated": 0
  },
  {
    "id": "f78a1035-c5ea-4d79-a772-af6107a4a21e",
    "data": [
      {
        "text": "the translation of the phrase ",
        "userDefined": false
      },
      {
        "text": "je t\u0027aime bien",
        "alias": "text",
        "meta": "@sys.any",
        "userDefined": true
      },
      {
        "text": " from ",
        "userDefined": false
      },
      {
        "text": "French",
        "alias": "lang-from",
        "meta": "@sys.language",
        "userDefined": true
      }
    ],
    "isTemplate": false,
    "count": 0,
    "updated": 0
  },
  {
    "id": "6659ae3d-7fc0-44fb-bf06-ec3baf67debf",
    "data": [
      {
        "text": "translate into ",
        "userDefined": false
      },
      {
        "text": "Greek",
        "alias": "lang-to",
        "meta": "@sys.language",
        "userDefined": true
      },
      {
        "text": " ",
        "userDefined": false
      },
      {
        "text": "cat",
        "alias": "text",
        "meta": "@sys.any",
        "userDefined": true
      }
    ],
    "isTemplate": false,
    "count": 0,
    "updated": 0
  },
  {
    "id": "fad98c1e-fa43-4588-a6dc-3f87d742b442",
    "data": [
      {
        "text": "translate into ",
        "userDefined": false
      },
      {
        "text": "Urdu",
        "alias": "lang-to",
        "meta": "@sys.language",
        "userDefined": true
      },
      {
        "text": " language",
        "userDefined": false
      }
    ],
    "isTemplate": false,
    "count": 0,
    "updated": 0
  },
  {
    "id": "60d824d4-7182-4654-969c-ebd1314bdfc6",
    "data": [
      {
        "text": "translate ",
        "userDefined": false
      },
      {
        "text": "how are you doing today",
        "alias": "text",
        "meta": "@sys.any",
        "userDefined": true
      },
      {
        "text": " in ",
        "userDefined": false
      },
      {
        "text": "Chinese",
        "alias": "lang-to",
        "meta": "@sys.language",
        "userDefined": true
      }
    ],
    "isTemplate": false,
    "count": 0,
    "updated": 0
  },
  {
    "id": "c4021de6-61d8-4695-98d2-46c9ab4cb32a",
    "data": [
      {
        "text": "tell me the ",
        "userDefined": false
      },
      {
        "text": "Irish",
        "alias": "lang-to",
        "meta": "@sys.language",
        "userDefined": true
      },
      {
        "text": " translation for ",
        "userDefined": false
      },
      {
        "text": "beer",
        "alias": "text",
        "meta": "@sys.any",
        "userDefined": true
      },
      {
        "text": " please",
        "userDefined": false
      }
    ],
    "isTemplate": false,
    "count": 0,
    "updated": 0
  },
  {
    "id": "8362b5a6-3758-4e86-96d8-27c819bad6bd",
    "data": [
      {
        "text": "translation for ",
        "userDefined": false
      },
      {
        "text": "gutter",
        "alias": "text",
        "meta": "@sys.any",
        "userDefined": true
      },
      {
        "text": " in ",
        "userDefined": false
      },
      {
        "text": "Portuguese",
        "alias": "lang-to",
        "meta": "@sys.language",
        "userDefined": true
      }
    ],
    "isTemplate": false,
    "count": 1,
    "updated": 0
  },
  {
    "id": "5fe97f0d-82e5-4a05-811b-5e2b6a8c5db4",
    "data": [
      {
        "text": "translate ",
        "userDefined": false
      },
      {
        "text": "I like you",
        "alias": "text",
        "meta": "@sys.any",
        "userDefined": true
      },
      {
        "text": " in ",
        "userDefined": false
      },
      {
        "text": "Malay",
        "alias": "lang-to",
        "meta": "@sys.language",
        "userDefined": false
      }
    ],
    "isTemplate": false,
    "count": 0,
    "updated": 0
  },
  {
    "id": "f3f97abb-09f9-442f-a474-8a72e0c6b617",
    "data": [
      {
        "text": "translate to ",
        "userDefined": false
      },
      {
        "text": "German",
        "alias": "lang-to",
        "meta": "@sys.language",
        "userDefined": false
      },
      {
        "text": " ",
        "userDefined": false
      },
      {
        "text": "terima kasih",
        "alias": "text",
        "meta": "@sys.any",
        "userDefined": true
      }
    ],
    "isTemplate": false,
    "count": 0,
    "updated": 0
  },
  {
    "id": "7585a048-03bb-4772-8048-f34e5397ad22",
    "data": [
      {
        "text": "translate into ",
        "userDefined": false
      },
      {
        "text": "English",
        "alias": "lang-to",
        "meta": "@sys.language",
        "userDefined": true
      },
      {
        "text": " ",
        "userDefined": false
      },
      {
        "text": "le renard",
        "alias": "text",
        "meta": "@sys.any",
        "userDefined": true
      }
    ],
    "isTemplate": false,
    "count": 0,
    "updated": 0
  },
  {
    "id": "5a9b4b5c-d0d2-4972-86a1-d4616215e0cd",
    "data": [
      {
        "text": "translate text ",
        "userDefined": false
      },
      {
        "text": "hello",
        "alias": "text",
        "meta": "@sys.any",
        "userDefined": true
      }
    ],
    "isTemplate": false,
    "count": 0,
    "updated": 0
  },
  {
    "id": "322f8b99-3dd8-48c3-b750-702febc26e03",
    "data": [
      {
        "text": "translate from ",
        "userDefined": false
      },
      {
        "text": "French",
        "alias": "lang-from",
        "meta": "@sys.language",
        "userDefined": true
      },
      {
        "text": " ",
        "userDefined": false
      },
      {
        "text": "j aime les croissans",
        "alias": "text",
        "meta": "@sys.any",
        "userDefined": true
      }
    ],
    "isTemplate": false,
    "count": 0,
    "updated": 0
  },
  {
    "id": "39552216-d06e-49a3-9bd7-5dd92c8274db",
    "data": [
      {
        "text": "what\u0027s the ",
        "userDefined": false
      },
      {
        "text": "German",
        "alias": "lang-from",
        "meta": "@sys.language",
        "userDefined": true
      },
      {
        "text": " word for ",
        "userDefined": false
      },
      {
        "text": "pencil",
        "alias": "text",
        "meta": "@sys.any",
        "userDefined": true
      }
    ],
    "isTemplate": false,
    "count": 0,
    "updated": 0
  },
  {
    "id": "6acf9308-5f5a-4f99-a6cd-0cd4a1fd5362",
    "data": [
      {
        "text": "translate something from ",
        "userDefined": false
      },
      {
        "text": "Chinese",
        "alias": "lang-from",
        "meta": "@sys.language",
        "userDefined": true
      }
    ],
    "isTemplate": false,
    "count": 0,
    "updated": 0
  },
  {
    "id": "4defb7f3-0eab-4d2b-82e5-b8fa9045d69b",
    "data": [
      {
        "text": "can you say something in ",
        "userDefined": false
      },
      {
        "text": "French",
        "alias": "lang-to",
        "meta": "@sys.language",
        "userDefined": true
      }
    ],
    "isTemplate": false,
    "count": 0,
    "updated": 0
  },
  {
    "id": "414f8c29-a343-4cbf-8958-99ff9109c172",
    "data": [
      {
        "text": "say ",
        "userDefined": false
      },
      {
        "text": "I\u0027m happy",
        "alias": "text",
        "meta": "@sys.any",
        "userDefined": true
      },
      {
        "text": " in ",
        "userDefined": false
      },
      {
        "text": "Portuguese",
        "alias": "lang-to",
        "meta": "@sys.language",
        "userDefined": true
      }
    ],
    "isTemplate": false,
    "count": 0,
    "updated": 0
  },
  {
    "id": "6a255731-f542-4073-b3f0-417a8de2c490",
    "data": [
      {
        "text": "English",
        "alias": "lang-to",
        "meta": "@sys.language",
        "userDefined": true
      },
      {
        "text": " translation for ",
        "userDefined": false
      },
      {
        "text": "te quiero",
        "alias": "text",
        "meta": "@sys.any",
        "userDefined": true
      }
    ],
    "isTemplate": false,
    "count": 0,
    "updated": 0
  },
  {
    "id": "79300837-34c5-4911-ba0b-4db8c0d22f74",
    "data": [
      {
        "text": "translate for me",
        "userDefined": false
      }
    ],
    "isTemplate": false,
    "count": 0,
    "updated": 0
  },
  {
    "id": "cb85c9ed-bbaf-486c-9d3c-e9f9e75968fa",
    "data": [
      {
        "text": "translate ",
        "userDefined": false
      },
      {
        "text": "we will go to the circus tomorrow",
        "alias": "text",
        "meta": "@sys.any",
        "userDefined": true
      },
      {
        "text": " into ",
        "userDefined": false
      },
      {
        "text": "Bulgarian",
        "alias": "lang-to",
        "meta": "@sys.language",
        "userDefined": true
      }
    ],
    "isTemplate": false,
    "count": 0,
    "updated": 0
  },
  {
    "id": "1ac0f331-10b6-481d-b4da-cafc81b3936c",
    "data": [
      {
        "text": "translation of ",
        "userDefined": false
      },
      {
        "text": "cómo te llamas",
        "alias": "text",
        "meta": "@sys.any",
        "userDefined": true
      },
      {
        "text": " from ",
        "userDefined": false
      },
      {
        "text": "Spanish",
        "alias": "lang-from",
        "meta": "@sys.language",
        "userDefined": true
      },
      {
        "text": " into ",
        "userDefined": false
      },
      {
        "text": "English",
        "alias": "lang-to",
        "meta": "@sys.language",
        "userDefined": true
      }
    ],
    "isTemplate": false,
    "count": 0,
    "updated": 0
  },
  {
    "id": "675038ec-4d50-4070-91be-5b3f61059b35",
    "data": [
      {
        "text": "translate ",
        "userDefined": false
      },
      {
        "text": "student",
        "alias": "text",
        "meta": "@sys.any",
        "userDefined": true
      },
      {
        "text": " into ",
        "userDefined": false
      },
      {
        "text": "Chinese",
        "alias": "lang-to",
        "meta": "@sys.language",
        "userDefined": true
      }
    ],
    "isTemplate": false,
    "count": 0,
    "updated": 0
  },
  {
    "id": "c9208730-48b4-4bf8-b50b-05ae5ddd717e",
    "data": [
      {
        "text": "translate ",
        "userDefined": false
      },
      {
        "text": "bonjour",
        "alias": "text",
        "meta": "@sys.any",
        "userDefined": true
      },
      {
        "text": " from ",
        "userDefined": false
      },
      {
        "text": "French",
        "alias": "lang-from",
        "meta": "@sys.language",
        "userDefined": true
      },
      {
        "text": " into ",
        "userDefined": false
      },
      {
        "text": "English",
        "alias": "lang-to",
        "meta": "@sys.language",
        "userDefined": true
      }
    ],
    "isTemplate": false,
    "count": 0,
    "updated": 0
  },
  {
    "id": "304fc8f4-f026-40ed-8eff-6d39c11053d6",
    "data": [
      {
        "text": "translate ",
        "userDefined": false
      },
      {
        "text": "hello",
        "alias": "text",
        "meta": "@sys.any",
        "userDefined": true
      },
      {
        "text": " to ",
        "userDefined": false
      },
      {
        "text": "Spanish",
        "alias": "lang-to",
        "meta": "@sys.language",
        "userDefined": true
      },
      {
        "text": " from ",
        "userDefined": false
      },
      {
        "text": "English",
        "alias": "lang-from",
        "meta": "@sys.language",
        "userDefined": true
      }
    ],
    "isTemplate": false,
    "count": 1,
    "updated": 0
  },
  {
    "id": "fc8a3a7f-dcc6-469d-861a-b41ba04f722d",
    "data": [
      {
        "text": "show the translation of ",
        "userDefined": false
      },
      {
        "text": "read out",
        "alias": "text",
        "meta": "@sys.any",
        "userDefined": true
      }
    ],
    "isTemplate": false,
    "count": 0,
    "updated": 0
  },
  {
    "id": "a076c022-cf9a-4502-9ba0-dac230d11631",
    "data": [
      {
        "text": "translate ",
        "userDefined": false
      },
      {
        "text": "I hate you",
        "alias": "text",
        "meta": "@sys.any",
        "userDefined": true
      },
      {
        "text": " in ",
        "userDefined": false
      },
      {
        "text": "Malayalam",
        "alias": "lang-to",
        "meta": "@sys.language",
        "userDefined": true
      }
    ],
    "isTemplate": false,
    "count": 0,
    "updated": 0
  },
  {
    "id": "17933148-87f6-4f2f-a3ed-2c9f191e1391",
    "data": [
      {
        "text": "tell me the translation for ",
        "userDefined": false
      },
      {
        "text": "hello",
        "alias": "text",
        "meta": "@sys.any",
        "userDefined": true
      },
      {
        "text": " in ",
        "userDefined": false
      },
      {
        "text": "Croatian",
        "alias": "lang-to",
        "meta": "@sys.language",
        "userDefined": true
      }
    ],
    "isTemplate": false,
    "count": 0,
    "updated": 0
  },
  {
    "id": "67df242c-1da9-46ac-8a04-a015bc2f08fa",
    "data": [
      {
        "text": "translate ",
        "userDefined": false
      },
      {
        "text": "what\u0027s up",
        "alias": "text",
        "meta": "@sys.any",
        "userDefined": true
      },
      {
        "text": " into ",
        "userDefined": false
      },
      {
        "text": "Russian",
        "alias": "lang-to",
        "meta": "@sys.language",
        "userDefined": true
      }
    ],
    "isTemplate": false,
    "count": 0,
    "updated": 0
  },
  {
    "id": "dd491e4f-60e4-448a-9bd5-e0f3941ab00a",
    "data": [
      {
        "text": "translate ",
        "userDefined": false
      },
      {
        "text": "I love you",
        "alias": "text",
        "meta": "@sys.any",
        "userDefined": true
      },
      {
        "text": " from ",
        "userDefined": false
      },
      {
        "text": "English",
        "alias": "lang-from",
        "meta": "@sys.language",
        "userDefined": true
      },
      {
        "text": " into ",
        "userDefined": false
      },
      {
        "text": "Japanese",
        "alias": "lang-to",
        "meta": "@sys.language",
        "userDefined": true
      }
    ],
    "isTemplate": false,
    "count": 0,
    "updated": 0
  },
  {
    "id": "e9e1fea2-6e21-442d-bab7-2d9ef21514cc",
    "data": [
      {
        "text": "translate from ",
        "userDefined": false
      },
      {
        "text": "French",
        "alias": "lang-from",
        "meta": "@sys.language",
        "userDefined": false
      },
      {
        "text": " into ",
        "userDefined": false
      },
      {
        "text": "German",
        "alias": "lang-to",
        "meta": "@sys.language",
        "userDefined": false
      }
    ],
    "isTemplate": false,
    "count": 0,
    "updated": 0
  },
  {
    "id": "b8ae7c18-4f00-48d1-bb36-9e62e0e5aaf8",
    "data": [
      {
        "text": "hi how are you",
        "alias": "text",
        "meta": "@sys.any",
        "userDefined": true
      },
      {
        "text": " into ",
        "userDefined": false
      },
      {
        "text": "Italian",
        "alias": "lang-to",
        "meta": "@sys.language",
        "userDefined": true
      }
    ],
    "isTemplate": false,
    "count": 0,
    "updated": 0
  },
  {
    "id": "3d514124-e7bc-4156-812d-7aa5d5cfd615",
    "data": [
      {
        "text": "translate ",
        "userDefined": false
      },
      {
        "text": "many",
        "alias": "text",
        "meta": "@sys.any",
        "userDefined": true
      },
      {
        "text": " from ",
        "userDefined": false
      },
      {
        "text": "English",
        "alias": "lang-from",
        "meta": "@sys.language",
        "userDefined": true
      },
      {
        "text": " to ",
        "userDefined": false
      },
      {
        "text": "French",
        "alias": "lang-to",
        "meta": "@sys.language",
        "userDefined": true
      }
    ],
    "isTemplate": false,
    "count": 1,
    "updated": 0
  },
  {
    "id": "4ecea788-98fa-454c-ae71-23548340b51d",
    "data": [
      {
        "text": "translate this words into ",
        "userDefined": false
      },
      {
        "text": "English",
        "alias": "lang-to",
        "meta": "@sys.language",
        "userDefined": true
      },
      {
        "text": " ",
        "userDefined": false
      },
      {
        "text": "le renard",
        "alias": "text",
        "meta": "@sys.any",
        "userDefined": true
      }
    ],
    "isTemplate": false,
    "count": 0,
    "updated": 0
  },
  {
    "id": "2a857af9-ce36-418a-a6ca-8318f4d7691f",
    "data": [
      {
        "text": "how do you say ",
        "userDefined": false
      },
      {
        "text": "where\u0027s the nearest bus stop",
        "alias": "text",
        "meta": "@sys.any",
        "userDefined": true
      },
      {
        "text": " in ",
        "userDefined": false
      },
      {
        "text": "French",
        "alias": "lang-to",
        "meta": "@sys.language",
        "userDefined": true
      }
    ],
    "isTemplate": false,
    "count": 0,
    "updated": 0
  },
  {
    "id": "9cd1c9b8-2e84-4d7d-9349-8abb1586bdcc",
    "data": [
      {
        "text": "translate ",
        "userDefined": false
      },
      {
        "text": "pencil",
        "alias": "text",
        "meta": "@sys.any",
        "userDefined": true
      },
      {
        "text": " to ",
        "userDefined": false
      },
      {
        "text": "Tagalog",
        "alias": "lang-to",
        "meta": "@sys.language",
        "userDefined": true
      }
    ],
    "isTemplate": false,
    "count": 0,
    "updated": 0
  },
  {
    "id": "9894163b-bccc-46f6-9474-b393ca263b77",
    "data": [
      {
        "text": "I\u0027d like to translate a phrase",
        "userDefined": false
      }
    ],
    "isTemplate": false,
    "count": 0,
    "updated": 0
  },
  {
    "id": "225ce589-046b-41c4-85fc-c03ce4d42184",
    "data": [
      {
        "text": "translate to ",
        "userDefined": false
      },
      {
        "text": "Serbian",
        "alias": "lang-to",
        "meta": "@sys.language",
        "userDefined": true
      }
    ],
    "isTemplate": false,
    "count": 0,
    "updated": 0
  },
  {
    "id": "af0456a8-74ce-461d-b1b9-6c6ef8d5d9c8",
    "data": [
      {
        "text": "translate ",
        "userDefined": false
      },
      {
        "text": "we go to the cinema",
        "alias": "text",
        "meta": "@sys.any",
        "userDefined": true
      },
      {
        "text": " into ",
        "userDefined": false
      },
      {
        "text": "Italian",
        "alias": "lang-to",
        "meta": "@sys.language",
        "userDefined": true
      }
    ],
    "isTemplate": false,
    "count": 0,
    "updated": 0
  },
  {
    "id": "43750837-1e71-4133-9680-b4e114a74f4c",
    "data": [
      {
        "text": "translate ",
        "userDefined": false
      },
      {
        "text": "can you send me a pic",
        "alias": "text",
        "meta": "@sys.any",
        "userDefined": true
      },
      {
        "text": " in ",
        "userDefined": false
      },
      {
        "text": "Chinese",
        "alias": "lang-to",
        "meta": "@sys.language",
        "userDefined": false
      }
    ],
    "isTemplate": false,
    "count": 0,
    "updated": 0
  },
  {
    "id": "93481acd-4c5f-4a7e-9f91-74e320d58f43",
    "data": [
      {
        "text": "translate ",
        "userDefined": false
      },
      {
        "text": "I love you",
        "alias": "text",
        "meta": "@sys.any",
        "userDefined": true
      },
      {
        "text": " into ",
        "userDefined": false
      },
      {
        "text": "French",
        "alias": "lang-to",
        "meta": "@sys.language",
        "userDefined": true
      }
    ],
    "isTemplate": false,
    "count": 0,
    "updated": 0
  },
  {
    "id": "a524e498-e793-4820-a2a1-2b176529aca3",
    "data": [
      {
        "text": "what is ",
        "userDefined": false
      },
      {
        "text": "new shoes",
        "alias": "text",
        "meta": "@sys.any",
        "userDefined": true
      },
      {
        "text": " in ",
        "userDefined": false
      },
      {
        "text": "French",
        "alias": "lang-to",
        "meta": "@sys.language",
        "userDefined": true
      }
    ],
    "isTemplate": false,
    "count": 0,
    "updated": 0
  },
  {
    "id": "d1deea85-e7e0-4ab4-9352-0b134a343f85",
    "data": [
      {
        "text": "translate ",
        "userDefined": false
      },
      {
        "text": "offspring",
        "alias": "text",
        "meta": "@sys.any",
        "userDefined": true
      },
      {
        "text": " to ",
        "userDefined": false
      },
      {
        "text": "Filipino",
        "alias": "lang-to",
        "meta": "@sys.language",
        "userDefined": false
      }
    ],
    "isTemplate": false,
    "count": 0,
    "updated": 0
  },
  {
    "id": "92620aa2-f638-46d3-8bbe-10f275823913",
    "data": [
      {
        "text": "translation of the word ",
        "userDefined": false
      },
      {
        "text": "bismilla",
        "alias": "text",
        "meta": "@sys.any",
        "userDefined": true
      },
      {
        "text": " into ",
        "userDefined": false
      },
      {
        "text": "English",
        "alias": "lang-to",
        "meta": "@sys.language",
        "userDefined": true
      }
    ],
    "isTemplate": false,
    "count": 0,
    "updated": 0
  },
  {
    "id": "f124941c-2e06-4ab9-af00-beb7b757edd7",
    "data": [
      {
        "text": "translate something",
        "userDefined": false
      }
    ],
    "isTemplate": false,
    "count": 0,
    "updated": 0
  },
  {
    "id": "15901d5a-b7fe-4c46-833f-90f0ed6fd4cc",
    "data": [
      {
        "text": "can you translate ",
        "userDefined": false
      },
      {
        "text": "Latin",
        "alias": "lang-from",
        "meta": "@sys.language",
        "userDefined": false
      }
    ],
    "isTemplate": false,
    "count": 0,
    "updated": 0
  },
  {
    "id": "30bdbefc-b2ce-42f3-a11e-a04a8e35b8a5",
    "data": [
      {
        "text": "translate ",
        "userDefined": false
      },
      {
        "text": "hello how are you",
        "alias": "text",
        "meta": "@sys.any",
        "userDefined": true
      },
      {
        "text": " in ",
        "userDefined": false
      },
      {
        "text": "Punjabi",
        "alias": "lang-to",
        "meta": "@sys.language",
        "userDefined": true
      }
    ],
    "isTemplate": false,
    "count": 0,
    "updated": 0
  },
  {
    "id": "4696f3dd-6885-4eee-851a-df51b73dbd1e",
    "data": [
      {
        "text": "translate ",
        "userDefined": false
      },
      {
        "text": "what is your name",
        "alias": "text",
        "meta": "@sys.any",
        "userDefined": true
      },
      {
        "text": " to ",
        "userDefined": false
      },
      {
        "text": "Tamil",
        "alias": "lang-to",
        "meta": "@sys.language",
        "userDefined": false
      }
    ],
    "isTemplate": false,
    "count": 0,
    "updated": 0
  },
  {
    "id": "491623cb-5e8b-46a3-aebd-76fe2b92318f",
    "data": [
      {
        "text": "translation from ",
        "userDefined": false
      },
      {
        "text": "English",
        "alias": "lang-from",
        "meta": "@sys.language",
        "userDefined": true
      },
      {
        "text": " to ",
        "userDefined": false
      },
      {
        "text": "Italian",
        "alias": "lang-to",
        "meta": "@sys.language",
        "userDefined": true
      }
    ],
    "isTemplate": false,
    "count": 0,
    "updated": 0
  },
  {
    "id": "7b26166a-a43f-4368-a8fc-ceaa0df939a4",
    "data": [
      {
        "text": "translate ",
        "userDefined": false
      },
      {
        "text": "Happy New Year",
        "alias": "text",
        "meta": "@sys.any",
        "userDefined": true
      },
      {
        "text": " into ",
        "userDefined": false
      },
      {
        "text": "Spanish",
        "alias": "lang-to",
        "meta": "@sys.language",
        "userDefined": true
      }
    ],
    "isTemplate": false,
    "count": 0,
    "updated": 0
  },
  {
    "id": "f7b1d3d1-4370-4c55-9f91-f8340dc96571",
    "data": [
      {
        "text": "can you translate ",
        "userDefined": false
      },
      {
        "text": "hello",
        "alias": "text",
        "meta": "@sys.any",
        "userDefined": true
      },
      {
        "text": " into ",
        "userDefined": false
      },
      {
        "text": "German",
        "alias": "lang-to",
        "meta": "@sys.language",
        "userDefined": false
      }
    ],
    "isTemplate": false,
    "count": 0,
    "updated": 0
  },
  {
    "id": "1cf6b2e6-70a9-427e-9d42-40e9a97f7519",
    "data": [
      {
        "text": "translate ",
        "userDefined": false
      },
      {
        "text": "Spanish",
        "alias": "lang-from",
        "meta": "@sys.language",
        "userDefined": true
      },
      {
        "text": " word ",
        "userDefined": false
      },
      {
        "text": "trabajador",
        "alias": "text",
        "meta": "@sys.any",
        "userDefined": true
      },
      {
        "text": " into ",
        "userDefined": false
      },
      {
        "text": "English",
        "alias": "lang-to",
        "meta": "@sys.language",
        "userDefined": true
      }
    ],
    "isTemplate": false,
    "count": 0,
    "updated": 0
  },
  {
    "id": "12fe7d01-8b99-43ea-a930-8ae4a32dae80",
    "data": [
      {
        "text": "tell me the ",
        "userDefined": false
      },
      {
        "text": "Japanese",
        "alias": "lang-to",
        "meta": "@sys.language",
        "userDefined": true
      },
      {
        "text": " translation for ",
        "userDefined": false
      },
      {
        "text": "how are you",
        "alias": "text",
        "meta": "@sys.any",
        "userDefined": true
      }
    ],
    "isTemplate": false,
    "count": 0,
    "updated": 0
  },
  {
    "id": "3abe3e80-59c6-4f6b-9eb0-4f85a9592526",
    "data": [
      {
        "text": "translate ",
        "userDefined": false
      },
      {
        "text": "like a boss",
        "alias": "text",
        "meta": "@sys.any",
        "userDefined": true
      },
      {
        "text": " into ",
        "userDefined": false
      },
      {
        "text": "Latin",
        "alias": "lang-to",
        "meta": "@sys.language",
        "userDefined": true
      }
    ],
    "isTemplate": false,
    "count": 0,
    "updated": 0
  },
  {
    "id": "1bbe09af-d6c5-4f45-8a43-fe9b02b7fe60",
    "data": [
      {
        "text": "how to say ",
        "userDefined": false
      },
      {
        "text": "hello",
        "alias": "text",
        "meta": "@sys.any",
        "userDefined": true
      },
      {
        "text": " in ",
        "userDefined": false
      },
      {
        "text": "Chinese",
        "alias": "lang-to",
        "meta": "@sys.language",
        "userDefined": true
      }
    ],
    "isTemplate": false,
    "count": 0,
    "updated": 0
  },
  {
    "id": "5f27e4ff-e195-4780-a86e-008a8ba3c9be",
    "data": [
      {
        "text": "could you translate ",
        "userDefined": false
      },
      {
        "text": "I love my job",
        "alias": "text",
        "meta": "@sys.any",
        "userDefined": true
      },
      {
        "text": " from ",
        "userDefined": false
      },
      {
        "text": "English",
        "alias": "lang-from",
        "meta": "@sys.language",
        "userDefined": true
      },
      {
        "text": " into ",
        "userDefined": false
      },
      {
        "text": "Italian",
        "alias": "lang-to",
        "meta": "@sys.language",
        "userDefined": true
      }
    ],
    "isTemplate": false,
    "count": 0,
    "updated": 0
  },
  {
    "id": "8aaf757a-6664-4e18-8dc3-dfe2f8b315a5",
    "data": [
      {
        "text": "translate ",
        "userDefined": false
      },
      {
        "text": "Quatro Sinko face",
        "alias": "text",
        "meta": "@sys.any",
        "userDefined": true
      },
      {
        "text": " to ",
        "userDefined": false
      },
      {
        "text": "English",
        "alias": "lang-to",
        "meta": "@sys.language",
        "userDefined": false
      }
    ],
    "isTemplate": false,
    "count": 0,
    "updated": 0
  },
  {
    "id": "1ffb8bea-a667-4b83-a464-9222ebc67ffa",
    "data": [
      {
        "text": "how to translate ",
        "userDefined": false
      },
      {
        "text": "how are you",
        "alias": "text",
        "meta": "@sys.any",
        "userDefined": true
      },
      {
        "text": " from ",
        "userDefined": false
      },
      {
        "text": "Russian",
        "alias": "lang-from",
        "meta": "@sys.language",
        "userDefined": true
      },
      {
        "text": " to ",
        "userDefined": false
      },
      {
        "text": "English",
        "alias": "lang-to",
        "meta": "@sys.language",
        "userDefined": true
      }
    ],
    "isTemplate": false,
    "count": 0,
    "updated": 0
  },
  {
    "id": "4232c3f1-12cd-4065-b977-76f533afda71",
    "data": [
      {
        "text": "translate ",
        "userDefined": false
      },
      {
        "text": "Russian",
        "alias": "lang-to",
        "meta": "@sys.language",
        "userDefined": true
      }
    ],
    "isTemplate": false,
    "count": 0,
    "updated": 0
  },
  {
    "id": "1e549793-e412-4963-b5a2-433c380f80d8",
    "data": [
      {
        "text": "English",
        "alias": "lang-from",
        "meta": "@sys.language",
        "userDefined": true
      },
      {
        "text": "-",
        "userDefined": false
      },
      {
        "text": "Russian",
        "alias": "lang-to",
        "meta": "@sys.language",
        "userDefined": true
      },
      {
        "text": " translation",
        "userDefined": false
      }
    ],
    "isTemplate": false,
    "count": 0,
    "updated": 0
  },
  {
    "id": "4d3481ae-0dd4-42e1-a090-eb5c688b4fbb",
    "data": [
      {
        "text": "translate word ",
        "userDefined": false
      },
      {
        "text": "le renard",
        "alias": "text",
        "meta": "@sys.any",
        "userDefined": true
      },
      {
        "text": " into ",
        "userDefined": false
      },
      {
        "text": "English",
        "alias": "lang-to",
        "meta": "@sys.language",
        "userDefined": false
      }
    ],
    "isTemplate": false,
    "count": 0,
    "updated": 0
  },
  {
    "id": "eb7d1553-cdb7-417a-832e-002e1fd9ec01",
    "data": [
      {
        "text": "translate ",
        "userDefined": false
      },
      {
        "text": "table",
        "alias": "text",
        "meta": "@sys.any",
        "userDefined": true
      },
      {
        "text": " into ",
        "userDefined": false
      },
      {
        "text": "German",
        "alias": "lang-to",
        "meta": "@sys.language",
        "userDefined": true
      }
    ],
    "isTemplate": false,
    "count": 1,
    "updated": 0
  },
  {
    "id": "e73af942-d181-4d23-a551-b4841f7ba23a",
    "data": [
      {
        "text": "translate ",
        "userDefined": false
      },
      {
        "text": "to come home tonight",
        "alias": "text",
        "meta": "@sys.any",
        "userDefined": true
      },
      {
        "text": " in ",
        "userDefined": false
      },
      {
        "text": "Afrikaans",
        "alias": "lang-to",
        "meta": "@sys.language",
        "userDefined": false
      }
    ],
    "isTemplate": false,
    "count": 0,
    "updated": 0
  },
  {
    "id": "5c03c592-49e5-4627-a9dc-302c5520baf5",
    "data": [
      {
        "text": "I also need a translation of ",
        "userDefined": false
      },
      {
        "text": "tu es beau",
        "alias": "text",
        "meta": "@sys.any",
        "userDefined": true
      },
      {
        "text": " from ",
        "userDefined": false
      },
      {
        "text": "French",
        "alias": "lang-from",
        "meta": "@sys.language",
        "userDefined": true
      }
    ],
    "isTemplate": false,
    "count": 0,
    "updated": 0
  },
  {
    "id": "b36af8b5-7ef8-4329-8de7-a21cf8ac3c9a",
    "data": [
      {
        "text": "translate ",
        "userDefined": false
      },
      {
        "text": "now I\u0027m going on",
        "alias": "text",
        "meta": "@sys.any",
        "userDefined": true
      }
    ],
    "isTemplate": false,
    "count": 0,
    "updated": 0
  },
  {
    "id": "e38565e5-0f11-4f78-bc50-9fce7844dbe1",
    "data": [
      {
        "text": "translate from ",
        "userDefined": false
      },
      {
        "text": "Tigrinya",
        "alias": "lang-from",
        "meta": "@sys.language",
        "userDefined": true
      },
      {
        "text": " into ",
        "userDefined": false
      },
      {
        "text": "Breton",
        "alias": "lang-to",
        "meta": "@sys.language",
        "userDefined": true
      },
      {
        "text": " language",
        "userDefined": false
      }
    ],
    "isTemplate": false,
    "count": 0,
    "updated": 0
  },
  {
    "id": "2fa0fa76-5a09-4a1a-9709-5e7673fa7f68",
    "data": [
      {
        "text": "translate ",
        "userDefined": false
      },
      {
        "text": "cat",
        "alias": "text",
        "meta": "@sys.any",
        "userDefined": true
      },
      {
        "text": " to ",
        "userDefined": false
      },
      {
        "text": "German",
        "alias": "lang-to",
        "meta": "@sys.language",
        "userDefined": true
      },
      {
        "text": " from ",
        "userDefined": false
      },
      {
        "text": "Croatian",
        "alias": "lang-from",
        "meta": "@sys.language",
        "userDefined": true
      }
    ],
    "isTemplate": false,
    "count": 0,
    "updated": 0
  },
  {
    "id": "9ef9f7e9-6806-42d7-b4d8-ca32109f9377",
    "data": [
      {
        "text": "could you translate a word",
        "userDefined": false
      }
    ],
    "isTemplate": false,
    "count": 0,
    "updated": 0
  },
  {
    "id": "5efdf7d2-1011-405f-a918-ee87f86e4b1e",
    "data": [
      {
        "text": "what\u0027s the ",
        "userDefined": false
      },
      {
        "text": "German",
        "alias": "lang-to",
        "meta": "@sys.language",
        "userDefined": true
      },
      {
        "text": " word for ",
        "userDefined": false
      },
      {
        "text": "breakfast",
        "alias": "text",
        "meta": "@sys.any",
        "userDefined": true
      }
    ],
    "isTemplate": false,
    "count": 0,
    "updated": 0
  },
  {
    "id": "6cb52fe7-cb83-47f7-9272-90198618ea03",
    "data": [
      {
        "text": "translate ",
        "userDefined": false
      },
      {
        "text": "ceiling",
        "alias": "text",
        "meta": "@sys.any",
        "userDefined": true
      },
      {
        "text": " to ",
        "userDefined": false
      },
      {
        "text": "Hebrew",
        "alias": "lang-to",
        "meta": "@sys.language",
        "userDefined": true
      }
    ],
    "isTemplate": false,
    "count": 0,
    "updated": 0
  },
  {
    "id": "06dd4370-5db5-46d6-abbe-9b1ffc1997a8",
    "data": [
      {
        "text": "can you translate into ",
        "userDefined": false
      },
      {
        "text": "English",
        "alias": "lang-to",
        "meta": "@sys.language",
        "userDefined": true
      }
    ],
    "isTemplate": false,
    "count": 0,
    "updated": 0
  },
  {
    "id": "d5e0a76e-3225-4154-977d-0ba094f5ff5b",
    "data": [
      {
        "text": "translate into ",
        "userDefined": false
      },
      {
        "text": "French",
        "alias": "lang-to",
        "meta": "@sys.language",
        "userDefined": true
      }
    ],
    "isTemplate": false,
    "count": 0,
    "updated": 0
  },
  {
    "id": "15c86e1d-2b61-4f8e-8e40-4ff4b4c8b26e",
    "data": [
      {
        "text": "now",
        "meta": "@sys.ignore",
        "userDefined": false
      },
      {
        "text": " I want to translate from ",
        "userDefined": false
      },
      {
        "text": "Italian",
        "alias": "lang-from",
        "meta": "@sys.language",
        "userDefined": false
      }
    ],
    "isTemplate": false,
    "count": 1,
    "updated": 0
  },
  {
    "id": "e9180dc3-22f0-40c7-b872-cb128e38c7de",
    "data": [
      {
        "text": "translate ",
        "userDefined": false
      },
      {
        "text": "hi",
        "alias": "text",
        "meta": "@sys.any",
        "userDefined": true
      },
      {
        "text": " into ",
        "userDefined": false
      },
      {
        "text": "Spanish",
        "alias": "lang-to",
        "meta": "@sys.language",
        "userDefined": true
      }
    ],
    "isTemplate": false,
    "count": 1,
    "updated": 0
  },
  {
    "id": "e524b318-7be5-45fb-b206-3ca0e5faac93",
    "data": [
      {
        "text": "what\u0027s ",
        "userDefined": false
      },
      {
        "text": "hello what a good day",
        "alias": "text",
        "meta": "@sys.any",
        "userDefined": true
      },
      {
        "text": " in ",
        "userDefined": false
      },
      {
        "text": "German",
        "alias": "lang-to",
        "meta": "@sys.language",
        "userDefined": true
      }
    ],
    "isTemplate": false,
    "count": 0,
    "updated": 0
  },
  {
    "id": "c40d3909-f3ee-49bf-b774-e7441bb3b89e",
    "data": [
      {
        "text": "I like you",
        "alias": "text",
        "meta": "@sys.any",
        "userDefined": true
      },
      {
        "text": " in ",
        "userDefined": false
      },
      {
        "text": "French",
        "alias": "lang-to",
        "meta": "@sys.language",
        "userDefined": true
      }
    ],
    "isTemplate": false,
    "count": 0,
    "updated": 0
  },
  {
    "id": "d002232e-2420-4e48-bad6-2ef6667da48f",
    "data": [
      {
        "text": "translation",
        "userDefined": false
      }
    ],
    "isTemplate": false,
    "count": 0,
    "updated": 0
  },
  {
    "id": "a7665a8a-1282-46ca-9112-3bfd4d829103",
    "data": [
      {
        "text": "translate ",
        "userDefined": false
      },
      {
        "text": "party",
        "alias": "text",
        "meta": "@sys.any",
        "userDefined": true
      },
      {
        "text": " into ",
        "userDefined": false
      },
      {
        "text": "Spanish",
        "alias": "lang-to",
        "meta": "@sys.language",
        "userDefined": false
      }
    ],
    "isTemplate": false,
    "count": 0,
    "updated": 0
  },
  {
    "id": "382574ad-d85d-4f64-9ccb-0e71804b0279",
    "data": [
      {
        "text": "what\u0027s ",
        "userDefined": false
      },
      {
        "text": "terrific",
        "alias": "text",
        "meta": "@sys.any",
        "userDefined": true
      },
      {
        "text": " in ",
        "userDefined": false
      },
      {
        "text": "German",
        "alias": "lang-to",
        "meta": "@sys.language",
        "userDefined": true
      }
    ],
    "isTemplate": false,
    "count": 0,
    "updated": 0
  },
  {
    "id": "d49f7270-ceb5-4a83-83d3-2fceaf9f5212",
    "data": [
      {
        "text": "translate word ",
        "userDefined": false
      },
      {
        "text": "trabajador",
        "alias": "text",
        "meta": "@sys.any",
        "userDefined": true
      },
      {
        "text": " into ",
        "userDefined": false
      },
      {
        "text": "English",
        "alias": "lang-to",
        "meta": "@sys.language",
        "userDefined": true
      }
    ],
    "isTemplate": false,
    "count": 0,
    "updated": 0
  },
  {
    "id": "981b7ed9-6ee9-4854-b1f7-319aa51235ae",
    "data": [
      {
        "text": "translate from ",
        "userDefined": false
      },
      {
        "text": "Spanish",
        "alias": "lang-from",
        "meta": "@sys.language",
        "userDefined": true
      }
    ],
    "isTemplate": false,
    "count": 0,
    "updated": 0
  },
  {
    "id": "1ff1eaa6-7189-43ba-8d16-2665f6a5c7b0",
    "data": [
      {
        "text": "translate a phrase",
        "userDefined": false
      }
    ],
    "isTemplate": false,
    "count": 0,
    "updated": 0
  },
  {
    "id": "8bba29a4-9531-46e4-962f-41da107b24e3",
    "data": [
      {
        "text": "translate to ",
        "userDefined": false
      },
      {
        "text": "Spanish",
        "alias": "lang-to",
        "meta": "@sys.language",
        "userDefined": false
      },
      {
        "text": " ",
        "userDefined": false
      },
      {
        "text": "will never be rivals",
        "alias": "text",
        "meta": "@sys.any",
        "userDefined": true
      }
    ],
    "isTemplate": false,
    "count": 0,
    "updated": 0
  }
]