[
  {
    "id": "bf6c79d4-795d-4529-913d-5636b139ded9",
    "data": [
      {
        "text": "mi manchi",
        "alias": "text",
        "meta": "@sys.any",
        "userDefined": true
      },
      {
        "text": " del ",
        "userDefined": false
      },
      {
        "text": "italiano",
        "alias": "lang-from",
        "meta": "@sys.language",
        "userDefined": true
      }
    ],
    "isTemplate": false,
    "count": 0,
    "updated": 0
  },
  {
    "id": "60c15294-eeef-4ad0-a764-96b5e3595dbb",
    "data": [
      {
        "text": "ahora ",
        "userDefined": false
      },
      {
        "text": "ipis",
        "alias": "text",
        "meta": "@sys.any",
        "userDefined": true
      },
      {
        "text": " del ",
        "userDefined": false
      },
      {
        "text": "filipino",
        "alias": "lang-from",
        "meta": "@sys.language",
        "userDefined": true
      }
    ],
    "isTemplate": false,
    "count": 0,
    "updated": 0
  },
  {
    "id": "bc2e366a-72ef-4224-9a8d-d511d200eaa4",
    "data": [
      {
        "text": "del ",
        "userDefined": false
      },
      {
        "text": "afrikaans",
        "alias": "lang-from",
        "meta": "@sys.language",
        "userDefined": true
      },
      {
        "text": " ",
        "userDefined": false
      },
      {
        "text": "ek is lief vir jou",
        "alias": "text",
        "meta": "@sys.any",
        "userDefined": true
      }
    ],
    "isTemplate": false,
    "count": 0,
    "updated": 0
  },
  {
    "id": "dc7f5c1e-7984-4919-9071-600fe7576264",
    "data": [
      {
        "text": "тапочки",
        "alias": "text",
        "meta": "@sys.any",
        "userDefined": true
      },
      {
        "text": " del ",
        "userDefined": false
      },
      {
        "text": "ruso",
        "alias": "lang-from",
        "meta": "@sys.language",
        "userDefined": true
      }
    ],
    "isTemplate": false,
    "count": 0,
    "updated": 0
  },
  {
    "id": "0ba9ae31-e67f-4b66-8fbb-f27c95c0bdaa",
    "data": [
      {
        "text": "y del ",
        "userDefined": false
      },
      {
        "text": "italiano",
        "alias": "lang-from",
        "meta": "@sys.language",
        "userDefined": true
      }
    ],
    "isTemplate": false,
    "count": 0,
    "updated": 0
  }
]