[
  {
    "id": "f2da4dd7-2ffe-4feb-91c0-0bbf129b3453",
    "data": [
      {
        "text": "и на ",
        "userDefined": false
      },
      {
        "text": "испанский",
        "alias": "lang-to",
        "meta": "@sys.language",
        "userDefined": true
      }
    ],
    "isTemplate": false,
    "count": 0,
    "updated": 0
  },
  {
    "id": "797b8fff-2e52-42f4-8039-a5f470b0e9e1",
    "data": [
      {
        "text": "а на ",
        "userDefined": false
      },
      {
        "text": "итальянский",
        "alias": "lang-to",
        "meta": "@sys.language",
        "userDefined": true
      }
    ],
    "isTemplate": false,
    "count": 0,
    "updated": 0
  },
  {
    "id": "a8d74a48-4b50-4b23-afc1-58c6ffcd4f32",
    "data": [
      {
        "text": "и ",
        "userDefined": false
      },
      {
        "text": "приятный",
        "alias": "text",
        "meta": "@sys.any",
        "userDefined": true
      },
      {
        "text": " на ",
        "userDefined": false
      },
      {
        "text": "испанский",
        "alias": "lang-to",
        "meta": "@sys.language",
        "userDefined": true
      }
    ],
    "isTemplate": false,
    "count": 0,
    "updated": 0
  },
  {
    "id": "54928778-1be2-47ad-8002-53fbe9d1deab",
    "data": [
      {
        "text": "а вот теперь на ",
        "userDefined": false
      },
      {
        "text": "французский",
        "alias": "lang-to",
        "meta": "@sys.language",
        "userDefined": true
      }
    ],
    "isTemplate": false,
    "count": 0,
    "updated": 0
  },
  {
    "id": "22c13472-4325-45ef-9813-d42afbfc56ce",
    "data": [
      {
        "text": "и как это на ",
        "userDefined": false
      },
      {
        "text": "немецком",
        "alias": "lang-to",
        "meta": "@sys.language",
        "userDefined": true
      }
    ],
    "isTemplate": false,
    "count": 0,
    "updated": 0
  },
  {
    "id": "7dadc0e6-2052-4cad-901e-777ca3d12a13",
    "data": [
      {
        "text": "на ",
        "userDefined": false
      },
      {
        "text": "японском",
        "alias": "lang-to",
        "meta": "@sys.language",
        "userDefined": true
      },
      {
        "text": " как это будет",
        "userDefined": false
      }
    ],
    "isTemplate": false,
    "count": 0,
    "updated": 0
  },
  {
    "id": "2b8cb9bc-064c-4e3e-8633-65403732e3bf",
    "data": [
      {
        "text": "теперь на ",
        "userDefined": false
      },
      {
        "text": "немецкий",
        "alias": "lang-to",
        "meta": "@sys.language",
        "userDefined": true
      }
    ],
    "isTemplate": false,
    "count": 0,
    "updated": 0
  },
  {
    "id": "46cf1467-5c0c-424a-98db-d5263a592b3f",
    "data": [
      {
        "text": "испанский",
        "alias": "lang-to",
        "meta": "@sys.language",
        "userDefined": true
      }
    ],
    "isTemplate": false,
    "count": 0,
    "updated": 0
  },
  {
    "id": "9c3aee77-a46d-405c-99f1-ac748dc18f13",
    "data": [
      {
        "text": "а что скажешь про ",
        "userDefined": false
      },
      {
        "text": "увидимся",
        "alias": "text",
        "meta": "@sys.any",
        "userDefined": true
      },
      {
        "text": " как это будет ",
        "userDefined": false
      },
      {
        "text": "по-французски",
        "alias": "lang-to",
        "meta": "@sys.language",
        "userDefined": true
      }
    ],
    "isTemplate": false,
    "count": 0,
    "updated": 0
  },
  {
    "id": "9462ca9a-2929-4849-a1b4-6af25a7e7200",
    "data": [
      {
        "text": "что насчёт ",
        "userDefined": false
      },
      {
        "text": "французского",
        "alias": "lang-to",
        "meta": "@sys.language",
        "userDefined": true
      }
    ],
    "isTemplate": false,
    "count": 0,
    "updated": 0
  },
  {
    "id": "7696283d-9c31-4ca6-9cdc-70ffa59841e7",
    "data": [
      {
        "text": "hello",
        "alias": "text",
        "meta": "@sys.any",
        "userDefined": true
      },
      {
        "text": " на ",
        "userDefined": false
      },
      {
        "text": "испанский",
        "alias": "lang-to",
        "meta": "@sys.language",
        "userDefined": true
      }
    ],
    "isTemplate": false,
    "count": 0,
    "updated": 0
  },
  {
    "id": "80dcfa99-deef-48d7-83cb-41dce24a6587",
    "data": [
      {
        "text": "привет",
        "alias": "text",
        "meta": "@sys.any",
        "userDefined": true
      },
      {
        "text": " на ",
        "userDefined": false
      },
      {
        "text": "русский",
        "alias": "lang-to",
        "meta": "@sys.language",
        "userDefined": true
      }
    ],
    "isTemplate": false,
    "count": 0,
    "updated": 0
  },
  {
    "id": "473e2829-a187-48bf-8b05-33c45fd84f9e",
    "data": [
      {
        "text": "а теперь ",
        "userDefined": false
      },
      {
        "text": "по-русски",
        "alias": "lang-to",
        "meta": "@sys.language",
        "userDefined": true
      }
    ],
    "isTemplate": false,
    "count": 0,
    "updated": 0
  },
  {
    "id": "00aea3ad-9f18-4cc0-9ce9-a688fc0d14aa",
    "data": [
      {
        "text": "по-французски",
        "alias": "lang-to",
        "meta": "@sys.language",
        "userDefined": true
      }
    ],
    "isTemplate": false,
    "count": 0,
    "updated": 0
  },
  {
    "id": "cccb22f2-9f45-4f68-bdb5-1a4e50e56f49",
    "data": [
      {
        "text": "на ",
        "userDefined": false
      },
      {
        "text": "русский",
        "alias": "lang-to",
        "meta": "@sys.language",
        "userDefined": true
      },
      {
        "text": " язык",
        "userDefined": false
      }
    ],
    "isTemplate": false,
    "count": 0,
    "updated": 0
  },
  {
    "id": "1002f0dc-42bb-4880-a417-d3b0b7e810a3",
    "data": [
      {
        "text": "а сейчас на ",
        "userDefined": false
      },
      {
        "text": "итальянский",
        "alias": "lang-to",
        "meta": "@sys.language",
        "userDefined": true
      }
    ],
    "isTemplate": false,
    "count": 0,
    "updated": 0
  },
  {
    "id": "1e0a875d-5379-4b95-958e-611b1fadbf75",
    "data": [
      {
        "text": "и как ты прочтешь это на ",
        "userDefined": false
      },
      {
        "text": "испанском",
        "alias": "lang-to",
        "meta": "@sys.language",
        "userDefined": true
      },
      {
        "text": " языке",
        "userDefined": false
      }
    ],
    "isTemplate": false,
    "count": 0,
    "updated": 0
  },
  {
    "id": "e905287a-212e-45eb-80ba-0bbf93eb9de6",
    "data": [
      {
        "text": "а как насчёт ",
        "userDefined": false
      },
      {
        "text": "ciao",
        "alias": "text",
        "meta": "@sys.any",
        "userDefined": true
      },
      {
        "text": " на ",
        "userDefined": false
      },
      {
        "text": "французский",
        "alias": "lang-to",
        "meta": "@sys.language",
        "userDefined": true
      }
    ],
    "isTemplate": false,
    "count": 0,
    "updated": 0
  }
]