[
  {
    "id": "b85a62bd-8b74-4c7d-854f-86ce10184091",
    "data": [
      {
        "text": "じゃあ",
        "userDefined": false
      },
      {
        "text": "スペイン語",
        "alias": "lang-from",
        "meta": "@sys.language",
        "userDefined": true
      }
    ],
    "isTemplate": false,
    "count": 0,
    "updated": 0
  },
  {
    "id": "498124bb-d705-44fa-8416-d99130581974",
    "data": [
      {
        "text": "ドイツ語",
        "alias": "lang-from",
        "meta": "@sys.language",
        "userDefined": true
      },
      {
        "text": "の「",
        "userDefined": false
      },
      {
        "text": "hallo",
        "alias": "text",
        "meta": "@sys.any",
        "userDefined": true
      },
      {
        "text": "」は",
        "userDefined": false
      }
    ],
    "isTemplate": false,
    "count": 0,
    "updated": 0
  },
  {
    "id": "fea518ec-78b7-40f6-a5f4-1eeafe6c6b9a",
    "data": [
      {
        "text": "フランス語",
        "alias": "lang-from",
        "meta": "@sys.language",
        "userDefined": true
      },
      {
        "text": "の「",
        "userDefined": false
      },
      {
        "text": "salut",
        "alias": "text",
        "meta": "@sys.any",
        "userDefined": true
      },
      {
        "text": "」はどう",
        "userDefined": false
      }
    ],
    "isTemplate": false,
    "count": 0,
    "updated": 0
  },
  {
    "id": "bb9dedd3-d492-450c-95a0-07308d98cb46",
    "data": [
      {
        "text": "英語",
        "alias": "lang-from",
        "meta": "@sys.language",
        "userDefined": true
      },
      {
        "text": "はどうなりますか",
        "userDefined": false
      }
    ],
    "isTemplate": false,
    "count": 0,
    "updated": 0
  }
]