[
  {
    "id": "57cd5af7-ef7d-49bd-b6ae-722dd1baa4f5",
    "data": [
      {
        "text": "怎么能翻译你好为",
        "userDefined": false
      },
      {
        "text": "俄语",
        "alias": "lang-to",
        "meta": "@sys.language",
        "userDefined": false
      }
    ],
    "isTemplate": false,
    "count": 0,
    "updated": 0
  },
  {
    "id": "c8bd5276-562b-4a05-9446-140c6cda7574",
    "data": [
      {
        "text": "关于",
        "userDefined": false
      },
      {
        "text": "雨伞",
        "alias": "text",
        "meta": "@sys.any",
        "userDefined": true
      },
      {
        "text": "为",
        "userDefined": false
      },
      {
        "text": "日语",
        "alias": "lang-to",
        "meta": "@sys.language",
        "userDefined": false
      }
    ],
    "isTemplate": false,
    "count": 0,
    "updated": 0
  },
  {
    "id": "85b3494d-a131-456f-99c9-1281725765ef",
    "data": [
      {
        "text": "你好",
        "alias": "text",
        "meta": "@sys.any",
        "userDefined": true
      },
      {
        "text": "到",
        "userDefined": false
      },
      {
        "text": "英文",
        "alias": "lang-to",
        "meta": "@sys.language",
        "userDefined": true
      }
    ],
    "isTemplate": false,
    "count": 0,
    "updated": 0
  },
  {
    "id": "573660e8-3d42-49b8-b848-65000de07ce7",
    "data": [
      {
        "text": "还需要",
        "userDefined": false
      },
      {
        "text": "再见",
        "alias": "text",
        "meta": "@sys.any",
        "userDefined": true
      },
      {
        "text": "为韩语",
        "userDefined": false
      }
    ],
    "isTemplate": false,
    "count": 0,
    "updated": 0
  },
  {
    "id": "7db5ee5c-70fb-4e35-8947-1a8aa695421b",
    "data": [
      {
        "text": "我还要翻译为",
        "userDefined": false
      },
      {
        "text": "英语",
        "alias": "lang-to",
        "meta": "@sys.language",
        "userDefined": false
      }
    ],
    "isTemplate": false,
    "count": 0,
    "updated": 0
  },
  {
    "id": "1f406df9-79cc-4983-a679-3f78867e7ac5",
    "data": [
      {
        "text": "能不能翻译",
        "userDefined": false
      },
      {
        "text": "我爱你",
        "alias": "text",
        "meta": "@sys.any",
        "userDefined": true
      },
      {
        "text": "子为",
        "userDefined": false
      },
      {
        "text": "意大利语",
        "alias": "lang-to",
        "meta": "@sys.language",
        "userDefined": false
      }
    ],
    "isTemplate": false,
    "count": 0,
    "updated": 0
  },
  {
    "id": "6edf1de1-535e-42f0-a2d7-1eccd14df2c6",
    "data": [
      {
        "text": "会不会翻译成",
        "userDefined": false
      },
      {
        "text": "日文",
        "alias": "lang-to",
        "meta": "@sys.language",
        "userDefined": true
      }
    ],
    "isTemplate": false,
    "count": 0,
    "updated": 0
  },
  {
    "id": "96cb9087-c676-4821-9fef-3827d41ba869",
    "data": [
      {
        "text": "现在",
        "userDefined": false
      },
      {
        "text": "你好",
        "alias": "text",
        "meta": "@sys.any",
        "userDefined": true
      },
      {
        "text": "为了",
        "userDefined": false
      },
      {
        "text": "阿拉伯语",
        "alias": "lang-to",
        "meta": "@sys.language",
        "userDefined": false
      }
    ],
    "isTemplate": false,
    "count": 0,
    "updated": 0
  },
  {
    "id": "a0a5add3-839f-4544-82ef-c23c2fa39222",
    "data": [
      {
        "text": "还要",
        "userDefined": false
      },
      {
        "text": "句子",
        "alias": "text",
        "meta": "@sys.any",
        "userDefined": true
      },
      {
        "text": "为",
        "userDefined": false
      },
      {
        "text": "法语",
        "alias": "lang-to",
        "meta": "@sys.language",
        "userDefined": false
      }
    ],
    "isTemplate": false,
    "count": 0,
    "updated": 0
  },
  {
    "id": "187cabf3-b520-4130-90b0-93c54ad7216c",
    "data": [
      {
        "text": "你好",
        "alias": "text",
        "meta": "@sys.any",
        "userDefined": true
      },
      {
        "text": "翻译成",
        "userDefined": false
      },
      {
        "text": "中文",
        "alias": "lang-to",
        "meta": "@sys.language",
        "userDefined": true
      }
    ],
    "isTemplate": false,
    "count": 0,
    "updated": 0
  }
]