[
  {
    "id": "5d204f6d-fa17-4623-9b72-c62ce7e7d99b",
    "data": [
      {
        "text": "Amo-te",
        "alias": "text",
        "meta": "@sys.any",
        "userDefined": true
      }
    ],
    "isTemplate": false,
    "count": 0,
    "updated": 0
  },
  {
    "id": "dc6ab692-7806-4c3e-9780-5f2041422b39",
    "data": [
      {
        "text": "e ",
        "userDefined": false
      },
      {
        "text": "bonjour",
        "alias": "text",
        "meta": "@sys.any",
        "userDefined": true
      }
    ],
    "isTemplate": false,
    "count": 0,
    "updated": 0
  },
  {
    "id": "29ece338-6162-4b0a-af85-19a7c6b30d49",
    "data": [
      {
        "text": "je t\u0027aime",
        "alias": "text",
        "meta": "@sys.any",
        "userDefined": true
      }
    ],
    "isTemplate": false,
    "count": 0,
    "updated": 0
  },
  {
    "id": "c3623c1e-0c45-49bd-a941-d60c90806465",
    "data": [
      {
        "text": "e ",
        "userDefined": false
      },
      {
        "text": "amo-te",
        "alias": "text",
        "meta": "@sys.any",
        "userDefined": true
      }
    ],
    "isTemplate": false,
    "count": 0,
    "updated": 0
  },
  {
    "id": "27451ddf-98e2-4faa-bf76-f0ee8de1dbe2",
    "data": [
      {
        "text": "olá",
        "alias": "text",
        "meta": "@sys.any",
        "userDefined": true
      }
    ],
    "isTemplate": false,
    "count": 0,
    "updated": 0
  },
  {
    "id": "2ae1afb7-89e8-46fa-ac63-9326ec86e031",
    "data": [
      {
        "text": "como se diz ",
        "userDefined": false
      },
      {
        "text": "telefona-me amanhã",
        "alias": "text",
        "meta": "@sys.any",
        "userDefined": true
      }
    ],
    "isTemplate": false,
    "count": 0,
    "updated": 0
  },
  {
    "id": "d62d9f70-b68b-4ba5-aa10-51861a542ab6",
    "data": [
      {
        "text": "agora ",
        "userDefined": false
      },
      {
        "text": "tudo bem",
        "alias": "text",
        "meta": "@sys.any",
        "userDefined": true
      }
    ],
    "isTemplate": false,
    "count": 0,
    "updated": 0
  },
  {
    "id": "14258a71-9269-43f5-9e6b-689d19cf20ce",
    "data": [
      {
        "text": "agora tradução de ",
        "userDefined": false
      },
      {
        "text": "como vai a vida",
        "alias": "text",
        "meta": "@sys.any",
        "userDefined": true
      }
    ],
    "isTemplate": false,
    "count": 0,
    "updated": 0
  },
  {
    "id": "751588bb-abdf-4841-a436-20a9396d1f42",
    "data": [
      {
        "text": "agora traduzir ",
        "userDefined": false
      },
      {
        "text": "como está",
        "alias": "text",
        "meta": "@sys.any",
        "userDefined": true
      }
    ],
    "isTemplate": false,
    "count": 0,
    "updated": 0
  },
  {
    "id": "ef87aa8d-fdf5-4777-97e7-3e3b10324f13",
    "data": [
      {
        "text": "agora ",
        "userDefined": false
      },
      {
        "text": "pequeno-almoço",
        "alias": "text",
        "meta": "@sys.any",
        "userDefined": true
      }
    ],
    "isTemplate": false,
    "count": 0,
    "updated": 0
  }
]