[
  {
    "id": "a1a5f850-364d-4a3d-ae44-a2d6d82cb381",
    "data": [
      {
        "text": "salut",
        "alias": "text",
        "meta": "@sys.any",
        "userDefined": true
      },
      {
        "text": " du ",
        "userDefined": false
      },
      {
        "text": "français",
        "alias": "lang-from",
        "meta": "@sys.language",
        "userDefined": false
      },
      {
        "text": " maintenant",
        "userDefined": false
      }
    ],
    "isTemplate": false,
    "count": 0,
    "updated": 0
  },
  {
    "id": "7707eeb0-e72a-4082-ad3e-66c81abddc06",
    "data": [
      {
        "text": "le même mot de l\u0027",
        "userDefined": false
      },
      {
        "text": "anglais",
        "alias": "lang-from",
        "meta": "@sys.language",
        "userDefined": false
      }
    ],
    "isTemplate": false,
    "count": 0,
    "updated": 0
  },
  {
    "id": "adfd5485-0a56-47f7-ae51-717eb635f046",
    "data": [
      {
        "text": "depuis le ",
        "userDefined": false
      },
      {
        "text": "russe",
        "alias": "lang-from",
        "meta": "@sys.language",
        "userDefined": false
      },
      {
        "text": " maintenant",
        "userDefined": false
      }
    ],
    "isTemplate": false,
    "count": 0,
    "updated": 0
  },
  {
    "id": "6aad83fe-4c36-4836-bb6a-3381eec84c05",
    "data": [
      {
        "text": "maintenant",
        "meta": "@sys.ignore",
        "userDefined": false
      },
      {
        "text": " depuis ",
        "userDefined": false
      },
      {
        "text": "l",
        "meta": "@sys.ignore",
        "userDefined": false
      },
      {
        "text": "\u0027",
        "userDefined": false
      },
      {
        "text": "italien",
        "alias": "lang-from",
        "meta": "@sys.language",
        "userDefined": false
      }
    ],
    "isTemplate": false,
    "count": 0,
    "updated": 0
  },
  {
    "id": "f9f2695f-baa6-4f8b-b305-612527f0ffc7",
    "data": [
      {
        "text": "et depuis l\u0027",
        "userDefined": false
      },
      {
        "text": "anglais",
        "alias": "lang-from",
        "meta": "@sys.language",
        "userDefined": false
      }
    ],
    "isTemplate": false,
    "count": 0,
    "updated": 0
  },
  {
    "id": "4789b2fe-1d7c-459f-b489-164cdcce7c3a",
    "data": [
      {
        "text": "hello",
        "alias": "text",
        "meta": "@sys.any",
        "userDefined": true
      },
      {
        "text": " depuis l\u0027",
        "userDefined": false
      },
      {
        "text": "anglais",
        "alias": "lang-from",
        "meta": "@sys.language",
        "userDefined": false
      }
    ],
    "isTemplate": false,
    "count": 0,
    "updated": 0
  },
  {
    "id": "c816245d-e074-421d-9314-989b992a78ee",
    "data": [
      {
        "text": "maintenant la phrase ",
        "userDefined": false
      },
      {
        "text": "je t\u0027aime",
        "alias": "text",
        "meta": "@sys.any",
        "userDefined": true
      },
      {
        "text": " depuis le ",
        "userDefined": false
      },
      {
        "text": "français",
        "alias": "lang-from",
        "meta": "@sys.language",
        "userDefined": false
      }
    ],
    "isTemplate": false,
    "count": 0,
    "updated": 0
  },
  {
    "id": "53e59910-b3ea-4ae4-aa45-f1a95942c372",
    "data": [
      {
        "text": "la même chose depuis l\u0027",
        "userDefined": false
      },
      {
        "text": "italien",
        "alias": "lang-from",
        "meta": "@sys.language",
        "userDefined": false
      }
    ],
    "isTemplate": false,
    "count": 0,
    "updated": 0
  },
  {
    "id": "dfdfb3f5-fa9c-4282-ac76-497694961598",
    "data": [
      {
        "text": "le mot ",
        "userDefined": false
      },
      {
        "text": "bonjour",
        "alias": "text",
        "meta": "@sys.any",
        "userDefined": true
      },
      {
        "text": " depuis le ",
        "userDefined": false
      },
      {
        "text": "français",
        "alias": "lang-from",
        "meta": "@sys.language",
        "userDefined": false
      }
    ],
    "isTemplate": false,
    "count": 0,
    "updated": 0
  },
  {
    "id": "ff53aa11-9db3-45f5-8c29-874aea8ecaa8",
    "data": [
      {
        "text": "peux-tu traduire du ",
        "userDefined": false
      },
      {
        "text": "russe",
        "alias": "lang-from",
        "meta": "@sys.language",
        "userDefined": true
      }
    ],
    "isTemplate": false,
    "count": 0,
    "updated": 0
  }
]