[
  {
    "id": "64c9b78b-12ac-4693-bf77-981eda9f121a",
    "data": [
      {
        "text": "關",
        "meta": "@sys.ignore",
        "userDefined": true
      },
      {
        "text": "于到",
        "userDefined": false
      },
      {
        "text": "英文",
        "alias": "lang-to",
        "meta": "@sys.language",
        "userDefined": true
      }
    ],
    "isTemplate": false,
    "count": 0,
    "updated": 0
  },
  {
    "id": "ae1adfff-3ed4-47ad-b053-9792fec02146",
    "data": [
      {
        "text": "在要到",
        "userDefined": false
      },
      {
        "text": "英文",
        "alias": "lang-to",
        "meta": "@sys.language",
        "userDefined": true
      }
    ],
    "isTemplate": false,
    "count": 0,
    "updated": 0
  },
  {
    "id": "5bf773bb-3ca9-494e-8fa3-2fed40e16570",
    "data": [
      {
        "text": "現在爲了到",
        "userDefined": false
      },
      {
        "text": "英文",
        "alias": "lang-to",
        "meta": "@sys.language",
        "userDefined": true
      }
    ],
    "isTemplate": false,
    "count": 0,
    "updated": 0
  },
  {
    "id": "f36bf6fa-9395-4d91-902a-1fcc06d31003",
    "data": [
      {
        "text": "現在到",
        "userDefined": false
      },
      {
        "text": "英文",
        "alias": "lang-to",
        "meta": "@sys.language",
        "userDefined": true
      }
    ],
    "isTemplate": false,
    "count": 0,
    "updated": 0
  },
  {
    "id": "16a317ce-766b-4816-9637-84382f4c3d50",
    "data": [
      {
        "text": "爲到",
        "userDefined": false
      },
      {
        "text": "英文",
        "alias": "lang-to",
        "meta": "@sys.language",
        "userDefined": true
      }
    ],
    "isTemplate": false,
    "count": 0,
    "updated": 0
  },
  {
    "id": "bc66497f-db4d-4511-a631-25acd9469f5c",
    "data": [
      {
        "text": "現在要到",
        "userDefined": false
      },
      {
        "text": "英文",
        "alias": "lang-to",
        "meta": "@sys.language",
        "userDefined": true
      }
    ],
    "isTemplate": false,
    "count": 0,
    "updated": 0
  },
  {
    "id": "9669a20b-2a8c-46fc-ac7d-e57311fd471d",
    "data": [
      {
        "text": "爲了到",
        "userDefined": false
      },
      {
        "text": "英文",
        "alias": "lang-to",
        "meta": "@sys.language",
        "userDefined": true
      }
    ],
    "isTemplate": false,
    "count": 0,
    "updated": 0
  },
  {
    "id": "b733f1c5-255f-4920-b8dc-f1382191a0d2",
    "data": [
      {
        "text": "到",
        "userDefined": false
      },
      {
        "text": "中文",
        "alias": "lang-to",
        "meta": "@sys.language",
        "userDefined": true
      }
    ],
    "isTemplate": false,
    "count": 0,
    "updated": 0
  }
]