[
  {
    "id": "146b72f4-7885-4cc4-862b-e609ec98fa58",
    "data": [
      {
        "text": "comment dit-on ",
        "userDefined": false
      },
      {
        "text": "petit déjeuner",
        "alias": "text",
        "meta": "@sys.any",
        "userDefined": true
      },
      {
        "text": " en ",
        "userDefined": false
      },
      {
        "text": "allemand",
        "alias": "lang-to",
        "meta": "@sys.language",
        "userDefined": true
      }
    ],
    "isTemplate": false,
    "count": 0,
    "updated": 0
  },
  {
    "id": "ea19e525-5eaf-42ce-a473-b888ce439dcc",
    "data": [
      {
        "text": "j\u0027ai besoin de traduire ",
        "userDefined": false
      },
      {
        "text": "amore",
        "alias": "text",
        "meta": "@sys.any",
        "userDefined": true
      },
      {
        "text": " de l\u0027",
        "userDefined": false
      },
      {
        "text": "espagnol",
        "alias": "lang-from",
        "meta": "@sys.language",
        "userDefined": true
      }
    ],
    "isTemplate": false,
    "count": 0,
    "updated": 0
  },
  {
    "id": "066cdb9e-38b6-4871-af19-5eab9e1cf4b0",
    "data": [
      {
        "text": "traduction de l\u0027",
        "userDefined": false
      },
      {
        "text": "anglais",
        "alias": "lang-from",
        "meta": "@sys.language",
        "userDefined": false
      },
      {
        "text": " en ",
        "userDefined": false
      },
      {
        "text": "russe",
        "alias": "lang-to",
        "meta": "@sys.language",
        "userDefined": false
      }
    ],
    "isTemplate": false,
    "count": 0,
    "updated": 0
  },
  {
    "id": "37d77cbb-2424-4cae-bd31-b60af65ccccd",
    "data": [
      {
        "text": "traduis la phrase ",
        "userDefined": false
      },
      {
        "text": "je t\u0027aime",
        "alias": "text",
        "meta": "@sys.any",
        "userDefined": true
      },
      {
        "text": " en ",
        "userDefined": false
      },
      {
        "text": "espagnol",
        "alias": "lang-from",
        "meta": "@sys.language",
        "userDefined": false
      },
      {
        "text": " depuis le ",
        "userDefined": false
      },
      {
        "text": "français",
        "alias": "lang-to",
        "meta": "@sys.language",
        "userDefined": false
      }
    ],
    "isTemplate": false,
    "count": 0,
    "updated": 0
  },
  {
    "id": "60402cf5-eefb-481f-892a-d0bb01133d64",
    "data": [
      {
        "text": "peux-tu traduire des mots dans d\u0027autres langues",
        "userDefined": false
      }
    ],
    "isTemplate": false,
    "count": 0,
    "updated": 0
  },
  {
    "id": "e2a9212e-2312-4fe6-821a-d0a6c94a08b2",
    "data": [
      {
        "text": "comment dis-tu ",
        "userDefined": false
      },
      {
        "text": "Père Noël",
        "alias": "text",
        "meta": "@sys.any",
        "userDefined": true
      },
      {
        "text": " en ",
        "userDefined": false
      },
      {
        "text": "finnois",
        "alias": "lang-to",
        "meta": "@sys.language",
        "userDefined": true
      }
    ],
    "isTemplate": false,
    "count": 0,
    "updated": 0
  },
  {
    "id": "9a1e6957-11cb-47be-a914-53456ef5fbcb",
    "data": [
      {
        "text": "peux-tu traduire quelque chose en ",
        "userDefined": false
      },
      {
        "text": "français",
        "alias": "lang-to",
        "meta": "@sys.language",
        "userDefined": true
      }
    ],
    "isTemplate": false,
    "count": 0,
    "updated": 0
  },
  {
    "id": "15decd43-435d-4bc8-9cdb-4f980d368716",
    "data": [
      {
        "text": "traduis en ",
        "userDefined": false
      },
      {
        "text": "russe",
        "alias": "lang-from",
        "meta": "@sys.language",
        "userDefined": false
      }
    ],
    "isTemplate": false,
    "count": 0,
    "updated": 0
  },
  {
    "id": "f9e46730-4d0b-4393-84f3-2c0d0b3cee86",
    "data": [
      {
        "text": "je veux traduire en ",
        "userDefined": false
      },
      {
        "text": "français",
        "alias": "lang-to",
        "meta": "@sys.language",
        "userDefined": true
      }
    ],
    "isTemplate": false,
    "count": 1,
    "updated": 0
  },
  {
    "id": "34adeb14-62c9-410d-b48a-2843642c306d",
    "data": [
      {
        "text": "une",
        "meta": "@sys.ignore",
        "userDefined": false
      },
      {
        "text": " traduction de ",
        "userDefined": false
      },
      {
        "text": "salut",
        "alias": "text",
        "meta": "@sys.any",
        "userDefined": true
      },
      {
        "text": " en ",
        "userDefined": false
      },
      {
        "text": "russe",
        "alias": "lang-from",
        "meta": "@sys.language",
        "userDefined": false
      }
    ],
    "isTemplate": false,
    "count": 0,
    "updated": 0
  },
  {
    "id": "d9cba9b3-3d81-4485-920b-fa9918d2c947",
    "data": [
      {
        "text": "traduis ",
        "userDefined": false
      },
      {
        "text": "hola",
        "alias": "text",
        "meta": "@sys.any",
        "userDefined": true
      },
      {
        "text": " de l\u0027",
        "userDefined": false
      },
      {
        "text": "espagnol",
        "alias": "lang-from",
        "meta": "@sys.language",
        "userDefined": false
      }
    ],
    "isTemplate": false,
    "count": 0,
    "updated": 0
  },
  {
    "id": "e498dc82-c597-4567-89d1-3429b504fc50",
    "data": [
      {
        "text": "comment dire ",
        "userDefined": false
      },
      {
        "text": "père",
        "alias": "text",
        "meta": "@sys.any",
        "userDefined": true
      },
      {
        "text": " en ",
        "userDefined": false
      },
      {
        "text": "anglais",
        "alias": "lang-to",
        "meta": "@sys.language",
        "userDefined": true
      }
    ],
    "isTemplate": false,
    "count": 0,
    "updated": 0
  },
  {
    "id": "74f17b2f-02b9-493b-87d5-0704e043afff",
    "data": [
      {
        "text": "traduis ",
        "userDefined": false
      },
      {
        "text": "quoi de neuf",
        "alias": "text",
        "meta": "@sys.any",
        "userDefined": true
      },
      {
        "text": " dans la langue ",
        "userDefined": false
      },
      {
        "text": "polonaise",
        "alias": "lang-from",
        "meta": "@sys.language",
        "userDefined": false
      }
    ],
    "isTemplate": false,
    "count": 0,
    "updated": 0
  },
  {
    "id": "7d95e3c2-3119-4c86-9d7b-c425e74384ff",
    "data": [
      {
        "text": "dis ",
        "userDefined": false
      },
      {
        "text": "je t\u0027aime",
        "alias": "text",
        "meta": "@sys.any",
        "userDefined": true
      },
      {
        "text": " en ",
        "userDefined": false
      },
      {
        "text": "hindi",
        "alias": "lang-to",
        "meta": "@sys.language",
        "userDefined": true
      }
    ],
    "isTemplate": false,
    "count": 0,
    "updated": 0
  },
  {
    "id": "22924a4d-fd5e-4a25-8285-99d066c190ed",
    "data": [
      {
        "text": "traduis ",
        "userDefined": false
      },
      {
        "text": "I love you",
        "alias": "text",
        "meta": "@sys.any",
        "userDefined": true
      },
      {
        "text": " en ",
        "userDefined": false
      },
      {
        "text": "français",
        "alias": "lang-to",
        "meta": "@sys.language",
        "userDefined": true
      }
    ],
    "isTemplate": false,
    "count": 0,
    "updated": 0
  },
  {
    "id": "49d3ee39-7219-46fb-bb82-64e05baa9115",
    "data": [
      {
        "text": "traduis ",
        "userDefined": false
      },
      {
        "text": "salut",
        "alias": "text",
        "meta": "@sys.any",
        "userDefined": true
      },
      {
        "text": " en ",
        "userDefined": false
      },
      {
        "text": "espagnol",
        "alias": "lang-to",
        "meta": "@sys.language",
        "userDefined": true
      }
    ],
    "isTemplate": false,
    "count": 0,
    "updated": 0
  },
  {
    "id": "4d967531-1ada-47b8-8d73-72d6de72fced",
    "data": [
      {
        "text": "peux-tu traduire quelque chose pour ",
        "userDefined": false
      },
      {
        "text": "moi",
        "meta": "@sys.ignore",
        "userDefined": false
      }
    ],
    "isTemplate": false,
    "count": 1,
    "updated": 0
  },
  {
    "id": "965e687b-bce2-4bbe-bae7-340f842e4097",
    "data": [
      {
        "text": "traduis en ",
        "userDefined": false
      },
      {
        "text": "anglais",
        "alias": "lang-to",
        "meta": "@sys.language",
        "userDefined": true
      }
    ],
    "isTemplate": false,
    "count": 0,
    "updated": 0
  },
  {
    "id": "0997a6d1-dc10-445c-a87b-3e82737bf155",
    "data": [
      {
        "text": "peux-tu traduire pour ",
        "userDefined": false
      },
      {
        "text": "moi",
        "meta": "@sys.ignore",
        "userDefined": false
      }
    ],
    "isTemplate": false,
    "count": 0,
    "updated": 0
  },
  {
    "id": "a92d308a-3c35-46f7-989c-0cb385cd2901",
    "data": [
      {
        "text": "comment dire ",
        "userDefined": false
      },
      {
        "text": "viens ici",
        "alias": "text",
        "meta": "@sys.any",
        "userDefined": true
      },
      {
        "text": " en ",
        "userDefined": false
      },
      {
        "text": "italien",
        "alias": "lang-to",
        "meta": "@sys.language",
        "userDefined": false
      }
    ],
    "isTemplate": false,
    "count": 0,
    "updated": 0
  },
  {
    "id": "f649ce1f-763d-4aed-a886-5d1c21afae5c",
    "data": [
      {
        "text": "peux-tu traduire ",
        "userDefined": false
      },
      {
        "text": "ciao",
        "alias": "text",
        "meta": "@sys.any",
        "userDefined": true
      },
      {
        "text": " depuis l\u0027",
        "userDefined": false
      },
      {
        "text": "italien",
        "alias": "lang-from",
        "meta": "@sys.language",
        "userDefined": false
      }
    ],
    "isTemplate": false,
    "count": 0,
    "updated": 0
  },
  {
    "id": "5f02ffde-1e62-4e99-ae41-0f3a0ca89790",
    "data": [
      {
        "text": "traduis ",
        "userDefined": false
      },
      {
        "text": "une",
        "meta": "@sys.ignore",
        "userDefined": false
      },
      {
        "text": " phrase",
        "userDefined": false
      }
    ],
    "isTemplate": false,
    "count": 0,
    "updated": 0
  },
  {
    "id": "376e6f60-a472-425a-9c07-90cd84e5d858",
    "data": [
      {
        "text": "comment ça va",
        "alias": "text",
        "meta": "@sys.any",
        "userDefined": true
      },
      {
        "text": " en ",
        "userDefined": false
      },
      {
        "text": "russe",
        "alias": "lang-to",
        "meta": "@sys.language",
        "userDefined": false
      }
    ],
    "isTemplate": false,
    "count": 0,
    "updated": 0
  },
  {
    "id": "00705f5f-edfb-4626-8599-4f1df8b368a2",
    "data": [
      {
        "text": "traduis ",
        "userDefined": false
      },
      {
        "text": "i love you",
        "alias": "text",
        "meta": "@sys.any",
        "userDefined": true
      },
      {
        "text": " de l\u0027",
        "userDefined": false
      },
      {
        "text": "anglais",
        "alias": "lang-from",
        "meta": "@sys.language",
        "userDefined": true
      },
      {
        "text": " en ",
        "userDefined": false
      },
      {
        "text": "russe",
        "alias": "lang-to",
        "meta": "@sys.language",
        "userDefined": true
      }
    ],
    "isTemplate": false,
    "count": 0,
    "updated": 0
  },
  {
    "id": "bd406455-0801-495b-b8de-8c0b9338e492",
    "data": [
      {
        "text": "traduis ",
        "userDefined": false
      },
      {
        "text": "comment ça va",
        "alias": "text",
        "meta": "@sys.any",
        "userDefined": true
      },
      {
        "text": " en ",
        "userDefined": false
      },
      {
        "text": "anglais",
        "alias": "lang-from",
        "meta": "@sys.language",
        "userDefined": false
      }
    ],
    "isTemplate": false,
    "count": 0,
    "updated": 0
  },
  {
    "id": "b87714bc-c955-42ba-95c3-fd9aa089c0c0",
    "data": [
      {
        "text": "traduis ",
        "userDefined": false
      },
      {
        "text": "bonjour",
        "alias": "text",
        "meta": "@sys.any",
        "userDefined": true
      },
      {
        "text": " du ",
        "userDefined": false
      },
      {
        "text": "français",
        "alias": "lang-from",
        "meta": "@sys.language",
        "userDefined": true
      },
      {
        "text": " en ",
        "userDefined": false
      },
      {
        "text": "anglais",
        "alias": "lang-to",
        "meta": "@sys.language",
        "userDefined": true
      }
    ],
    "isTemplate": false,
    "count": 0,
    "updated": 0
  },
  {
    "id": "45fbc669-737a-4faf-bb7e-584103da3a34",
    "data": [
      {
        "text": "traduis un mot",
        "userDefined": false
      }
    ],
    "isTemplate": false,
    "count": 0,
    "updated": 0
  },
  {
    "id": "5d29bb2b-a07a-459b-88e3-41d3af0aac4f",
    "data": [
      {
        "text": "frivolity",
        "alias": "text",
        "meta": "@sys.any",
        "userDefined": true
      },
      {
        "text": " en ",
        "userDefined": false
      },
      {
        "text": "français",
        "alias": "lang-to",
        "meta": "@sys.language",
        "userDefined": true
      }
    ],
    "isTemplate": false,
    "count": 1,
    "updated": 0
  },
  {
    "id": "c955dfe6-5c3f-4fae-8bd4-a934823bd1c8",
    "data": [
      {
        "text": "traduis",
        "userDefined": false
      }
    ],
    "isTemplate": false,
    "count": 0,
    "updated": 0
  },
  {
    "id": "8098bedb-7d7e-44c6-9228-7b1d23199b49",
    "data": [
      {
        "text": "traduis ",
        "userDefined": false
      },
      {
        "text": "bonjour",
        "alias": "text",
        "meta": "@sys.any",
        "userDefined": false
      },
      {
        "text": " depuis ",
        "userDefined": false
      },
      {
        "text": "le",
        "meta": "@sys.ignore",
        "userDefined": false
      },
      {
        "text": " ",
        "userDefined": false
      },
      {
        "text": "français",
        "alias": "lang-from",
        "meta": "@sys.language",
        "userDefined": false
      },
      {
        "text": " en ",
        "userDefined": false
      },
      {
        "text": "anglais",
        "alias": "lang-to",
        "meta": "@sys.language",
        "userDefined": false
      }
    ],
    "isTemplate": false,
    "count": 0,
    "updated": 0
  },
  {
    "id": "b612afaf-81af-44c3-8997-2ed586ca68c9",
    "data": [
      {
        "text": "salut",
        "alias": "text",
        "meta": "@sys.any",
        "userDefined": true
      },
      {
        "text": " du ",
        "userDefined": false
      },
      {
        "text": "français",
        "alias": "lang-from",
        "meta": "@sys.language",
        "userDefined": true
      },
      {
        "text": " en ",
        "userDefined": false
      },
      {
        "text": "allemand",
        "alias": "lang-to",
        "meta": "@sys.language",
        "userDefined": true
      }
    ],
    "isTemplate": false,
    "count": 0,
    "updated": 0
  }
]