[
  {
    "id": "49caaeca-8c39-48fe-9674-088d1b8ff04c",
    "data": [
      {
        "text": "将“",
        "userDefined": false
      },
      {
        "text": "我爱你",
        "alias": "text",
        "meta": "@sys.any",
        "userDefined": true
      },
      {
        "text": "”翻译成",
        "userDefined": false
      },
      {
        "text": "法语",
        "alias": "lang-to",
        "meta": "@sys.language",
        "userDefined": false
      }
    ],
    "isTemplate": false,
    "count": 1,
    "updated": 0
  },
  {
    "id": "3cb21e9e-3466-4fa1-a02c-78d63c94245c",
    "data": [
      {
        "text": "翻译从",
        "userDefined": false
      },
      {
        "text": "德育",
        "alias": "lang-from",
        "meta": "@sys.language",
        "userDefined": true
      },
      {
        "text": "到",
        "userDefined": false
      },
      {
        "text": "法语",
        "alias": "lang-to",
        "meta": "@sys.language",
        "userDefined": true
      }
    ],
    "isTemplate": false,
    "count": 0,
    "updated": 0
  },
  {
    "id": "a37d8802-7bed-4066-9ea5-dcfb877c5136",
    "data": [
      {
        "text": "能帮我翻译吗",
        "userDefined": false
      }
    ],
    "isTemplate": false,
    "count": 0,
    "updated": 0
  },
  {
    "id": "0ea90e55-4c1c-43b2-9ab5-4531d26d1c19",
    "data": [
      {
        "text": "请你告诉我怎么翻译",
        "userDefined": false
      }
    ],
    "isTemplate": false,
    "count": 0,
    "updated": 0
  },
  {
    "id": "ebb45e1d-2ecd-441d-9994-40b05809c3dc",
    "data": [
      {
        "text": "翻译",
        "userDefined": false
      }
    ],
    "isTemplate": false,
    "count": 0,
    "updated": 0
  },
  {
    "id": "39e49a27-47ad-415e-9d25-c7c7573c2d96",
    "data": [
      {
        "text": "从",
        "userDefined": false
      },
      {
        "text": "日语",
        "alias": "lang-from",
        "meta": "@sys.language",
        "userDefined": false
      },
      {
        "text": "到",
        "userDefined": false
      },
      {
        "text": "法语",
        "alias": "lang-to",
        "meta": "@sys.language",
        "userDefined": false
      },
      {
        "text": "翻译",
        "userDefined": false
      },
      {
        "text": "你好",
        "alias": "text",
        "meta": "@sys.any",
        "userDefined": true
      }
    ],
    "isTemplate": false,
    "count": 0,
    "updated": 0
  },
  {
    "id": "17b1b062-8643-4645-bd63-0215f785f20e",
    "data": [
      {
        "text": "我爱你",
        "alias": "text",
        "meta": "@sys.any",
        "userDefined": true
      },
      {
        "text": "翻译成",
        "userDefined": false
      },
      {
        "text": "德语",
        "alias": "lang-to",
        "meta": "@sys.language",
        "userDefined": false
      }
    ],
    "isTemplate": false,
    "count": 0,
    "updated": 0
  },
  {
    "id": "0e7e3e7b-a1d2-453b-a9c5-caf69f992704",
    "data": [
      {
        "text": "你好",
        "alias": "text",
        "meta": "@sys.any",
        "userDefined": true
      },
      {
        "text": "日语",
        "alias": "lang-to",
        "meta": "@sys.language",
        "userDefined": true
      },
      {
        "text": "翻译",
        "userDefined": false
      }
    ],
    "isTemplate": false,
    "count": 0,
    "updated": 0
  },
  {
    "id": "ef61afdd-4816-435a-800e-6a78685df844",
    "data": [
      {
        "text": "你好",
        "alias": "text",
        "meta": "@sys.any",
        "userDefined": true
      },
      {
        "text": "从",
        "userDefined": false
      },
      {
        "text": "中文",
        "alias": "lang-from",
        "meta": "@sys.language",
        "userDefined": true
      },
      {
        "text": "翻译",
        "meta": "@sys.ignore",
        "userDefined": false
      },
      {
        "text": "成",
        "meta": "@sys.ignore",
        "userDefined": false
      },
      {
        "text": "英文",
        "alias": "lang-to",
        "meta": "@sys.language",
        "userDefined": true
      }
    ],
    "isTemplate": false,
    "count": 0,
    "updated": 0
  },
  {
    "id": "9a40d5db-843a-4af5-b467-3e5f01bfa4fa",
    "data": [
      {
        "text": "翻译成",
        "userDefined": false
      },
      {
        "text": "英语",
        "alias": "lang-from",
        "meta": "@sys.language",
        "userDefined": false
      }
    ],
    "isTemplate": false,
    "count": 0,
    "updated": 0
  },
  {
    "id": "884d5231-f752-4342-9d90-ae7d266a6996",
    "data": [
      {
        "text": "在线翻译",
        "userDefined": false
      }
    ],
    "isTemplate": false,
    "count": 0,
    "updated": 0
  },
  {
    "id": "8a20ac4b-17ba-4041-a906-03f51ffa1efd",
    "data": [
      {
        "text": "语言翻译",
        "userDefined": false
      }
    ],
    "isTemplate": false,
    "count": 0,
    "updated": 0
  },
  {
    "id": "1fadf113-2393-4515-b9bb-5203c48d4575",
    "data": [
      {
        "text": "翻译成",
        "userDefined": false
      },
      {
        "text": "韩文",
        "alias": "lang-to",
        "meta": "@sys.language",
        "userDefined": true
      }
    ],
    "isTemplate": false,
    "count": 0,
    "updated": 0
  },
  {
    "id": "35bc848d-ad06-4a78-86f2-0dc8932afe38",
    "data": [
      {
        "text": "我怎么翻译",
        "userDefined": false
      }
    ],
    "isTemplate": false,
    "count": 0,
    "updated": 0
  },
  {
    "id": "17b905b1-3a8d-4d64-b2f4-1f6740bc9a8b",
    "data": [
      {
        "text": "你可以帮我翻译吗",
        "userDefined": false
      }
    ],
    "isTemplate": false,
    "count": 0,
    "updated": 0
  },
  {
    "id": "ef68d888-10ba-42af-95b6-da75c6b72091",
    "data": [
      {
        "text": "你可以做我的翻译吗",
        "userDefined": false
      }
    ],
    "isTemplate": false,
    "count": 0,
    "updated": 0
  },
  {
    "id": "6c9d5979-1a74-408e-aefe-397854c32e43",
    "data": [
      {
        "text": "“",
        "userDefined": false
      },
      {
        "text": "早餐",
        "alias": "text",
        "meta": "@sys.any",
        "userDefined": true
      },
      {
        "text": "”对应的",
        "userDefined": false
      },
      {
        "text": "德语",
        "alias": "lang-to",
        "meta": "@sys.language",
        "userDefined": true
      },
      {
        "text": "单词是什么",
        "userDefined": false
      }
    ],
    "isTemplate": false,
    "count": 1,
    "updated": 0
  },
  {
    "id": "85340475-2e71-4832-826f-b4f9764c3109",
    "data": [
      {
        "text": "翻译从",
        "userDefined": false
      },
      {
        "text": "法语",
        "alias": "lang-from",
        "meta": "@sys.language",
        "userDefined": false
      }
    ],
    "isTemplate": false,
    "count": 0,
    "updated": 0
  },
  {
    "id": "cea477e5-76e4-4842-99f4-402731c2fa3a",
    "data": [
      {
        "text": "从",
        "userDefined": false
      },
      {
        "text": "英文",
        "alias": "lang-from",
        "meta": "@sys.language",
        "userDefined": true
      },
      {
        "text": "翻译",
        "meta": "@sys.ignore",
        "userDefined": false
      },
      {
        "text": "成",
        "meta": "@sys.ignore",
        "userDefined": false
      },
      {
        "text": "中文",
        "alias": "lang-to",
        "meta": "@sys.language",
        "userDefined": true
      }
    ],
    "isTemplate": false,
    "count": 0,
    "updated": 0
  },
  {
    "id": "fe1b3f60-c6fc-40fa-8463-afd7429788c5",
    "data": [
      {
        "text": "帮我翻译",
        "userDefined": false
      },
      {
        "text": "我爱你",
        "alias": "text",
        "meta": "@sys.any",
        "userDefined": true
      }
    ],
    "isTemplate": false,
    "count": 0,
    "updated": 0
  },
  {
    "id": "89503153-e75d-43b4-b72a-473acb7ab60e",
    "data": [
      {
        "text": "“",
        "userDefined": false
      },
      {
        "text": "圣诞老人",
        "alias": "text",
        "meta": "@sys.any",
        "userDefined": true
      },
      {
        "text": "”用",
        "userDefined": false
      },
      {
        "text": "芬兰语",
        "alias": "lang-to",
        "meta": "@sys.language",
        "userDefined": true
      },
      {
        "text": "怎么说",
        "userDefined": false
      }
    ],
    "isTemplate": false,
    "count": 1,
    "updated": 0
  }
]