[
  {
    "id": "b4250c3a-9041-48dc-87d3-98f4dd628892",
    "data": [
      {
        "text": "你好",
        "alias": "text",
        "meta": "@sys.any",
        "userDefined": true
      },
      {
        "text": "從",
        "userDefined": false
      },
      {
        "text": "中文",
        "alias": "lang-from",
        "meta": "@sys.language",
        "userDefined": true
      }
    ],
    "isTemplate": false,
    "count": 0,
    "updated": 0
  },
  {
    "id": "db980afa-f912-40c9-9a47-c34a4fbb30c4",
    "data": [
      {
        "text": "關",
        "meta": "@sys.ignore",
        "userDefined": true
      },
      {
        "text": "于",
        "userDefined": false
      },
      {
        "text": "umbrella",
        "alias": "text",
        "meta": "@sys.any",
        "userDefined": true
      },
      {
        "text": "從",
        "userDefined": false
      },
      {
        "text": "英文",
        "alias": "lang-from",
        "meta": "@sys.language",
        "userDefined": true
      }
    ],
    "isTemplate": false,
    "count": 0,
    "updated": 0
  },
  {
    "id": "edd0e7e8-f082-4d61-9df3-5baa002d2301",
    "data": [
      {
        "text": "爲了",
        "userDefined": false
      },
      {
        "text": "bye",
        "alias": "text",
        "meta": "@sys.any",
        "userDefined": true
      },
      {
        "text": "從",
        "userDefined": false
      },
      {
        "text": "英文",
        "alias": "lang-from",
        "meta": "@sys.language",
        "userDefined": true
      }
    ],
    "isTemplate": false,
    "count": 0,
    "updated": 0
  },
  {
    "id": "fc81180b-e805-490f-b6f1-793ccb9325ee",
    "data": [
      {
        "text": "現在要",
        "userDefined": false
      },
      {
        "text": "beach",
        "alias": "text",
        "meta": "@sys.any",
        "userDefined": true
      },
      {
        "text": "從",
        "userDefined": false
      },
      {
        "text": "英文",
        "alias": "lang-from",
        "meta": "@sys.language",
        "userDefined": true
      }
    ],
    "isTemplate": false,
    "count": 0,
    "updated": 0
  },
  {
    "id": "fe651689-b6d9-4f81-9fed-ae664ce6cd47",
    "data": [
      {
        "text": "在要",
        "userDefined": false
      },
      {
        "text": "how are you",
        "alias": "text",
        "meta": "@sys.any",
        "userDefined": true
      },
      {
        "text": "從",
        "userDefined": false
      },
      {
        "text": "英文",
        "alias": "lang-from",
        "meta": "@sys.language",
        "userDefined": true
      }
    ],
    "isTemplate": false,
    "count": 0,
    "updated": 0
  },
  {
    "id": "3ea2da6b-076b-472a-bebb-0ca1b1760824",
    "data": [
      {
        "text": "爲",
        "userDefined": false
      },
      {
        "text": "hello",
        "alias": "text",
        "meta": "@sys.any",
        "userDefined": true
      },
      {
        "text": "從",
        "userDefined": false
      },
      {
        "text": "英文",
        "alias": "lang-from",
        "meta": "@sys.language",
        "userDefined": true
      }
    ],
    "isTemplate": false,
    "count": 0,
    "updated": 0
  },
  {
    "id": "53a5768c-6ba4-4344-9274-5b81678e6c66",
    "data": [
      {
        "text": "現在爲了",
        "userDefined": false
      },
      {
        "text": "car",
        "alias": "text",
        "meta": "@sys.any",
        "userDefined": true
      },
      {
        "text": "從",
        "userDefined": false
      },
      {
        "text": "英文",
        "alias": "lang-from",
        "meta": "@sys.language",
        "userDefined": true
      }
    ],
    "isTemplate": false,
    "count": 0,
    "updated": 0
  },
  {
    "id": "04b368ae-7de4-4c44-8985-27220bbe4250",
    "data": [
      {
        "text": "現在",
        "userDefined": false
      },
      {
        "text": "computer",
        "alias": "text",
        "meta": "@sys.any",
        "userDefined": true
      },
      {
        "text": "從",
        "userDefined": false
      },
      {
        "text": "英文",
        "alias": "lang-from",
        "meta": "@sys.language",
        "userDefined": true
      }
    ],
    "isTemplate": false,
    "count": 0,
    "updated": 0
  }
]