[
  {
    "id": "9c998477-1a12-4a88-9295-50d504f22966",
    "data": [
      {
        "text": "e ",
        "userDefined": false
      },
      {
        "text": "olá",
        "alias": "text",
        "meta": "@sys.language",
        "userDefined": true
      },
      {
        "text": " em ",
        "userDefined": false
      },
      {
        "text": "francês",
        "alias": "lang-to",
        "meta": "@sys.language",
        "userDefined": true
      }
    ],
    "isTemplate": false,
    "count": 0,
    "updated": 0
  },
  {
    "id": "64a0f83e-0b6f-49ed-b419-d29159320b8a",
    "data": [
      {
        "text": "olá em ",
        "userDefined": false
      },
      {
        "text": "espanhol",
        "alias": "lang-to",
        "meta": "@sys.language",
        "userDefined": true
      }
    ],
    "isTemplate": false,
    "count": 0,
    "updated": 0
  },
  {
    "id": "477f33de-182e-4e83-93a5-c2b6b45b6523",
    "data": [
      {
        "text": "e agora em ",
        "userDefined": false
      },
      {
        "text": "italiano",
        "alias": "lang-to",
        "meta": "@sys.language",
        "userDefined": true
      }
    ],
    "isTemplate": false,
    "count": 0,
    "updated": 0
  },
  {
    "id": "6c873a22-6cc8-4fe5-aa5a-cbed532be802",
    "data": [
      {
        "text": "e em ",
        "userDefined": false
      },
      {
        "text": "francês",
        "alias": "lang-to",
        "meta": "@sys.language",
        "userDefined": true
      }
    ],
    "isTemplate": false,
    "count": 1,
    "updated": 0
  },
  {
    "id": "3332b4c1-9f8d-462f-8c7c-584611059a76",
    "data": [
      {
        "text": "olá",
        "alias": "text",
        "meta": "@sys.language",
        "userDefined": true
      },
      {
        "text": " em ",
        "userDefined": false
      },
      {
        "text": "russo",
        "alias": "lang-to",
        "meta": "@sys.language",
        "userDefined": true
      }
    ],
    "isTemplate": false,
    "count": 0,
    "updated": 0
  },
  {
    "id": "874dafa9-90ed-41f3-9c8e-3ae8919ce198",
    "data": [
      {
        "text": "e ",
        "userDefined": false
      },
      {
        "text": "ciao",
        "alias": "text",
        "meta": "@sys.language",
        "userDefined": true
      },
      {
        "text": " em ",
        "userDefined": false
      },
      {
        "text": "francês",
        "alias": "lang-to",
        "meta": "@sys.language",
        "userDefined": true
      }
    ],
    "isTemplate": false,
    "count": 0,
    "updated": 0
  },
  {
    "id": "5732f87d-6d82-423e-a5ae-47319df50949",
    "data": [
      {
        "text": "e ",
        "userDefined": false
      },
      {
        "text": "legal",
        "alias": "text",
        "meta": "@sys.language",
        "userDefined": true
      },
      {
        "text": " em ",
        "userDefined": false
      },
      {
        "text": "espanhol",
        "alias": "lang-to",
        "meta": "@sys.language",
        "userDefined": true
      }
    ],
    "isTemplate": false,
    "count": 0,
    "updated": 0
  },
  {
    "id": "91c97fa0-1f3e-41ce-ba80-e134c10acf85",
    "data": [
      {
        "text": "agora em ",
        "userDefined": false
      },
      {
        "text": "russo",
        "alias": "lang-to",
        "meta": "@sys.language",
        "userDefined": true
      }
    ],
    "isTemplate": false,
    "count": 0,
    "updated": 0
  },
  {
    "id": "11d87877-ff7d-441b-b80e-c49174915eea",
    "data": [
      {
        "text": "e agora em ",
        "userDefined": false
      },
      {
        "text": "espanhol",
        "alias": "lang-to",
        "meta": "@sys.language",
        "userDefined": true
      }
    ],
    "isTemplate": false,
    "count": 0,
    "updated": 0
  }
]