[
  {
    "id": "0940e25f-3bc9-4bbe-b39d-4885964f5e7f",
    "data": [
      {
        "text": "und ",
        "userDefined": false
      },
      {
        "text": "Salut",
        "alias": "text",
        "meta": "@sys.any",
        "userDefined": true
      },
      {
        "text": " aus dem ",
        "userDefined": false
      },
      {
        "text": "Französischen",
        "alias": "lang-from",
        "meta": "@sys.language",
        "userDefined": false
      }
    ],
    "isTemplate": false,
    "count": 0,
    "updated": 0
  },
  {
    "id": "91755617-4629-4ab3-b89e-ff85912ed6eb",
    "data": [
      {
        "text": "bitte auch aus dem ",
        "userDefined": false
      },
      {
        "text": "Französischen",
        "alias": "lang-from",
        "meta": "@sys.language",
        "userDefined": true
      }
    ],
    "isTemplate": false,
    "count": 0,
    "updated": 0
  },
  {
    "id": "db041036-4fc5-4b76-a166-9d017b307923",
    "data": [
      {
        "text": "aus dem ",
        "userDefined": false
      },
      {
        "text": "Polnischen",
        "alias": "lang-from",
        "meta": "@sys.language",
        "userDefined": true
      }
    ],
    "isTemplate": false,
    "count": 0,
    "updated": 0
  },
  {
    "id": "9c769b45-8b49-4d0f-b9ed-447cd3f2b4b6",
    "data": [
      {
        "text": "jetzt aus dem ",
        "userDefined": false
      },
      {
        "text": "Italienisch",
        "alias": "lang-from",
        "meta": "@sys.language",
        "userDefined": true
      }
    ],
    "isTemplate": false,
    "count": 0,
    "updated": 0
  },
  {
    "id": "befe8f9a-e011-4194-804a-5e162c4003af",
    "data": [
      {
        "text": "aus dem ",
        "userDefined": false
      },
      {
        "text": "Englischen",
        "alias": "lang-from",
        "meta": "@sys.language",
        "userDefined": true
      }
    ],
    "isTemplate": false,
    "count": 0,
    "updated": 0
  },
  {
    "id": "b6e2ed28-4b21-434c-82e9-20fe27bd7c60",
    "data": [
      {
        "text": "jetzt dasselbe aus dem ",
        "userDefined": false
      },
      {
        "text": "Deutsch",
        "alias": "lang-from",
        "meta": "@sys.language",
        "userDefined": false
      }
    ],
    "isTemplate": false,
    "count": 0,
    "updated": 0
  },
  {
    "id": "c2a97a62-753c-4418-ad4b-08c55e6bf7e5",
    "data": [
      {
        "text": "jetzt ",
        "userDefined": false
      },
      {
        "text": "Bonjour",
        "alias": "text",
        "meta": "@sys.any",
        "userDefined": true
      },
      {
        "text": " aus dem ",
        "userDefined": false
      },
      {
        "text": "Französisch",
        "alias": "lang-from",
        "meta": "@sys.language",
        "userDefined": false
      }
    ],
    "isTemplate": false,
    "count": 0,
    "updated": 0
  }
]