[
  {
    "id": "5c779d66-8f68-447f-9770-d44c1cfd1493",
    "data": [
      {
        "text": "перевод ",
        "userDefined": false
      },
      {
        "text": "trabajador",
        "alias": "text",
        "meta": "@sys.any",
        "userDefined": true
      },
      {
        "text": " на ",
        "userDefined": false
      },
      {
        "text": "английский",
        "alias": "lang-to",
        "meta": "@sys.language",
        "userDefined": true
      }
    ],
    "isTemplate": false,
    "count": 0,
    "updated": 0
  },
  {
    "id": "f3ac7297-99fb-4c4e-ac80-ab84cdbcb8ad",
    "data": [
      {
        "text": "перевод слова ",
        "userDefined": false
      },
      {
        "text": "salve",
        "alias": "text",
        "meta": "@sys.any",
        "userDefined": true
      },
      {
        "text": " на ",
        "userDefined": false
      },
      {
        "text": "английский",
        "alias": "lang-to",
        "meta": "@sys.language",
        "userDefined": true
      }
    ],
    "isTemplate": false,
    "count": 0,
    "updated": 0
  },
  {
    "id": "c6bc1b00-b126-41e9-a6ad-c5ece6740bdb",
    "data": [
      {
        "text": "переведи ",
        "userDefined": false
      },
      {
        "text": "I love you",
        "alias": "text",
        "meta": "@sys.any",
        "userDefined": true
      },
      {
        "text": " с ",
        "userDefined": false
      },
      {
        "text": "английского",
        "alias": "lang-from",
        "meta": "@sys.language",
        "userDefined": true
      },
      {
        "text": " на ",
        "userDefined": false
      },
      {
        "text": "русский",
        "alias": "lang-to",
        "meta": "@sys.language",
        "userDefined": true
      }
    ],
    "isTemplate": false,
    "count": 0,
    "updated": 0
  },
  {
    "id": "71c1baae-22a4-4915-af7a-39d04e0b2ea2",
    "data": [
      {
        "text": "переведи вот это слово на ",
        "userDefined": false
      },
      {
        "text": "английский",
        "alias": "lang-to",
        "meta": "@sys.language",
        "userDefined": true
      },
      {
        "text": " ",
        "userDefined": false
      },
      {
        "text": "ярмарка",
        "alias": "text",
        "meta": "@sys.any",
        "userDefined": true
      }
    ],
    "isTemplate": false,
    "count": 0,
    "updated": 0
  },
  {
    "id": "5ea6ff62-138c-41bc-8f62-2265e5b86dee",
    "data": [
      {
        "text": "как сказать по-",
        "userDefined": false
      },
      {
        "text": "бразильски",
        "alias": "lang-to",
        "meta": "@sys.language",
        "userDefined": true
      },
      {
        "text": " ",
        "userDefined": false
      },
      {
        "text": "как дела",
        "alias": "text",
        "meta": "@sys.any",
        "userDefined": true
      }
    ],
    "isTemplate": false,
    "count": 0,
    "updated": 0
  },
  {
    "id": "172cbe37-b162-48db-bd92-92a6174b73fc",
    "data": [
      {
        "text": "скажи мне ",
        "userDefined": false
      },
      {
        "text": "английском",
        "alias": "lang-to",
        "meta": "@sys.language",
        "userDefined": true
      },
      {
        "text": " перевод слова ",
        "userDefined": false
      },
      {
        "text": "сок",
        "alias": "text",
        "meta": "@sys.any",
        "userDefined": true
      },
      {
        "text": " пожалуйста",
        "userDefined": false
      }
    ],
    "isTemplate": false,
    "count": 0,
    "updated": 0
  },
  {
    "id": "57fd223f-e335-4b2a-8f1e-8f76b83b2f08",
    "data": [
      {
        "text": "переведи на ",
        "userDefined": false
      },
      {
        "text": "французский",
        "alias": "lang-to",
        "meta": "@sys.language",
        "userDefined": true
      }
    ],
    "isTemplate": false,
    "count": 0,
    "updated": 0
  },
  {
    "id": "b9de3310-3590-4c3a-8bf6-b788da13ca5d",
    "data": [
      {
        "text": "также мне нужен перевод ",
        "userDefined": false
      },
      {
        "text": "tu es beau",
        "alias": "text",
        "meta": "@sys.any",
        "userDefined": true
      },
      {
        "text": " с ",
        "userDefined": false
      },
      {
        "text": "французского",
        "alias": "lang-from",
        "meta": "@sys.language",
        "userDefined": true
      }
    ],
    "isTemplate": false,
    "count": 0,
    "updated": 0
  },
  {
    "id": "18e730ea-cc23-436d-abdf-bbdf27fd3e49",
    "data": [
      {
        "text": "переведи это на ",
        "userDefined": false
      },
      {
        "text": "русский",
        "alias": "lang-to",
        "meta": "@sys.language",
        "userDefined": true
      },
      {
        "text": " ",
        "userDefined": false
      },
      {
        "text": "как у тебя дела",
        "alias": "text",
        "meta": "@sys.any",
        "userDefined": true
      }
    ],
    "isTemplate": false,
    "count": 0,
    "updated": 0
  },
  {
    "id": "853dcf91-d03b-4302-b06b-83d93a92315a",
    "data": [
      {
        "text": "переведи пожелание ",
        "userDefined": false
      },
      {
        "text": "счастливого нового года",
        "alias": "text",
        "meta": "@sys.any",
        "userDefined": true
      },
      {
        "text": " на ",
        "userDefined": false
      },
      {
        "text": "испанский",
        "alias": "lang-to",
        "meta": "@sys.language",
        "userDefined": true
      }
    ],
    "isTemplate": false,
    "count": 0,
    "updated": 0
  },
  {
    "id": "e0e647fc-861f-4afa-bc2e-b5659e58f457",
    "data": [
      {
        "text": "прочти перевод фразы ",
        "userDefined": false
      },
      {
        "text": "как здорово",
        "alias": "text",
        "meta": "@sys.any",
        "userDefined": true
      },
      {
        "text": " с ",
        "userDefined": false
      },
      {
        "text": "испанского",
        "alias": "lang-from",
        "meta": "@sys.language",
        "userDefined": true
      }
    ],
    "isTemplate": false,
    "count": 0,
    "updated": 0
  },
  {
    "id": "e2473dea-9f59-4ad6-a5b0-25853766aa99",
    "data": [
      {
        "text": "можешь перевести ",
        "userDefined": false
      },
      {
        "text": "привет",
        "alias": "text",
        "meta": "@sys.any",
        "userDefined": true
      },
      {
        "text": " на ",
        "userDefined": false
      },
      {
        "text": "немецкий",
        "alias": "lang-to",
        "meta": "@sys.language",
        "userDefined": true
      }
    ],
    "isTemplate": false,
    "count": 0,
    "updated": 0
  },
  {
    "id": "ec8d6e5d-9538-4a12-a1e6-544542b92da2",
    "data": [
      {
        "text": "перевод фразы ",
        "userDefined": false
      },
      {
        "text": "je t\u0027aime bien",
        "alias": "text",
        "meta": "@sys.any",
        "userDefined": true
      },
      {
        "text": " с ",
        "userDefined": false
      },
      {
        "text": "французского",
        "alias": "lang-from",
        "meta": "@sys.language",
        "userDefined": true
      }
    ],
    "isTemplate": false,
    "count": 0,
    "updated": 0
  },
  {
    "id": "3229091b-c39a-4fd5-bf60-ec2b78e9fda5",
    "data": [
      {
        "text": "умеешь переводить с ",
        "userDefined": false
      },
      {
        "text": "латинского",
        "alias": "lang-from",
        "meta": "@sys.language",
        "userDefined": true
      }
    ],
    "isTemplate": false,
    "count": 0,
    "updated": 0
  },
  {
    "id": "74545097-bb74-45bb-9a89-f374579e104c",
    "data": [
      {
        "text": "переведи ",
        "userDefined": false
      },
      {
        "text": "привет как дела",
        "alias": "text",
        "meta": "@sys.any",
        "userDefined": true
      },
      {
        "text": " на ",
        "userDefined": false
      },
      {
        "text": "итальянский",
        "alias": "lang-to",
        "meta": "@sys.language",
        "userDefined": true
      }
    ],
    "isTemplate": false,
    "count": 0,
    "updated": 0
  },
  {
    "id": "0245cfd9-a702-45f3-85d6-46ab69fdd885",
    "data": [
      {
        "text": "переведи ",
        "userDefined": false
      },
      {
        "text": "испанское",
        "alias": "lang-from",
        "meta": "@sys.language",
        "userDefined": true
      },
      {
        "text": " слово ",
        "userDefined": false
      },
      {
        "text": "trabajador",
        "alias": "text",
        "meta": "@sys.any",
        "userDefined": true
      },
      {
        "text": " на ",
        "userDefined": false
      },
      {
        "text": "русский",
        "alias": "lang-to",
        "meta": "@sys.language",
        "userDefined": true
      },
      {
        "text": " язык",
        "userDefined": false
      }
    ],
    "isTemplate": false,
    "count": 0,
    "updated": 0
  },
  {
    "id": "eaf6b19c-2972-48e0-b8c1-fec6928fbb34",
    "data": [
      {
        "text": "как сказать ",
        "userDefined": false
      },
      {
        "text": "Санта-Клаус",
        "alias": "text",
        "meta": "@sys.any",
        "userDefined": true
      },
      {
        "text": " по-",
        "userDefined": false
      },
      {
        "text": "фински",
        "alias": "lang-to",
        "meta": "@sys.language",
        "userDefined": true
      }
    ],
    "isTemplate": false,
    "count": 0,
    "updated": 0
  },
  {
    "id": "f6fd6f2f-1dd5-49e1-8616-4c537a21a5cc",
    "data": [
      {
        "text": "перевод ",
        "userDefined": false
      },
      {
        "text": "привет",
        "alias": "text",
        "meta": "@sys.any",
        "userDefined": true
      },
      {
        "text": " ",
        "userDefined": false
      },
      {
        "text": "испанский",
        "alias": "lang-to",
        "meta": "@sys.language",
        "userDefined": true
      }
    ],
    "isTemplate": false,
    "count": 0,
    "updated": 0
  },
  {
    "id": "7d9142e1-465f-4101-aafe-7e10b0bf297f",
    "data": [
      {
        "text": "как сказать ",
        "userDefined": false
      },
      {
        "text": "привет как дела",
        "alias": "text",
        "meta": "@sys.any",
        "userDefined": true
      },
      {
        "text": " на ",
        "userDefined": false
      },
      {
        "text": "немецком",
        "alias": "lang-to",
        "meta": "@sys.language",
        "userDefined": true
      },
      {
        "text": " языке",
        "userDefined": false
      }
    ],
    "isTemplate": false,
    "count": 0,
    "updated": 0
  },
  {
    "id": "98fdb977-17d1-4820-a2cc-e05f33e693d1",
    "data": [
      {
        "text": "теперь я хочу переводить с ",
        "userDefined": false
      },
      {
        "text": "итальянского",
        "alias": "lang-from",
        "meta": "@sys.language",
        "userDefined": true
      }
    ],
    "isTemplate": false,
    "count": 0,
    "updated": 0
  },
  {
    "id": "8fc12c11-da97-4065-97f9-26b142c0cbdf",
    "data": [
      {
        "text": "как ",
        "userDefined": false
      },
      {
        "text": "по-немецки",
        "alias": "lang-to",
        "meta": "@sys.language",
        "userDefined": true
      },
      {
        "text": " будет слово ",
        "userDefined": false
      },
      {
        "text": "завтрак",
        "alias": "text",
        "meta": "@sys.any",
        "userDefined": true
      }
    ],
    "isTemplate": false,
    "count": 1,
    "updated": 0
  },
  {
    "id": "1ee606ed-adbc-41ed-b815-5c7431228d64",
    "data": [
      {
        "text": "как будет ",
        "userDefined": false
      },
      {
        "text": "новые туфли",
        "alias": "text",
        "meta": "@sys.any",
        "userDefined": true
      },
      {
        "text": " ",
        "userDefined": false
      },
      {
        "text": "по-французски",
        "alias": "lang-to",
        "meta": "@sys.language",
        "userDefined": true
      }
    ],
    "isTemplate": false,
    "count": 0,
    "updated": 0
  },
  {
    "id": "aca9848d-fa78-47c8-b84c-6975916aa096",
    "data": [
      {
        "text": "перевод ",
        "userDefined": false
      },
      {
        "text": "does he like it",
        "alias": "text",
        "meta": "@sys.any",
        "userDefined": true
      },
      {
        "text": " с ",
        "userDefined": false
      },
      {
        "text": "английского",
        "alias": "lang-from",
        "meta": "@sys.language",
        "userDefined": true
      },
      {
        "text": " на ",
        "userDefined": false
      },
      {
        "text": "русский",
        "alias": "lang-to",
        "meta": "@sys.language",
        "userDefined": true
      }
    ],
    "isTemplate": false,
    "count": 0,
    "updated": 0
  },
  {
    "id": "66bdf610-3875-4fbf-9442-0083124f0848",
    "data": [
      {
        "text": "переведи ",
        "userDefined": false
      },
      {
        "text": "приветствую тебя",
        "alias": "text",
        "meta": "@sys.any",
        "userDefined": true
      },
      {
        "text": " на ",
        "userDefined": false
      },
      {
        "text": "тагальский",
        "alias": "lang-to",
        "meta": "@sys.language",
        "userDefined": true
      },
      {
        "text": " язык",
        "userDefined": false
      }
    ],
    "isTemplate": false,
    "count": 0,
    "updated": 0
  },
  {
    "id": "69607601-3108-47b3-9bfd-e664a4e0c5a8",
    "data": [
      {
        "text": "перевод слова ",
        "userDefined": false
      },
      {
        "text": "здравствуйте",
        "alias": "text",
        "meta": "@sys.any",
        "userDefined": true
      }
    ],
    "isTemplate": false,
    "count": 0,
    "updated": 0
  },
  {
    "id": "3e3b06a5-4c39-4e84-825b-a416aa7268b1",
    "data": [
      {
        "text": "переведи слово ",
        "userDefined": false
      },
      {
        "text": "le renard",
        "alias": "text",
        "meta": "@sys.any",
        "userDefined": true
      },
      {
        "text": " на ",
        "userDefined": false
      },
      {
        "text": "русский",
        "alias": "lang-to",
        "meta": "@sys.language",
        "userDefined": true
      }
    ],
    "isTemplate": false,
    "count": 0,
    "updated": 0
  },
  {
    "id": "e43b9494-f4b8-48a1-8402-f099ead1350d",
    "data": [
      {
        "text": "покажи мне перевод ",
        "userDefined": false
      },
      {
        "text": "где ты живешь",
        "alias": "text",
        "meta": "@sys.any",
        "userDefined": true
      }
    ],
    "isTemplate": false,
    "count": 0,
    "updated": 0
  },
  {
    "id": "45ed3322-3e87-48e8-9b1a-fa25ab04a339",
    "data": [
      {
        "text": "нужно чтобы ты перевела это",
        "userDefined": false
      }
    ],
    "isTemplate": false,
    "count": 1,
    "updated": 0
  },
  {
    "id": "adeae6d9-7118-4fe6-a72a-6fd21ac84878",
    "data": [
      {
        "text": "можешь пожалуйста перевести ",
        "userDefined": false
      },
      {
        "text": "приходи сегодня",
        "alias": "text",
        "meta": "@sys.any",
        "userDefined": true
      },
      {
        "text": " на ",
        "userDefined": false
      },
      {
        "text": "итальянский",
        "alias": "lang-to",
        "meta": "@sys.language",
        "userDefined": true
      }
    ],
    "isTemplate": false,
    "count": 0,
    "updated": 0
  },
  {
    "id": "3fa877e2-0297-44f0-bf41-c5e1af7182e4",
    "data": [
      {
        "text": "теперь переведи ",
        "userDefined": false
      },
      {
        "text": "how are you",
        "alias": "text",
        "meta": "@sys.any",
        "userDefined": true
      }
    ],
    "isTemplate": false,
    "count": 0,
    "updated": 0
  },
  {
    "id": "4e6ae4a3-d90a-4304-a05c-5d504c858e3e",
    "data": [
      {
        "text": "переведи ",
        "userDefined": false
      },
      {
        "text": "завтра мы пойдём в цирк",
        "alias": "text",
        "meta": "@sys.any",
        "userDefined": true
      },
      {
        "text": " на ",
        "userDefined": false
      },
      {
        "text": "болгарский",
        "alias": "lang-to",
        "meta": "@sys.language",
        "userDefined": true
      }
    ],
    "isTemplate": false,
    "count": 0,
    "updated": 0
  },
  {
    "id": "fe07d1e0-ad3b-42f3-8d5a-0d3aa053ffa3",
    "data": [
      {
        "text": "переведи ",
        "userDefined": false
      },
      {
        "text": "привет",
        "alias": "text",
        "meta": "@sys.any",
        "userDefined": true
      },
      {
        "text": " на ",
        "userDefined": false
      },
      {
        "text": "испанский",
        "alias": "lang-to",
        "meta": "@sys.language",
        "userDefined": true
      }
    ],
    "isTemplate": false,
    "count": 0,
    "updated": 0
  },
  {
    "id": "1657021f-6ece-44e7-8802-d4478b046ef7",
    "data": [
      {
        "text": "переведи с ",
        "userDefined": false
      },
      {
        "text": "английского",
        "alias": "lang-from",
        "meta": "@sys.language",
        "userDefined": true
      },
      {
        "text": " на ",
        "userDefined": false
      },
      {
        "text": "русский",
        "alias": "lang-to",
        "meta": "@sys.language",
        "userDefined": true
      }
    ],
    "isTemplate": false,
    "count": 0,
    "updated": 0
  },
  {
    "id": "13ca1714-299b-4ec9-9556-c4776a2ebff9",
    "data": [
      {
        "text": "как сказать ",
        "userDefined": false
      },
      {
        "text": "привет",
        "alias": "text",
        "meta": "@sys.any",
        "userDefined": true
      },
      {
        "text": " по-",
        "userDefined": false
      },
      {
        "text": "фински",
        "alias": "lang-to",
        "meta": "@sys.language",
        "userDefined": true
      }
    ],
    "isTemplate": false,
    "count": 0,
    "updated": 0
  },
  {
    "id": "48e31aee-642c-46e5-9945-93f5b18a8e60",
    "data": [
      {
        "text": "переведи ",
        "userDefined": false
      },
      {
        "text": "how are you",
        "alias": "text",
        "meta": "@sys.any",
        "userDefined": true
      },
      {
        "text": " с ",
        "userDefined": false
      },
      {
        "text": "английского",
        "alias": "lang-from",
        "meta": "@sys.language",
        "userDefined": true
      },
      {
        "text": " на ",
        "userDefined": false
      },
      {
        "text": "русский",
        "alias": "lang-to",
        "meta": "@sys.language",
        "userDefined": true
      }
    ],
    "isTemplate": false,
    "count": 0,
    "updated": 0
  },
  {
    "id": "a02dea6e-d997-488e-af75-272187d47485",
    "data": [
      {
        "text": "как будет ",
        "userDefined": false
      },
      {
        "text": "прекрасно",
        "alias": "text",
        "meta": "@sys.any",
        "userDefined": true
      },
      {
        "text": " ",
        "userDefined": false
      },
      {
        "text": "по-немецки",
        "alias": "lang-to",
        "meta": "@sys.language",
        "userDefined": true
      }
    ],
    "isTemplate": false,
    "count": 0,
    "updated": 0
  },
  {
    "id": "9ea4af2a-c384-4773-9efb-307e0db87870",
    "data": [
      {
        "text": "перевод ",
        "userDefined": false
      },
      {
        "text": "выходные",
        "alias": "text",
        "meta": "@sys.any",
        "userDefined": true
      },
      {
        "text": " на ",
        "userDefined": false
      },
      {
        "text": "португальский",
        "alias": "lang-to",
        "meta": "@sys.language",
        "userDefined": true
      }
    ],
    "isTemplate": false,
    "count": 1,
    "updated": 0
  },
  {
    "id": "51f4a2fc-e2ca-4c4b-a92f-40d118e22f84",
    "data": [
      {
        "text": "переведи ",
        "userDefined": false
      },
      {
        "text": "студент",
        "alias": "text",
        "meta": "@sys.any",
        "userDefined": true
      },
      {
        "text": " на ",
        "userDefined": false
      },
      {
        "text": "китайский",
        "alias": "lang-to",
        "meta": "@sys.language",
        "userDefined": true
      }
    ],
    "isTemplate": false,
    "count": 0,
    "updated": 0
  },
  {
    "id": "ea557e2f-191e-4b1c-a523-5e4e75a9659d",
    "data": [
      {
        "text": "как сказать ",
        "userDefined": false
      },
      {
        "text": "завтрак",
        "alias": "text",
        "meta": "@sys.any",
        "userDefined": true
      },
      {
        "text": " на ",
        "userDefined": false
      },
      {
        "text": "немецком",
        "alias": "lang-to",
        "meta": "@sys.language",
        "userDefined": true
      }
    ],
    "isTemplate": false,
    "count": 0,
    "updated": 0
  },
  {
    "id": "22872e71-dd6f-4e95-b80a-6ffb2db19f7d",
    "data": [
      {
        "text": "как переводится фраза ",
        "userDefined": false
      },
      {
        "text": "I love you",
        "alias": "text",
        "meta": "@sys.any",
        "userDefined": true
      },
      {
        "text": " на ",
        "userDefined": false
      },
      {
        "text": "французский",
        "alias": "lang-to",
        "meta": "@sys.language",
        "userDefined": true
      }
    ],
    "isTemplate": false,
    "count": 0,
    "updated": 0
  },
  {
    "id": "6d97eb80-a8b3-4db1-96b2-13403f11a173",
    "data": [
      {
        "text": "хинди",
        "alias": "lang-to",
        "meta": "@sys.language",
        "userDefined": true
      },
      {
        "text": " перевод слова ",
        "userDefined": false
      },
      {
        "text": "лёгкость",
        "alias": "text",
        "meta": "@sys.any",
        "userDefined": true
      }
    ],
    "isTemplate": false,
    "count": 0,
    "updated": 0
  },
  {
    "id": "d60efb12-33ba-4182-9b8d-0393dde7beb5",
    "data": [
      {
        "text": "умеешь переводить с ",
        "userDefined": false
      },
      {
        "text": "английского",
        "alias": "lang-from",
        "meta": "@sys.language",
        "userDefined": true
      }
    ],
    "isTemplate": false,
    "count": 0,
    "updated": 0
  },
  {
    "id": "ddbd317a-8ae6-4d48-83bf-aa8458a500a3",
    "data": [
      {
        "text": "перевод на ",
        "userDefined": false
      },
      {
        "text": "итальянский",
        "alias": "lang-to",
        "meta": "@sys.language",
        "userDefined": true
      },
      {
        "text": " ",
        "userDefined": false
      },
      {
        "text": "мы идём в кино",
        "alias": "text",
        "meta": "@sys.any",
        "userDefined": true
      }
    ],
    "isTemplate": false,
    "count": 0,
    "updated": 0
  },
  {
    "id": "76c8819d-2eeb-4b28-97e6-cc12af69f5e5",
    "data": [
      {
        "text": "мне надо перевести на ",
        "userDefined": false
      },
      {
        "text": "бенгальский",
        "alias": "lang-to",
        "meta": "@sys.language",
        "userDefined": true
      },
      {
        "text": " язык",
        "userDefined": false
      }
    ],
    "isTemplate": false,
    "count": 0,
    "updated": 0
  },
  {
    "id": "f8734471-4988-4288-9cc1-7048351894d2",
    "data": [
      {
        "text": "пожалуйста переведи мне на ",
        "userDefined": false
      },
      {
        "text": "английский",
        "alias": "lang-to",
        "meta": "@sys.language",
        "userDefined": true
      }
    ],
    "isTemplate": false,
    "count": 0,
    "updated": 0
  },
  {
    "id": "b9a996eb-13a1-4469-9b58-4fc80bd0dddf",
    "data": [
      {
        "text": "русский",
        "alias": "lang-from",
        "meta": "@sys.language",
        "userDefined": true
      },
      {
        "text": " ",
        "userDefined": false
      },
      {
        "text": "английский",
        "alias": "lang-to",
        "meta": "@sys.language",
        "userDefined": true
      },
      {
        "text": " перевод",
        "userDefined": false
      }
    ],
    "isTemplate": false,
    "count": 0,
    "updated": 0
  },
  {
    "id": "a959d879-0695-432a-bd91-3a3817637131",
    "data": [
      {
        "text": "переводи с ",
        "userDefined": false
      },
      {
        "text": "английского",
        "alias": "lang-from",
        "meta": "@sys.language",
        "userDefined": true
      },
      {
        "text": " на ",
        "userDefined": false
      },
      {
        "text": "испанский",
        "alias": "lang-to",
        "meta": "@sys.language",
        "userDefined": true
      }
    ],
    "isTemplate": false,
    "count": 0,
    "updated": 0
  },
  {
    "id": "8f13765f-5974-4169-ae5e-573872bf7e8b",
    "data": [
      {
        "text": "переведи ",
        "userDefined": false
      },
      {
        "text": "много",
        "alias": "text",
        "meta": "@sys.any",
        "userDefined": true
      },
      {
        "text": " с ",
        "userDefined": false
      },
      {
        "text": "английского",
        "alias": "lang-from",
        "meta": "@sys.language",
        "userDefined": true
      },
      {
        "text": " на ",
        "userDefined": false
      },
      {
        "text": "французский",
        "alias": "lang-to",
        "meta": "@sys.language",
        "userDefined": true
      }
    ],
    "isTemplate": false,
    "count": 0,
    "updated": 0
  },
  {
    "id": "00125631-ff68-4a57-ad84-f2ae961a9614",
    "data": [
      {
        "text": "переведи на ",
        "userDefined": false
      },
      {
        "text": "китайский",
        "alias": "lang-to",
        "meta": "@sys.language",
        "userDefined": true
      },
      {
        "text": " ",
        "userDefined": false
      },
      {
        "text": "пришлёшь мне фото",
        "alias": "text",
        "meta": "@sys.any",
        "userDefined": true
      }
    ],
    "isTemplate": false,
    "count": 0,
    "updated": 0
  },
  {
    "id": "0dd6bcfc-3dc3-4ef0-9c70-ccdb51195460",
    "data": [
      {
        "text": "перевод с ",
        "userDefined": false
      },
      {
        "text": "немецкого",
        "alias": "lang-from",
        "meta": "@sys.language",
        "userDefined": true
      },
      {
        "text": " на ",
        "userDefined": false
      },
      {
        "text": "французский",
        "alias": "lang-to",
        "meta": "@sys.language",
        "userDefined": true
      }
    ],
    "isTemplate": false,
    "count": 0,
    "updated": 0
  },
  {
    "id": "45a2d9c7-0dd4-4358-b34a-b97adf2959f0",
    "data": [
      {
        "text": "переведи ",
        "userDefined": false
      },
      {
        "text": "what\u0027s up",
        "alias": "text",
        "meta": "@sys.any",
        "userDefined": true
      },
      {
        "text": " с ",
        "userDefined": false
      },
      {
        "text": "английского",
        "alias": "lang-from",
        "meta": "@sys.language",
        "userDefined": true
      }
    ],
    "isTemplate": false,
    "count": 1,
    "updated": 0
  },
  {
    "id": "2a6ab2d9-36ce-47b6-a533-e0f4691459d6",
    "data": [
      {
        "text": "прочти перевод фразы ",
        "userDefined": false
      },
      {
        "text": "как здорово",
        "alias": "text",
        "meta": "@sys.any",
        "userDefined": true
      }
    ],
    "isTemplate": false,
    "count": 0,
    "updated": 0
  },
  {
    "id": "596091fd-3dc4-4548-953e-8e3ef2bc5900",
    "data": [
      {
        "text": "переведи ",
        "userDefined": false
      },
      {
        "text": "кот",
        "alias": "text",
        "meta": "@sys.any",
        "userDefined": true
      },
      {
        "text": " с ",
        "userDefined": false
      },
      {
        "text": "русского",
        "alias": "lang-from",
        "meta": "@sys.language",
        "userDefined": true
      },
      {
        "text": " на ",
        "userDefined": false
      },
      {
        "text": "иврит",
        "alias": "lang-to",
        "meta": "@sys.language",
        "userDefined": true
      }
    ],
    "isTemplate": false,
    "count": 0,
    "updated": 0
  },
  {
    "id": "8940346c-be78-4310-9c25-bf3ed8128edc",
    "data": [
      {
        "text": "переведи это ",
        "userDefined": false
      },
      {
        "text": "je t\u0027aime les croissans",
        "alias": "text",
        "meta": "@sys.any",
        "userDefined": true
      }
    ],
    "isTemplate": false,
    "count": 0,
    "updated": 0
  },
  {
    "id": "343b2f6a-39ca-4d49-a4ae-84f4bd2712d8",
    "data": [
      {
        "text": "как сказать ",
        "userDefined": false
      },
      {
        "text": "привет",
        "alias": "text",
        "meta": "@sys.any",
        "userDefined": true
      },
      {
        "text": " на ",
        "userDefined": false
      },
      {
        "text": "китайском",
        "alias": "lang-to",
        "meta": "@sys.language",
        "userDefined": true
      }
    ],
    "isTemplate": false,
    "count": 0,
    "updated": 0
  },
  {
    "id": "cff6bacf-6dad-4893-8bcb-724e9445dad6",
    "data": [
      {
        "text": "мне нужен перевод",
        "userDefined": false
      }
    ],
    "isTemplate": false,
    "count": 0,
    "updated": 0
  },
  {
    "id": "60f4043f-e0a3-46b6-b055-cebeba86d1ac",
    "data": [
      {
        "text": "скажи ",
        "userDefined": false
      },
      {
        "text": "я счастлив",
        "alias": "text",
        "meta": "@sys.any",
        "userDefined": true
      },
      {
        "text": " ",
        "userDefined": false
      },
      {
        "text": "португальский",
        "alias": "lang-to",
        "meta": "@sys.language",
        "userDefined": true
      }
    ],
    "isTemplate": false,
    "count": 0,
    "updated": 0
  },
  {
    "id": "d08d1ad5-bcab-47dc-835b-24d1c7ebbe0e",
    "data": [
      {
        "text": "переведи",
        "userDefined": false
      }
    ],
    "isTemplate": false,
    "count": 0,
    "updated": 0
  },
  {
    "id": "c28f3038-7ac2-45b9-88f1-4b3cd5906cb4",
    "data": [
      {
        "text": "пожалуйста переведи ",
        "userDefined": false
      },
      {
        "text": "te quiero",
        "alias": "text",
        "meta": "@sys.any",
        "userDefined": true
      },
      {
        "text": " с ",
        "userDefined": false
      },
      {
        "text": "испанского",
        "alias": "lang-from",
        "meta": "@sys.language",
        "userDefined": true
      },
      {
        "text": " на ",
        "userDefined": false
      },
      {
        "text": "русский",
        "alias": "lang-to",
        "meta": "@sys.language",
        "userDefined": true
      }
    ],
    "isTemplate": false,
    "count": 1,
    "updated": 0
  },
  {
    "id": "c0e6ea5b-1ed0-45b2-8429-3067ffe87c16",
    "data": [
      {
        "text": "русско",
        "alias": "lang-from",
        "meta": "@sys.language",
        "userDefined": true
      },
      {
        "text": "-",
        "userDefined": false
      },
      {
        "text": "английский",
        "alias": "lang-to",
        "meta": "@sys.language",
        "userDefined": true
      },
      {
        "text": " перевод",
        "userDefined": false
      }
    ],
    "isTemplate": false,
    "count": 0,
    "updated": 0
  },
  {
    "id": "8a075b50-0db9-408c-a9ff-05ccdaa078cf",
    "data": [
      {
        "text": "хочу перевести фразу",
        "userDefined": false
      }
    ],
    "isTemplate": false,
    "count": 0,
    "updated": 0
  },
  {
    "id": "22ef5341-dde8-447e-852d-047bc1cfa458",
    "data": [
      {
        "text": "переведи  ",
        "userDefined": false
      },
      {
        "text": "what\u0027s up",
        "alias": "text",
        "meta": "@sys.any",
        "userDefined": true
      },
      {
        "text": " на ",
        "userDefined": false
      },
      {
        "text": "русский",
        "alias": "lang-to",
        "meta": "@sys.language",
        "userDefined": true
      }
    ],
    "isTemplate": false,
    "count": 0,
    "updated": 0
  },
  {
    "id": "8d368e04-80bd-402c-aec8-fe2b9490ae1e",
    "data": [
      {
        "text": "переведи ",
        "userDefined": false
      },
      {
        "text": "bonjour",
        "alias": "text",
        "meta": "@sys.any",
        "userDefined": true
      },
      {
        "text": " с ",
        "userDefined": false
      },
      {
        "text": "французского",
        "alias": "lang-from",
        "meta": "@sys.language",
        "userDefined": true
      },
      {
        "text": " на ",
        "userDefined": false
      },
      {
        "text": "английский",
        "alias": "lang-to",
        "meta": "@sys.language",
        "userDefined": true
      }
    ],
    "isTemplate": false,
    "count": 0,
    "updated": 0
  },
  {
    "id": "6ebee4de-6fc8-433c-a42c-50533e9e3066",
    "data": [
      {
        "text": "перевод",
        "userDefined": false
      }
    ],
    "isTemplate": false,
    "count": 0,
    "updated": 0
  },
  {
    "id": "bfe62597-9cc1-442d-b0d5-959704fecbbf",
    "data": [
      {
        "text": "как ",
        "userDefined": false
      },
      {
        "text": "по-немецки",
        "alias": "lang-to",
        "meta": "@sys.language",
        "userDefined": true
      },
      {
        "text": " сказать ",
        "userDefined": false
      },
      {
        "text": "карандаш",
        "alias": "text",
        "meta": "@sys.any",
        "userDefined": true
      }
    ],
    "isTemplate": false,
    "count": 0,
    "updated": 0
  },
  {
    "id": "003bb7e0-f6b6-487a-9bdc-0e27f86085d7",
    "data": [
      {
        "text": "переводи",
        "userDefined": false
      }
    ],
    "isTemplate": false,
    "count": 0,
    "updated": 0
  },
  {
    "id": "765111bd-e78e-4b37-a9f8-69976a5df76f",
    "data": [
      {
        "text": "можешь перевести слово",
        "userDefined": false
      }
    ],
    "isTemplate": false,
    "count": 0,
    "updated": 0
  },
  {
    "id": "0a3c5967-3391-493e-98bb-8811bd02ba29",
    "data": [
      {
        "text": "умеешь переводить на ",
        "userDefined": false
      },
      {
        "text": "английский",
        "alias": "lang-to",
        "meta": "@sys.language",
        "userDefined": true
      }
    ],
    "isTemplate": false,
    "count": 0,
    "updated": 0
  },
  {
    "id": "ca2463c8-0b37-47d8-8b76-8c5c833394c6",
    "data": [
      {
        "text": "перевод фразы ",
        "userDefined": false
      },
      {
        "text": "je t\u0027aime",
        "alias": "text",
        "meta": "@sys.any",
        "userDefined": true
      },
      {
        "text": " на ",
        "userDefined": false
      },
      {
        "text": "иврит",
        "alias": "lang-to",
        "meta": "@sys.language",
        "userDefined": true
      }
    ],
    "isTemplate": false,
    "count": 0,
    "updated": 0
  },
  {
    "id": "62590c03-f776-4e0f-b8ae-4c3efa07e118",
    "data": [
      {
        "text": "скажи мне ",
        "userDefined": false
      },
      {
        "text": "японский",
        "alias": "lang-to",
        "meta": "@sys.language",
        "userDefined": true
      },
      {
        "text": " перевод ",
        "userDefined": false
      },
      {
        "text": "how are you",
        "alias": "text",
        "meta": "@sys.any",
        "userDefined": true
      }
    ],
    "isTemplate": false,
    "count": 0,
    "updated": 0
  },
  {
    "id": "f0dd29b0-602b-44ad-83b8-baa120181d83",
    "data": [
      {
        "text": "перевод с испанского",
        "userDefined": false
      }
    ],
    "isTemplate": false,
    "count": 0,
    "updated": 0
  },
  {
    "id": "01e45bd5-b5b0-4781-8611-83907394bdf2",
    "data": [
      {
        "text": "английский",
        "alias": "lang-to",
        "meta": "@sys.language",
        "userDefined": true
      },
      {
        "text": " перевод  ",
        "userDefined": false
      },
      {
        "text": "te quiero",
        "alias": "text",
        "meta": "@sys.any",
        "userDefined": true
      }
    ],
    "isTemplate": false,
    "count": 0,
    "updated": 0
  }
]