[
  {
    "id": "0a8dac26-e0d7-4b58-ae93-d39fec8e53b5",
    "data": [
      {
        "text": "dis ça en ",
        "userDefined": false
      },
      {
        "text": "anglais",
        "alias": "lang-to",
        "meta": "@sys.language",
        "userDefined": false
      }
    ],
    "isTemplate": false,
    "count": 0,
    "updated": 0
  },
  {
    "id": "1f6d4ee9-7cc2-44a8-a9d6-d3eebc691c2a",
    "data": [
      {
        "text": "chat",
        "alias": "text",
        "meta": "@sys.any",
        "userDefined": true
      },
      {
        "text": " en ",
        "userDefined": false
      },
      {
        "text": "italien",
        "alias": "lang-to",
        "meta": "@sys.language",
        "userDefined": false
      }
    ],
    "isTemplate": false,
    "count": 0,
    "updated": 0
  },
  {
    "id": "d289a2c7-6bc4-4aaa-a4e8-69ba23293829",
    "data": [
      {
        "text": "peux-tu le dire en ",
        "userDefined": false
      },
      {
        "text": "italien",
        "alias": "lang-to",
        "meta": "@sys.language",
        "userDefined": false
      },
      {
        "text": " maintenant",
        "userDefined": false
      }
    ],
    "isTemplate": false,
    "count": 0,
    "updated": 0
  },
  {
    "id": "7c9bd398-9f07-4b2b-9a04-75436dc809cf",
    "data": [
      {
        "text": "en ",
        "userDefined": false
      },
      {
        "text": "espagnol",
        "alias": "lang-to",
        "meta": "@sys.language",
        "userDefined": false
      }
    ],
    "isTemplate": false,
    "count": 0,
    "updated": 0
  },
  {
    "id": "e64c0acc-ac6a-43ea-a3d1-c7c693247951",
    "data": [
      {
        "text": "et le ",
        "userDefined": false
      },
      {
        "text": "chat",
        "alias": "text",
        "meta": "@sys.any",
        "userDefined": true
      },
      {
        "text": " en ",
        "userDefined": false
      },
      {
        "text": "anglais",
        "alias": "lang-to",
        "meta": "@sys.language",
        "userDefined": false
      }
    ],
    "isTemplate": false,
    "count": 0,
    "updated": 0
  },
  {
    "id": "92bc5280-e167-4f23-b865-411fe448359b",
    "data": [
      {
        "text": "la même chose en ",
        "userDefined": false
      },
      {
        "text": "chinois",
        "alias": "lang-to",
        "meta": "@sys.language",
        "userDefined": false
      }
    ],
    "isTemplate": false,
    "count": 0,
    "updated": 0
  },
  {
    "id": "f5fc2e50-5b4c-437f-8443-4e02140f3df5",
    "data": [
      {
        "text": "et en ",
        "userDefined": false
      },
      {
        "text": "italien",
        "alias": "lang-to",
        "meta": "@sys.language",
        "userDefined": false
      }
    ],
    "isTemplate": false,
    "count": 0,
    "updated": 0
  },
  {
    "id": "1093c331-7a1f-4e69-b845-d14d12f4ca78",
    "data": [
      {
        "text": "le mot ",
        "userDefined": false
      },
      {
        "text": "maintenant",
        "alias": "text",
        "meta": "@sys.any",
        "userDefined": true
      },
      {
        "text": " en ",
        "userDefined": false
      },
      {
        "text": "polonais",
        "alias": "lang-to",
        "meta": "@sys.language",
        "userDefined": false
      }
    ],
    "isTemplate": false,
    "count": 0,
    "updated": 0
  },
  {
    "id": "84a77628-5a72-4611-ac01-2655a92f259e",
    "data": [
      {
        "text": "maintenant en ",
        "userDefined": false
      },
      {
        "text": "anglais",
        "alias": "lang-to",
        "meta": "@sys.language",
        "userDefined": false
      }
    ],
    "isTemplate": false,
    "count": 0,
    "updated": 0
  },
  {
    "id": "7d91a03e-8968-4efe-8963-d16af1cc203c",
    "data": [
      {
        "text": "et en ",
        "userDefined": false
      },
      {
        "text": "japonais",
        "alias": "lang-to",
        "meta": "@sys.language",
        "userDefined": false
      },
      {
        "text": " maintenant",
        "userDefined": false
      }
    ],
    "isTemplate": false,
    "count": 0,
    "updated": 0
  },
  {
    "id": "e855eee1-194f-43ce-8b17-8bea425a6027",
    "data": [
      {
        "text": "en ",
        "userDefined": false
      },
      {
        "text": "russe",
        "alias": "lang-to",
        "meta": "@sys.language",
        "userDefined": false
      },
      {
        "text": " aussi",
        "userDefined": false
      }
    ],
    "isTemplate": false,
    "count": 0,
    "updated": 0
  }
]