[
  {
    "id": "02e83860-8ca3-4806-a364-2be579651eff",
    "data": [
      {
        "text": "在線翻譯",
        "userDefined": false
      }
    ],
    "isTemplate": false,
    "count": 0,
    "updated": 0
  },
  {
    "id": "7e26eed2-ec24-488a-96c6-70a8d2cc6c6d",
    "data": [
      {
        "text": "語言翻譯",
        "userDefined": false
      }
    ],
    "isTemplate": false,
    "count": 0,
    "updated": 0
  },
  {
    "id": "432a4d3e-d801-4ddf-89e8-802fa3c93764",
    "data": [
      {
        "text": "我愛你",
        "alias": "text",
        "meta": "@sys.any",
        "userDefined": true
      },
      {
        "text": "翻譯成",
        "userDefined": false
      },
      {
        "text": "德語",
        "alias": "lang-to",
        "meta": "@sys.language",
        "userDefined": false
      }
    ],
    "isTemplate": false,
    "count": 0,
    "updated": 0
  },
  {
    "id": "e5e303b7-5b19-4b8c-85d3-28f0d103230b",
    "data": [
      {
        "text": "你好",
        "alias": "text",
        "meta": "@sys.any",
        "userDefined": true
      },
      {
        "text": "從",
        "userDefined": false
      },
      {
        "text": "中文",
        "alias": "lang-from",
        "meta": "@sys.language",
        "userDefined": true
      },
      {
        "text": "翻譯",
        "meta": "@sys.ignore",
        "userDefined": false
      },
      {
        "text": "成",
        "meta": "@sys.ignore",
        "userDefined": false
      },
      {
        "text": "英文",
        "alias": "lang-to",
        "meta": "@sys.language",
        "userDefined": true
      }
    ],
    "isTemplate": false,
    "count": 0,
    "updated": 0
  },
  {
    "id": "877f5c7c-3d9f-429e-a8eb-76b17bf67281",
    "data": [
      {
        "text": "翻譯",
        "userDefined": false
      }
    ],
    "isTemplate": false,
    "count": 0,
    "updated": 0
  },
  {
    "id": "6306ca47-35bf-4cb2-8bf2-95bdd1849e71",
    "data": [
      {
        "text": "我怎麽翻譯",
        "userDefined": false
      }
    ],
    "isTemplate": false,
    "count": 0,
    "updated": 0
  },
  {
    "id": "188b3793-4f48-4219-b4d3-aced908372cc",
    "data": [
      {
        "text": "翻譯成",
        "userDefined": false
      },
      {
        "text": "英語",
        "alias": "lang-from",
        "meta": "@sys.language",
        "userDefined": false
      }
    ],
    "isTemplate": false,
    "count": 0,
    "updated": 0
  },
  {
    "id": "dcfbe808-d0d9-455c-ac6a-87cec550ddf7",
    "data": [
      {
        "text": "「",
        "userDefined": false
      },
      {
        "text": "早餐",
        "alias": "text",
        "meta": "@sys.any",
        "userDefined": true
      },
      {
        "text": "」的",
        "userDefined": false
      },
      {
        "text": "德文",
        "alias": "lang-to",
        "meta": "@sys.language",
        "userDefined": true
      },
      {
        "text": "是什麼",
        "userDefined": false
      }
    ],
    "isTemplate": false,
    "count": 0,
    "updated": 0
  },
  {
    "id": "6cbcb077-5bcf-4bff-b080-1f5719f29122",
    "data": [
      {
        "text": "“",
        "userDefined": false
      },
      {
        "text": "早餐",
        "alias": "text",
        "meta": "@sys.any",
        "userDefined": true
      },
      {
        "text": "”對應的",
        "userDefined": false
      },
      {
        "text": "德語",
        "alias": "lang-to",
        "meta": "@sys.language",
        "userDefined": false
      },
      {
        "text": "單詞是什麽",
        "userDefined": false
      }
    ],
    "isTemplate": false,
    "count": 0,
    "updated": 0
  },
  {
    "id": "889c93fc-8dbc-44e7-81a4-dfab6c44dd7d",
    "data": [
      {
        "text": "翻譯從",
        "userDefined": false
      },
      {
        "text": "德育",
        "alias": "lang-from",
        "meta": "@sys.language",
        "userDefined": true
      },
      {
        "text": "到",
        "userDefined": false
      },
      {
        "text": "法語",
        "alias": "lang-to",
        "meta": "@sys.language",
        "userDefined": true
      }
    ],
    "isTemplate": false,
    "count": 0,
    "updated": 0
  },
  {
    "id": "902244ac-29d1-47b0-925a-e810e4abbc0d",
    "data": [
      {
        "text": "幫我翻譯",
        "userDefined": false
      },
      {
        "text": "我愛你",
        "alias": "text",
        "meta": "@sys.any",
        "userDefined": true
      }
    ],
    "isTemplate": false,
    "count": 0,
    "updated": 0
  },
  {
    "id": "d061f3b3-0943-44fb-8526-285c5dcdc350",
    "data": [
      {
        "text": "翻譯從",
        "userDefined": false
      },
      {
        "text": "法語",
        "alias": "lang-from",
        "meta": "@sys.language",
        "userDefined": false
      }
    ],
    "isTemplate": false,
    "count": 0,
    "updated": 0
  },
  {
    "id": "adc58eef-9630-44c0-b472-b197986b208b",
    "data": [
      {
        "text": "芬蘭文",
        "alias": "lang-to",
        "meta": "@sys.language",
        "userDefined": true
      },
      {
        "text": "的「",
        "userDefined": false
      },
      {
        "text": "聖誕老人",
        "alias": "text",
        "meta": "@sys.any",
        "userDefined": true
      },
      {
        "text": "」如何說",
        "userDefined": false
      }
    ],
    "isTemplate": false,
    "count": 0,
    "updated": 0
  },
  {
    "id": "64ac11c2-90b6-46dc-b9f8-0d8592416ed6",
    "data": [
      {
        "text": "請將「",
        "userDefined": false
      },
      {
        "text": "我愛您",
        "alias": "text",
        "meta": "@sys.any",
        "userDefined": true
      },
      {
        "text": "」譯成",
        "userDefined": false
      },
      {
        "text": "法文",
        "alias": "lang-to",
        "meta": "@sys.language",
        "userDefined": true
      }
    ],
    "isTemplate": false,
    "count": 0,
    "updated": 0
  },
  {
    "id": "076e42fd-0774-442a-b96c-739ba56eb799",
    "data": [
      {
        "text": "你好",
        "alias": "text",
        "meta": "@sys.any",
        "userDefined": true
      },
      {
        "text": "日語",
        "alias": "lang-to",
        "meta": "@sys.language",
        "userDefined": true
      },
      {
        "text": "翻譯",
        "userDefined": false
      }
    ],
    "isTemplate": false,
    "count": 0,
    "updated": 0
  },
  {
    "id": "8eaa5bc3-1861-4115-aee5-a5383c05b68f",
    "data": [
      {
        "text": "翻譯從",
        "userDefined": false
      },
      {
        "text": "德語",
        "alias": "lang-from",
        "meta": "@sys.language",
        "userDefined": false
      },
      {
        "text": "到",
        "userDefined": false
      },
      {
        "text": "法文",
        "alias": "lang-to",
        "meta": "@sys.language",
        "userDefined": true
      }
    ],
    "isTemplate": false,
    "count": 1,
    "updated": 0
  },
  {
    "id": "ebc1c0d0-5182-4504-becb-61a72af4497d",
    "data": [
      {
        "text": "將“",
        "userDefined": false
      },
      {
        "text": "我愛你",
        "alias": "text",
        "meta": "@sys.any",
        "userDefined": true
      },
      {
        "text": "”翻譯成",
        "userDefined": false
      },
      {
        "text": "法語",
        "alias": "lang-to",
        "meta": "@sys.language",
        "userDefined": true
      }
    ],
    "isTemplate": false,
    "count": 0,
    "updated": 0
  },
  {
    "id": "337af461-73d6-4767-b159-eac6e374409e",
    "data": [
      {
        "text": "翻譯成",
        "userDefined": false
      },
      {
        "text": "韓文",
        "alias": "lang-to",
        "meta": "@sys.language",
        "userDefined": true
      }
    ],
    "isTemplate": false,
    "count": 0,
    "updated": 0
  },
  {
    "id": "38e63d3d-9ffc-459b-9bfb-2feb894f256f",
    "data": [
      {
        "text": "從",
        "userDefined": false
      },
      {
        "text": "英文",
        "alias": "lang-from",
        "meta": "@sys.language",
        "userDefined": true
      },
      {
        "text": "翻譯",
        "meta": "@sys.ignore",
        "userDefined": false
      },
      {
        "text": "成",
        "meta": "@sys.ignore",
        "userDefined": false
      },
      {
        "text": "中文",
        "alias": "lang-to",
        "meta": "@sys.language",
        "userDefined": true
      }
    ],
    "isTemplate": false,
    "count": 0,
    "updated": 0
  },
  {
    "id": "0161a1d5-6e6d-4836-bd33-789bbb05acf1",
    "data": [
      {
        "text": "你可以幫我翻譯嗎",
        "userDefined": false
      }
    ],
    "isTemplate": false,
    "count": 0,
    "updated": 0
  },
  {
    "id": "f1de5d3c-5a06-4763-9792-ce55947a6e77",
    "data": [
      {
        "text": "“",
        "userDefined": false
      },
      {
        "text": "聖誕老人",
        "alias": "text",
        "meta": "@sys.any",
        "userDefined": true
      },
      {
        "text": "”用",
        "userDefined": false
      },
      {
        "text": "芬蘭語",
        "alias": "lang-to",
        "meta": "@sys.language",
        "userDefined": true
      },
      {
        "text": "怎麽說",
        "userDefined": false
      }
    ],
    "isTemplate": false,
    "count": 0,
    "updated": 0
  },
  {
    "id": "859d63fc-18f6-42e5-9453-66b09f65234c",
    "data": [
      {
        "text": "請你告訴我怎麽翻譯",
        "userDefined": false
      }
    ],
    "isTemplate": false,
    "count": 0,
    "updated": 0
  },
  {
    "id": "1eb3a789-d8d3-4846-8a1b-c495d280a9d7",
    "data": [
      {
        "text": "從",
        "userDefined": false
      },
      {
        "text": "日語",
        "alias": "lang-from",
        "meta": "@sys.language",
        "userDefined": false
      },
      {
        "text": "到",
        "userDefined": false
      },
      {
        "text": "法語",
        "alias": "lang-to",
        "meta": "@sys.language",
        "userDefined": false
      },
      {
        "text": "翻譯",
        "userDefined": false
      },
      {
        "text": "你好",
        "alias": "text",
        "meta": "@sys.any",
        "userDefined": true
      }
    ],
    "isTemplate": false,
    "count": 0,
    "updated": 0
  },
  {
    "id": "4c806737-ce92-43c2-bed1-ea638c66309e",
    "data": [
      {
        "text": "你可以做我的翻譯嗎",
        "userDefined": false
      }
    ],
    "isTemplate": false,
    "count": 0,
    "updated": 0
  },
  {
    "id": "db89f631-2e71-4bde-a69f-c8b9a2e372de",
    "data": [
      {
        "text": "能幫我翻譯嗎",
        "userDefined": false
      }
    ],
    "isTemplate": false,
    "count": 0,
    "updated": 0
  }
]