[
  {
    "id": "776e8e0a-b83e-440f-bcc3-2b01e7236e6e",
    "data": [
      {
        "text": "ahora",
        "meta": "@sys.ignore",
        "userDefined": true
      },
      {
        "text": " en ",
        "userDefined": false
      },
      {
        "text": "finlandés",
        "alias": "lang-to",
        "meta": "@sys.language",
        "userDefined": true
      }
    ],
    "isTemplate": false,
    "count": 0,
    "updated": 0
  },
  {
    "id": "03fb843b-f402-4072-8a48-64bdcd21b835",
    "data": [
      {
        "text": "y en ",
        "userDefined": false
      },
      {
        "text": "alemán",
        "alias": "lang-to",
        "meta": "@sys.language",
        "userDefined": true
      }
    ],
    "isTemplate": false,
    "count": 0,
    "updated": 0
  },
  {
    "id": "c2f86caf-329d-4b10-9c65-9ed1b99db9a6",
    "data": [
      {
        "text": "ahora",
        "meta": "@sys.ignore",
        "userDefined": true
      },
      {
        "text": " en ",
        "userDefined": false
      },
      {
        "text": "ruso",
        "alias": "lang-to",
        "meta": "@sys.language",
        "userDefined": true
      }
    ],
    "isTemplate": false,
    "count": 0,
    "updated": 0
  },
  {
    "id": "5a6f6e73-a2f8-4f16-a76e-b272c2decb7a",
    "data": [
      {
        "text": "al",
        "meta": "@sys.ignore",
        "userDefined": true
      },
      {
        "text": " ",
        "userDefined": false
      },
      {
        "text": "español",
        "alias": "lang-to",
        "meta": "@sys.language",
        "userDefined": true
      }
    ],
    "isTemplate": false,
    "count": 0,
    "updated": 0
  }
]