[
  {
    "id": "3a4fb218-6736-4861-b40f-3f3eb852eda5",
    "data": [
      {
        "text": "爲了到",
        "userDefined": false
      },
      {
        "text": "英文",
        "alias": "lang-to",
        "meta": "@sys.language",
        "userDefined": true
      }
    ],
    "isTemplate": false,
    "count": 0,
    "updated": 0
  },
  {
    "id": "bceb3129-31fa-4260-b7a0-92ffe9ebded9",
    "data": [
      {
        "text": "現在爲了到",
        "userDefined": false
      },
      {
        "text": "英文",
        "alias": "lang-to",
        "meta": "@sys.language",
        "userDefined": true
      }
    ],
    "isTemplate": false,
    "count": 0,
    "updated": 0
  },
  {
    "id": "2b19fffe-c217-4e21-aeb5-51eae337e560",
    "data": [
      {
        "text": "現在要到",
        "userDefined": false
      },
      {
        "text": "英文",
        "alias": "lang-to",
        "meta": "@sys.language",
        "userDefined": true
      }
    ],
    "isTemplate": false,
    "count": 0,
    "updated": 0
  },
  {
    "id": "9f84c33d-65ca-4030-81c4-15af34bbfc8f",
    "data": [
      {
        "text": "到",
        "userDefined": false
      },
      {
        "text": "中文",
        "alias": "lang-to",
        "meta": "@sys.language",
        "userDefined": true
      }
    ],
    "isTemplate": false,
    "count": 0,
    "updated": 0
  },
  {
    "id": "03cb46f7-53a5-4e48-b185-72e0b0d9da84",
    "data": [
      {
        "text": "爲到",
        "userDefined": false
      },
      {
        "text": "英文",
        "alias": "lang-to",
        "meta": "@sys.language",
        "userDefined": true
      }
    ],
    "isTemplate": false,
    "count": 0,
    "updated": 0
  },
  {
    "id": "a20b5ecb-2aeb-4d80-9ddf-2384cddbcfff",
    "data": [
      {
        "text": "在要到",
        "userDefined": false
      },
      {
        "text": "英文",
        "alias": "lang-to",
        "meta": "@sys.language",
        "userDefined": true
      }
    ],
    "isTemplate": false,
    "count": 0,
    "updated": 0
  },
  {
    "id": "3ddc901b-11ff-4c9e-8cb7-83446b27bde8",
    "data": [
      {
        "text": "關",
        "meta": "@sys.ignore",
        "userDefined": true
      },
      {
        "text": "于到",
        "userDefined": false
      },
      {
        "text": "英文",
        "alias": "lang-to",
        "meta": "@sys.language",
        "userDefined": true
      }
    ],
    "isTemplate": false,
    "count": 0,
    "updated": 0
  },
  {
    "id": "9dc5845f-8ea4-4a4c-b5e8-b363dff23c3f",
    "data": [
      {
        "text": "現在到",
        "userDefined": false
      },
      {
        "text": "英文",
        "alias": "lang-to",
        "meta": "@sys.language",
        "userDefined": true
      }
    ],
    "isTemplate": false,
    "count": 0,
    "updated": 0
  }
]