[
  {
    "id": "92b186a5-afa3-436c-96cf-744e8b3c0b64",
    "data": [
      {
        "text": "et maintenant le mot ",
        "userDefined": false
      },
      {
        "text": "bonjour",
        "alias": "text",
        "meta": "@sys.any",
        "userDefined": true
      }
    ],
    "isTemplate": false,
    "count": 0,
    "updated": 0
  },
  {
    "id": "33f8499d-8f7b-4e41-9e6b-5af410a97f7d",
    "data": [
      {
        "text": "le mot ",
        "userDefined": false
      },
      {
        "text": "chien",
        "alias": "text",
        "meta": "@sys.any",
        "userDefined": true
      },
      {
        "text": " aussi s\u0027il te plaît",
        "userDefined": false
      }
    ],
    "isTemplate": false,
    "count": 0,
    "updated": 0
  },
  {
    "id": "2225394d-de5d-4a33-9533-dd29bdf212bf",
    "data": [
      {
        "text": "une",
        "meta": "@sys.ignore",
        "userDefined": false
      },
      {
        "text": " ",
        "userDefined": false
      },
      {
        "text": "voiture",
        "alias": "text",
        "meta": "@sys.any",
        "userDefined": true
      }
    ],
    "isTemplate": false,
    "count": 0,
    "updated": 0
  },
  {
    "id": "5de68130-bbd0-436a-8655-a7d08bd2c6f8",
    "data": [
      {
        "text": "et la ",
        "userDefined": false
      },
      {
        "text": "chaise",
        "alias": "text",
        "meta": "@sys.any",
        "userDefined": true
      }
    ],
    "isTemplate": false,
    "count": 0,
    "updated": 0
  },
  {
    "id": "66c72970-c768-458b-92e3-1cdd9d3d76b3",
    "data": [
      {
        "text": "maintenant le mot ",
        "userDefined": false
      },
      {
        "text": "table",
        "alias": "text",
        "meta": "@sys.any",
        "userDefined": true
      }
    ],
    "isTemplate": false,
    "count": 0,
    "updated": 0
  },
  {
    "id": "56cf30b8-d656-41eb-824c-c7a4d0718b8c",
    "data": [
      {
        "text": "et la phrase ",
        "userDefined": false
      },
      {
        "text": "je vais bien",
        "alias": "text",
        "meta": "@sys.any",
        "userDefined": true
      }
    ],
    "isTemplate": false,
    "count": 0,
    "updated": 0
  },
  {
    "id": "4b602778-666c-4af8-b7b6-b3c87af6c03e",
    "data": [
      {
        "text": "maintenant",
        "meta": "@sys.ignore",
        "userDefined": false
      },
      {
        "text": " ",
        "userDefined": false
      },
      {
        "text": "un chat",
        "alias": "text",
        "meta": "@sys.any",
        "userDefined": false
      }
    ],
    "isTemplate": false,
    "count": 0,
    "updated": 0
  }
]