[
  {
    "id": "918e54cd-5589-49e4-849f-587495164656",
    "data": [
      {
        "text": "und",
        "meta": "@sys.ignore",
        "userDefined": false
      },
      {
        "text": " jetzt ",
        "userDefined": false
      },
      {
        "text": "Wie geht\u0027s",
        "alias": "text",
        "meta": "@sys.any",
        "userDefined": true
      }
    ],
    "isTemplate": false,
    "count": 0,
    "updated": 0
  },
  {
    "id": "51fdce70-148f-48f2-b76a-d23fb9df2c78",
    "data": [
      {
        "text": "jetzt ",
        "userDefined": false
      },
      {
        "text": "Hallo",
        "alias": "text",
        "meta": "@sys.any",
        "userDefined": true
      }
    ],
    "isTemplate": false,
    "count": 0,
    "updated": 0
  },
  {
    "id": "56ce2599-9a2d-4616-8de3-fb06da0d3fe6",
    "data": [
      {
        "text": "jetzt bitte ",
        "userDefined": false
      },
      {
        "text": "urgent letter",
        "alias": "text",
        "meta": "@sys.any",
        "userDefined": true
      }
    ],
    "isTemplate": false,
    "count": 0,
    "updated": 0
  },
  {
    "id": "5354b1c3-d8d0-4305-b0d2-1348ab8935b5",
    "data": [
      {
        "text": "jetzt übersetze ",
        "userDefined": false
      },
      {
        "text": "Ich liebe dich",
        "alias": "text",
        "meta": "@sys.any",
        "userDefined": true
      }
    ],
    "isTemplate": false,
    "count": 0,
    "updated": 0
  }
]