[
  {
    "id": "4bc00c2a-796f-4144-9225-ab93975d2337",
    "data": [
      {
        "text": "bitte übersetzen",
        "userDefined": false
      }
    ],
    "isTemplate": false,
    "count": 0,
    "updated": 0
  },
  {
    "id": "04247d10-dc0a-498f-9c4e-f21260991199",
    "data": [
      {
        "text": "was heißt \"",
        "userDefined": false
      },
      {
        "text": "Santa Claus",
        "alias": "text",
        "meta": "@sys.any",
        "userDefined": true
      },
      {
        "text": "\" auf ",
        "userDefined": false
      },
      {
        "text": "Finnisch",
        "alias": "lang-to",
        "meta": "@sys.language",
        "userDefined": true
      }
    ],
    "isTemplate": false,
    "count": 0,
    "updated": 0
  },
  {
    "id": "a1ffb4c7-ad52-4ca6-ba22-3c6d5c0ba444",
    "data": [
      {
        "text": "und was heißt ",
        "userDefined": false
      },
      {
        "text": "Hallo",
        "alias": "text",
        "meta": "@sys.any",
        "userDefined": true
      },
      {
        "text": " auf ",
        "userDefined": false
      },
      {
        "text": "Russisch",
        "alias": "lang-to",
        "meta": "@sys.language",
        "userDefined": false
      }
    ],
    "isTemplate": false,
    "count": 0,
    "updated": 0
  },
  {
    "id": "57b57611-0db2-4d88-85f0-ce346ab32756",
    "data": [
      {
        "text": "was heißt ",
        "userDefined": false
      },
      {
        "text": "Ich liebe dich",
        "alias": "text",
        "meta": "@sys.any",
        "userDefined": true
      },
      {
        "text": " auf ",
        "userDefined": false
      },
      {
        "text": "Japanisch",
        "alias": "lang-to",
        "meta": "@sys.language",
        "userDefined": false
      }
    ],
    "isTemplate": false,
    "count": 0,
    "updated": 0
  },
  {
    "id": "50fba518-e4ca-47ce-9466-8c808458ea08",
    "data": [
      {
        "text": "was heißt ",
        "userDefined": false
      },
      {
        "text": "urgent letter",
        "alias": "text",
        "meta": "@sys.any",
        "userDefined": true
      },
      {
        "text": " auf ",
        "userDefined": false
      },
      {
        "text": "Deutsch",
        "alias": "lang-to",
        "meta": "@sys.language",
        "userDefined": false
      }
    ],
    "isTemplate": false,
    "count": 0,
    "updated": 0
  },
  {
    "id": "6c78b6cf-cdec-4744-8ce3-042de05c1a55",
    "data": [
      {
        "text": "Übersetzungen von Texten von ",
        "userDefined": false
      },
      {
        "text": "Französisch",
        "alias": "lang-from",
        "meta": "@sys.language",
        "userDefined": false
      },
      {
        "text": " ",
        "userDefined": false
      },
      {
        "text": "ins",
        "meta": "@sys.ignore",
        "userDefined": false
      },
      {
        "text": " ",
        "userDefined": false
      },
      {
        "text": "Polnische",
        "alias": "lang-to",
        "meta": "@sys.language",
        "userDefined": false
      }
    ],
    "isTemplate": false,
    "count": 0,
    "updated": 0
  },
  {
    "id": "e035e647-7b9a-4470-976a-6af08f2c9b15",
    "data": [
      {
        "text": "übersetzen",
        "userDefined": false
      }
    ],
    "isTemplate": false,
    "count": 0,
    "updated": 0
  },
  {
    "id": "0c77f132-f27e-45de-a668-f30d98509ba4",
    "data": [
      {
        "text": "übersetze ",
        "userDefined": false
      },
      {
        "text": "Hallo",
        "alias": "text",
        "meta": "@sys.any",
        "userDefined": true
      },
      {
        "text": " auf ",
        "userDefined": false
      },
      {
        "text": "Türkisch",
        "alias": "lang-to",
        "meta": "@sys.language",
        "userDefined": true
      }
    ],
    "isTemplate": false,
    "count": 0,
    "updated": 0
  },
  {
    "id": "6849325a-6173-4479-900e-bf2a1041fe8a",
    "data": [
      {
        "text": "vom ",
        "userDefined": false
      },
      {
        "text": "Englischen",
        "alias": "lang-from",
        "meta": "@sys.language",
        "userDefined": true
      },
      {
        "text": " ",
        "userDefined": false
      },
      {
        "text": "ins",
        "meta": "@sys.ignore",
        "userDefined": false
      },
      {
        "text": " ",
        "userDefined": false
      },
      {
        "text": "Deutsche",
        "alias": "lang-to",
        "meta": "@sys.language",
        "userDefined": false
      },
      {
        "text": " übersetzen",
        "userDefined": false
      }
    ],
    "isTemplate": false,
    "count": 0,
    "updated": 0
  },
  {
    "id": "4bb09c51-5242-43ff-abfb-c164d7f85930",
    "data": [
      {
        "text": "Französisch",
        "alias": "lang-from",
        "meta": "@sys.language",
        "userDefined": true
      },
      {
        "text": " übersetzen",
        "userDefined": false
      }
    ],
    "isTemplate": false,
    "count": 0,
    "updated": 0
  },
  {
    "id": "954252c8-118d-4047-870a-77bde0049617",
    "data": [
      {
        "text": "wie sagt man ",
        "userDefined": false
      },
      {
        "text": "Wie geht\u0027s",
        "alias": "text",
        "meta": "@sys.any",
        "userDefined": true
      },
      {
        "text": " auf ",
        "userDefined": false
      },
      {
        "text": "Schwedisch",
        "alias": "lang-to",
        "meta": "@sys.language",
        "userDefined": false
      }
    ],
    "isTemplate": false,
    "count": 0,
    "updated": 0
  },
  {
    "id": "ab3624a6-ddbe-428f-a8a8-51908cdbb975",
    "data": [
      {
        "text": "übersetze auf ",
        "userDefined": false
      },
      {
        "text": "Spanisch",
        "alias": "lang-to",
        "meta": "@sys.language",
        "userDefined": true
      }
    ],
    "isTemplate": false,
    "count": 1,
    "updated": 0
  },
  {
    "id": "a8b14d3b-fe09-400a-b046-9080eeffadf0",
    "data": [
      {
        "text": "ins ",
        "userDefined": false
      },
      {
        "text": "Russische",
        "alias": "lang-to",
        "meta": "@sys.language",
        "userDefined": true
      },
      {
        "text": " übersetzen",
        "userDefined": false
      }
    ],
    "isTemplate": false,
    "count": 0,
    "updated": 0
  },
  {
    "id": "31f48ea3-6b04-44a5-a354-d16cdddbc87d",
    "data": [
      {
        "text": "kannst du auf ",
        "userDefined": false
      },
      {
        "text": "Chinesisch",
        "alias": "lang-to",
        "meta": "@sys.language",
        "userDefined": true
      },
      {
        "text": " übersetzen",
        "userDefined": false
      }
    ],
    "isTemplate": false,
    "count": 0,
    "updated": 0
  },
  {
    "id": "94b1b989-de72-4e5f-a5d4-6410657634ca",
    "data": [
      {
        "text": "übersetze ",
        "userDefined": false
      },
      {
        "text": "Ich hasse dich",
        "alias": "text",
        "meta": "@sys.any",
        "userDefined": true
      },
      {
        "text": " in ",
        "userDefined": false
      },
      {
        "text": "Latein",
        "alias": "lang-to",
        "meta": "@sys.language",
        "userDefined": true
      }
    ],
    "isTemplate": false,
    "count": 0,
    "updated": 0
  },
  {
    "id": "266adbc2-36c6-4a71-ba88-94360b10056e",
    "data": [
      {
        "text": "übersetze auf ",
        "userDefined": false
      },
      {
        "text": "Englisch",
        "alias": "lang-to",
        "meta": "@sys.language",
        "userDefined": true
      }
    ],
    "isTemplate": false,
    "count": 0,
    "updated": 0
  },
  {
    "id": "0c2c1777-0d96-46a3-9d42-47dcbddbcbdd",
    "data": [
      {
        "text": "übersetz mir",
        "userDefined": false
      }
    ],
    "isTemplate": false,
    "count": 0,
    "updated": 0
  },
  {
    "id": "696f4c70-2c50-4169-a526-65a6aea61dd2",
    "data": [
      {
        "text": "kannst du für mich übersetzen",
        "userDefined": false
      }
    ],
    "isTemplate": false,
    "count": 0,
    "updated": 0
  },
  {
    "id": "519c5d55-a8b9-489f-bcec-f7bf48f5725d",
    "data": [
      {
        "text": "welche Sprachen kannst du übersetzen",
        "userDefined": false
      }
    ],
    "isTemplate": false,
    "count": 0,
    "updated": 0
  },
  {
    "id": "261b7d92-8f11-40ee-8bbc-3f09c67ed79c",
    "data": [
      {
        "text": "Übersetzung vom ",
        "userDefined": false
      },
      {
        "text": "Französischen",
        "alias": "lang-from",
        "meta": "@sys.language",
        "userDefined": true
      },
      {
        "text": " ",
        "userDefined": false
      },
      {
        "text": "ins",
        "meta": "@sys.ignore",
        "userDefined": false
      },
      {
        "text": " ",
        "userDefined": false
      },
      {
        "text": "Englische",
        "alias": "lang-to",
        "meta": "@sys.language",
        "userDefined": false
      }
    ],
    "isTemplate": false,
    "count": 0,
    "updated": 0
  },
  {
    "id": "87f8a92c-5089-4787-b2d9-313989ef5754",
    "data": [
      {
        "text": "kannst du übersetzen",
        "userDefined": false
      }
    ],
    "isTemplate": false,
    "count": 0,
    "updated": 0
  },
  {
    "id": "a4ed6657-efb9-4cf1-87a8-17c72e2fe083",
    "data": [
      {
        "text": "übersetze bitte",
        "userDefined": false
      }
    ],
    "isTemplate": false,
    "count": 0,
    "updated": 0
  },
  {
    "id": "92aac2bc-a277-4431-9ac3-67e585a61999",
    "data": [
      {
        "text": "kannst du auch übersetzen",
        "userDefined": false
      }
    ],
    "isTemplate": false,
    "count": 0,
    "updated": 0
  },
  {
    "id": "db3e0fd0-e1df-459d-b0af-876503767959",
    "data": [
      {
        "text": "du sollst übersetzen",
        "userDefined": false
      }
    ],
    "isTemplate": false,
    "count": 0,
    "updated": 0
  },
  {
    "id": "c18d0a2e-a0b6-4ede-a969-6f17abc149fd",
    "data": [
      {
        "text": "übersetze auf ",
        "userDefined": false
      },
      {
        "text": "Deutsch",
        "alias": "lang-to",
        "meta": "@sys.language",
        "userDefined": true
      }
    ],
    "isTemplate": false,
    "count": 1,
    "updated": 0
  },
  {
    "id": "bfb9ec89-e824-45e6-a19b-63949b306ca8",
    "data": [
      {
        "text": "bist du ",
        "userDefined": false
      },
      {
        "text": "ein",
        "meta": "@sys.ignore",
        "userDefined": false
      },
      {
        "text": " guter Übersetzer",
        "userDefined": false
      }
    ],
    "isTemplate": false,
    "count": 0,
    "updated": 0
  },
  {
    "id": "4ca9dfc3-3ae7-4091-9e0f-fbc048eb4fb0",
    "data": [
      {
        "text": "kannst du ",
        "userDefined": false
      },
      {
        "text": "Türkisch",
        "alias": "lang-from",
        "meta": "@sys.language",
        "userDefined": true
      },
      {
        "text": " übersetzen",
        "userDefined": false
      }
    ],
    "isTemplate": false,
    "count": 0,
    "updated": 0
  },
  {
    "id": "75934009-a854-4f0a-bf9e-f2dd1c0f21f8",
    "data": [
      {
        "text": "übersetze ",
        "userDefined": false
      },
      {
        "text": "Ich liebe dich",
        "alias": "text",
        "meta": "@sys.any",
        "userDefined": true
      }
    ],
    "isTemplate": false,
    "count": 0,
    "updated": 0
  },
  {
    "id": "a0456b3d-1fce-4f3e-ae80-bb552eccd752",
    "data": [
      {
        "text": "übersetze auf ",
        "userDefined": false
      },
      {
        "text": "Russisch",
        "alias": "lang-to",
        "meta": "@sys.language",
        "userDefined": true
      }
    ],
    "isTemplate": false,
    "count": 0,
    "updated": 0
  },
  {
    "id": "751d9604-3430-49cd-a265-4e589ea526fa",
    "data": [
      {
        "text": "Herz",
        "alias": "text",
        "meta": "@sys.any",
        "userDefined": true
      },
      {
        "text": " in ",
        "userDefined": false
      },
      {
        "text": "Türkisch",
        "alias": "lang-to",
        "meta": "@sys.language",
        "userDefined": true
      },
      {
        "text": " übersetzen",
        "userDefined": false
      }
    ],
    "isTemplate": false,
    "count": 0,
    "updated": 0
  },
  {
    "id": "94167557-d38f-47a0-baca-fc6d4b694629",
    "data": [
      {
        "text": "übersetze ",
        "userDefined": false
      },
      {
        "text": "Ich liebe dich",
        "alias": "text",
        "meta": "@sys.any",
        "userDefined": true
      },
      {
        "text": " ins ",
        "userDefined": false
      },
      {
        "text": "Türkische",
        "alias": "lang-to",
        "meta": "@sys.language",
        "userDefined": true
      }
    ],
    "isTemplate": false,
    "count": 0,
    "updated": 0
  },
  {
    "id": "ebc1947b-1abb-4689-9817-fad8acd17367",
    "data": [
      {
        "text": "übersetze ",
        "userDefined": false
      },
      {
        "text": "Ich liebe dich",
        "alias": "text",
        "meta": "@sys.any",
        "userDefined": true
      },
      {
        "text": " auf ",
        "userDefined": false
      },
      {
        "text": "Rumänisch",
        "alias": "lang-to",
        "meta": "@sys.language",
        "userDefined": true
      }
    ],
    "isTemplate": false,
    "count": 0,
    "updated": 0
  },
  {
    "id": "0379b91a-42c0-4946-ad83-e285f23d2732",
    "data": [
      {
        "text": "was heißt \"",
        "userDefined": false
      },
      {
        "text": "Frühstück",
        "alias": "text",
        "meta": "@sys.any",
        "userDefined": true
      },
      {
        "text": "\" auf ",
        "userDefined": false
      },
      {
        "text": "Englisch",
        "alias": "lang-to",
        "meta": "@sys.language",
        "userDefined": true
      }
    ],
    "isTemplate": false,
    "count": 0,
    "updated": 0
  },
  {
    "id": "e9be4f04-93d2-4912-b267-52f48b201a29",
    "data": [
      {
        "text": "übersetze ",
        "userDefined": false
      },
      {
        "text": "Hallo",
        "alias": "text",
        "meta": "@sys.any",
        "userDefined": true
      }
    ],
    "isTemplate": false,
    "count": 0,
    "updated": 0
  },
  {
    "id": "82d11557-5f0e-4138-a2d0-29654304b9bd",
    "data": [
      {
        "text": "kannst du mir etwas übersetzen",
        "userDefined": false
      }
    ],
    "isTemplate": false,
    "count": 0,
    "updated": 0
  },
  {
    "id": "33013473-b3fb-4d90-8497-7f384bb8a725",
    "data": [
      {
        "text": "kannst du etwas übersetzen",
        "userDefined": false
      }
    ],
    "isTemplate": false,
    "count": 0,
    "updated": 0
  },
  {
    "id": "51f8f4ac-6389-4d55-903b-b4a013374d37",
    "data": [
      {
        "text": "übersetze",
        "userDefined": false
      }
    ],
    "isTemplate": false,
    "count": 0,
    "updated": 0
  },
  {
    "id": "0c14765f-399c-4135-9c31-08f57ebfa957",
    "data": [
      {
        "text": "übersetze ins ",
        "userDefined": false
      },
      {
        "text": "Englische",
        "alias": "lang-to",
        "meta": "@sys.language",
        "userDefined": true
      }
    ],
    "isTemplate": false,
    "count": 0,
    "updated": 0
  },
  {
    "id": "5fe3be86-96b5-4e41-89f2-ab0962743257",
    "data": [
      {
        "text": "Spanisch",
        "alias": "lang-from",
        "meta": "@sys.language",
        "userDefined": true
      },
      {
        "text": " übersetzung",
        "userDefined": false
      }
    ],
    "isTemplate": false,
    "count": 0,
    "updated": 0
  },
  {
    "id": "6f1b86fc-afd1-4038-8dea-68c87524409a",
    "data": [
      {
        "text": "übersetze ",
        "userDefined": false
      },
      {
        "text": "Ich liebe dich",
        "alias": "text",
        "meta": "@sys.any",
        "userDefined": true
      },
      {
        "text": " auf ",
        "userDefined": false
      },
      {
        "text": "Türkisch",
        "alias": "lang-to",
        "meta": "@sys.language",
        "userDefined": true
      }
    ],
    "isTemplate": false,
    "count": 0,
    "updated": 0
  },
  {
    "id": "7b7cde4f-b0e3-4b21-9c06-879730b11931",
    "data": [
      {
        "text": "übersetze ins ",
        "userDefined": false
      },
      {
        "text": "Deutsche",
        "alias": "lang-to",
        "meta": "@sys.language",
        "userDefined": true
      }
    ],
    "isTemplate": false,
    "count": 0,
    "updated": 0
  },
  {
    "id": "5ce2471e-2da5-4802-8e77-30a886fd0f14",
    "data": [
      {
        "text": "Übersetzung auf ",
        "userDefined": false
      },
      {
        "text": "Englisch",
        "alias": "lang-to",
        "meta": "@sys.language",
        "userDefined": true
      }
    ],
    "isTemplate": false,
    "count": 0,
    "updated": 0
  },
  {
    "id": "e6e829ba-edc8-446c-b968-1dfb81570e1c",
    "data": [
      {
        "text": "ins ",
        "userDefined": false
      },
      {
        "text": "Russische",
        "alias": "lang-to",
        "meta": "@sys.language",
        "userDefined": true
      },
      {
        "text": " übersetzt",
        "userDefined": false
      }
    ],
    "isTemplate": false,
    "count": 0,
    "updated": 0
  },
  {
    "id": "ab5cb450-a36c-4683-b337-9e604fae4144",
    "data": [
      {
        "text": "kannst du mir was übersetzen",
        "userDefined": false
      }
    ],
    "isTemplate": false,
    "count": 0,
    "updated": 0
  },
  {
    "id": "4cd11ea4-390c-44b2-85ff-34ad8b621b31",
    "data": [
      {
        "text": "Englisch",
        "alias": "lang-from",
        "meta": "@sys.language",
        "userDefined": true
      },
      {
        "text": " übersetzen",
        "userDefined": false
      }
    ],
    "isTemplate": false,
    "count": 2,
    "updated": 0
  },
  {
    "id": "e77cc207-397a-4b1a-b54a-ce155375dc10",
    "data": [
      {
        "text": "Herz",
        "alias": "text",
        "meta": "@sys.any",
        "userDefined": true
      },
      {
        "text": " in ",
        "userDefined": false
      },
      {
        "text": "Albanisch",
        "alias": "lang-to",
        "meta": "@sys.language",
        "userDefined": true
      },
      {
        "text": " übersetzen",
        "userDefined": false
      }
    ],
    "isTemplate": false,
    "count": 0,
    "updated": 0
  },
  {
    "id": "ae5af00b-b30c-4641-a718-e4bb4d71acb3",
    "data": [
      {
        "text": "übersetze mir",
        "userDefined": false
      }
    ],
    "isTemplate": false,
    "count": 0,
    "updated": 0
  },
  {
    "id": "8623a886-adcf-4357-be9d-71c3235a748a",
    "data": [
      {
        "text": "in welche Sprachen kannst du übersetzen",
        "userDefined": false
      }
    ],
    "isTemplate": false,
    "count": 0,
    "updated": 0
  },
  {
    "id": "312af930-90c2-4593-928b-0aca539f0dbf",
    "data": [
      {
        "text": "kannst du mir das übersetzen",
        "userDefined": false
      }
    ],
    "isTemplate": false,
    "count": 0,
    "updated": 0
  },
  {
    "id": "cc7b35ce-d32c-4aac-a21e-3b904a4b43c2",
    "data": [
      {
        "text": "kannst du was übersetzen",
        "userDefined": false
      }
    ],
    "isTemplate": false,
    "count": 0,
    "updated": 0
  },
  {
    "id": "0daa253d-2910-4bd1-9694-4d8ddf8fd195",
    "data": [
      {
        "text": "übersetze mir etwas",
        "userDefined": false
      }
    ],
    "isTemplate": false,
    "count": 0,
    "updated": 0
  },
  {
    "id": "cc993afd-d164-40d3-8689-018ea8514e05",
    "data": [
      {
        "text": "Englisch",
        "alias": "lang-from",
        "meta": "@sys.language",
        "userDefined": true
      },
      {
        "text": "-",
        "userDefined": false
      },
      {
        "text": "Deutsch",
        "alias": "lang-to",
        "meta": "@sys.language",
        "userDefined": true
      },
      {
        "text": "-Übersetzung",
        "userDefined": false
      }
    ],
    "isTemplate": false,
    "count": 1,
    "updated": 0
  },
  {
    "id": "6f645d09-7b9c-47d6-8a33-0cebff2a3d4b",
    "data": [
      {
        "text": "übersetzung",
        "userDefined": false
      }
    ],
    "isTemplate": false,
    "count": 0,
    "updated": 0
  },
  {
    "id": "650b502e-6d15-4a60-972f-80a9fd024f17",
    "data": [
      {
        "text": "übersetz",
        "userDefined": false
      }
    ],
    "isTemplate": false,
    "count": 0,
    "updated": 0
  },
  {
    "id": "a946dce3-7606-4df2-b300-9175c422b661",
    "data": [
      {
        "text": "kannst du Sprachen übersetzen",
        "userDefined": false
      }
    ],
    "isTemplate": false,
    "count": 0,
    "updated": 0
  },
  {
    "id": "fd6f2da9-7ae4-4aa0-bddb-d987f797be73",
    "data": [
      {
        "text": "übersetzer",
        "userDefined": false
      }
    ],
    "isTemplate": false,
    "count": 0,
    "updated": 0
  },
  {
    "id": "e18a11b9-3a81-4d67-ab0a-cc09cfdb8908",
    "data": [
      {
        "text": "übersetze mir bitte",
        "userDefined": false
      }
    ],
    "isTemplate": false,
    "count": 0,
    "updated": 0
  },
  {
    "id": "4c97a5fe-6145-454a-89ae-63fb30015e41",
    "data": [
      {
        "text": "übersetze auf",
        "userDefined": false
      }
    ],
    "isTemplate": false,
    "count": 0,
    "updated": 0
  },
  {
    "id": "9e1b89eb-3f36-442e-9208-8bb8649f2655",
    "data": [
      {
        "text": "übersetze auf ",
        "userDefined": false
      },
      {
        "text": "Rumänisch",
        "alias": "lang-to",
        "meta": "@sys.language",
        "userDefined": true
      }
    ],
    "isTemplate": false,
    "count": 0,
    "updated": 0
  },
  {
    "id": "2580cfae-9523-420e-b77b-439295f7c115",
    "data": [
      {
        "text": "Übersetzer bitte",
        "userDefined": false
      }
    ],
    "isTemplate": false,
    "count": 0,
    "updated": 0
  },
  {
    "id": "ab9fa820-bb98-49e4-adf4-0d4192836b66",
    "data": [
      {
        "text": "kannst du auch Sätze übersetzen",
        "userDefined": false
      }
    ],
    "isTemplate": false,
    "count": 0,
    "updated": 0
  },
  {
    "id": "2b40f08e-762e-429a-aeb7-971087d8f39a",
    "data": [
      {
        "text": "übersetze ",
        "userDefined": false
      },
      {
        "text": "Ich liebe dich",
        "alias": "text",
        "meta": "@sys.any",
        "userDefined": true
      },
      {
        "text": " auf ",
        "userDefined": false
      },
      {
        "text": "Albanisch",
        "alias": "lang-to",
        "meta": "@sys.language",
        "userDefined": true
      }
    ],
    "isTemplate": false,
    "count": 0,
    "updated": 0
  },
  {
    "id": "621eb95b-57cf-4612-85c6-9050d872d9e8",
    "data": [
      {
        "text": "Bier",
        "alias": "text",
        "meta": "@sys.any",
        "userDefined": true
      },
      {
        "text": " ins ",
        "userDefined": false
      },
      {
        "text": "Türkische",
        "alias": "lang-to",
        "meta": "@sys.language",
        "userDefined": true
      },
      {
        "text": " übersetzen",
        "userDefined": false
      }
    ],
    "isTemplate": false,
    "count": 0,
    "updated": 0
  },
  {
    "id": "38186fb7-eb90-4447-8bfd-d7aa7ac916da",
    "data": [
      {
        "text": "kannst du auch Wörter in andere Sprachen übersetzen",
        "userDefined": false
      }
    ],
    "isTemplate": false,
    "count": 0,
    "updated": 0
  },
  {
    "id": "2db98025-440a-4c97-adc4-87fca3f1db2f",
    "data": [
      {
        "text": "Englisch",
        "alias": "lang-from",
        "meta": "@sys.language",
        "userDefined": true
      },
      {
        "text": " Übersetzung",
        "userDefined": false
      }
    ],
    "isTemplate": false,
    "count": 0,
    "updated": 0
  },
  {
    "id": "b117d575-1694-44ba-819a-1b30ed4814e4",
    "data": [
      {
        "text": "ich möchte übersetzen",
        "userDefined": false
      }
    ],
    "isTemplate": false,
    "count": 0,
    "updated": 0
  },
  {
    "id": "1679f05f-e990-45c1-b82d-31f7798a32c6",
    "data": [
      {
        "text": "übersetze ins ",
        "userDefined": false
      },
      {
        "text": "Polnische",
        "alias": "lang-to",
        "meta": "@sys.language",
        "userDefined": true
      }
    ],
    "isTemplate": false,
    "count": 0,
    "updated": 0
  },
  {
    "id": "3d25fe90-a70c-4a23-b315-286e646ba941",
    "data": [
      {
        "text": "kannst du mir auch bitte Übersetzen auf ",
        "userDefined": false
      },
      {
        "text": "Türkisch",
        "alias": "lang-to",
        "meta": "@sys.language",
        "userDefined": true
      }
    ],
    "isTemplate": false,
    "count": 0,
    "updated": 0
  },
  {
    "id": "393c89a3-bd0b-4ba2-9288-f85c8e1ce440",
    "data": [
      {
        "text": "übersetze mir auf ",
        "userDefined": false
      },
      {
        "text": "Türkisch",
        "alias": "lang-to",
        "meta": "@sys.language",
        "userDefined": true
      }
    ],
    "isTemplate": false,
    "count": 0,
    "updated": 0
  },
  {
    "id": "a8650cb5-ea89-494f-a71c-c2349da79b1d",
    "data": [
      {
        "text": "ich will eine Übersetzung",
        "userDefined": false
      }
    ],
    "isTemplate": false,
    "count": 0,
    "updated": 0
  },
  {
    "id": "ac053d5c-d4e8-40aa-b8d1-72bfaa3b94dd",
    "data": [
      {
        "text": "übersetze mir ins ",
        "userDefined": false
      },
      {
        "text": "Lateinische",
        "alias": "lang-to",
        "meta": "@sys.language",
        "userDefined": true
      },
      {
        "text": " ",
        "userDefined": false
      },
      {
        "text": "Du bist mein Herz",
        "alias": "text",
        "meta": "@sys.any",
        "userDefined": true
      }
    ],
    "isTemplate": false,
    "count": 0,
    "updated": 0
  },
  {
    "id": "776d1640-89fb-4880-9b7a-fdfaac10e6db",
    "data": [
      {
        "text": "übersetze mal",
        "userDefined": false
      }
    ],
    "isTemplate": false,
    "count": 0,
    "updated": 0
  },
  {
    "id": "4aef67c1-03b3-48d9-b12b-2882e3c119b6",
    "data": [
      {
        "text": "ich möchte bitte eine Übersetzung",
        "userDefined": false
      }
    ],
    "isTemplate": false,
    "count": 0,
    "updated": 0
  },
  {
    "id": "e5e985f8-e92b-4130-b366-a1db61be8390",
    "data": [
      {
        "text": "kannst du auch Texte übersetzen",
        "userDefined": false
      }
    ],
    "isTemplate": false,
    "count": 0,
    "updated": 0
  },
  {
    "id": "b3213bc5-724a-476b-b824-3e39ca0ec0e6",
    "data": [
      {
        "text": "kannst du mir auch andere Sprachen übersetzen",
        "userDefined": false
      }
    ],
    "isTemplate": false,
    "count": 0,
    "updated": 0
  },
  {
    "id": "cf5c4605-b599-4a83-958a-eea919fff02d",
    "data": [
      {
        "text": "übersetze mir das bitte",
        "userDefined": false
      }
    ],
    "isTemplate": false,
    "count": 0,
    "updated": 0
  },
  {
    "id": "76263fab-ccbf-408b-ad9b-f2bdfdf4fb93",
    "data": [
      {
        "text": "du sollst es mir übersetzen",
        "userDefined": false
      }
    ],
    "isTemplate": false,
    "count": 0,
    "updated": 0
  },
  {
    "id": "2085ec1f-55be-4a9d-854c-6b39c9513bce",
    "data": [
      {
        "text": "ich möchte auf ",
        "userDefined": false
      },
      {
        "text": "Rumänisch",
        "alias": "lang-to",
        "meta": "@sys.language",
        "userDefined": true
      },
      {
        "text": " übersetzen: ",
        "userDefined": false
      },
      {
        "text": "Tür",
        "alias": "text",
        "meta": "@sys.any",
        "userDefined": true
      }
    ],
    "isTemplate": false,
    "count": 0,
    "updated": 0
  },
  {
    "id": "d3d01e1f-2f35-4206-a918-7679c13e467c",
    "data": [
      {
        "text": "kannst du ",
        "userDefined": false
      },
      {
        "text": "Türkisch",
        "alias": "lang-from",
        "meta": "@sys.language",
        "userDefined": true
      },
      {
        "text": " Übersetzung",
        "userDefined": false
      }
    ],
    "isTemplate": false,
    "count": 0,
    "updated": 0
  },
  {
    "id": "c11104a2-55bb-41b3-94c7-1c85a494325a",
    "data": [
      {
        "text": "übersetze bitte das auf ",
        "userDefined": false
      },
      {
        "text": "Englisch",
        "alias": "lang-to",
        "meta": "@sys.language",
        "userDefined": true
      }
    ],
    "isTemplate": false,
    "count": 0,
    "updated": 0
  },
  {
    "id": "cfdd75c2-51f7-4e99-abc1-6cc3a97272e6",
    "data": [
      {
        "text": "übersetze ",
        "userDefined": false
      },
      {
        "text": "Ich mag dich",
        "alias": "text",
        "meta": "@sys.any",
        "userDefined": true
      }
    ],
    "isTemplate": false,
    "count": 1,
    "updated": 0
  },
  {
    "id": "84e98dcb-6249-4833-aaa8-60f597396074",
    "data": [
      {
        "text": "übersetze mir was",
        "userDefined": false
      }
    ],
    "isTemplate": false,
    "count": 0,
    "updated": 0
  },
  {
    "id": "cda6af9f-769e-49c9-a92b-fe77fd393a90",
    "data": [
      {
        "text": "ich möchte Text übersetzen",
        "userDefined": false
      }
    ],
    "isTemplate": false,
    "count": 0,
    "updated": 0
  },
  {
    "id": "a771e460-f941-4a49-8fea-f0201c12e4bc",
    "data": [
      {
        "text": "kannst du auch Fremdsprachen übersetzen",
        "userDefined": false
      }
    ],
    "isTemplate": false,
    "count": 0,
    "updated": 0
  },
  {
    "id": "a7a6986c-64f4-431e-916e-d07ab4020432",
    "data": [
      {
        "text": "übersetze ",
        "userDefined": false
      },
      {
        "text": "Hallo",
        "alias": "text",
        "meta": "@sys.any",
        "userDefined": true
      },
      {
        "text": " von ",
        "userDefined": false
      },
      {
        "text": "Türkisch",
        "alias": "lang-from",
        "meta": "@sys.language",
        "userDefined": false
      }
    ],
    "isTemplate": false,
    "count": 0,
    "updated": 0
  }
]