[
  {
    "id": "4974369b-e0ce-4d11-b41a-9b90df2b379c",
    "data": [
      {
        "text": "agora de ",
        "userDefined": false
      },
      {
        "text": "espanhol",
        "alias": "lang-from",
        "meta": "@sys.language",
        "userDefined": true
      }
    ],
    "isTemplate": false,
    "count": 0,
    "updated": 0
  },
  {
    "id": "8349fbe3-1bda-4f46-8a7c-2bd8f83ca299",
    "data": [
      {
        "text": "de ",
        "userDefined": false
      },
      {
        "text": "inglês",
        "alias": "lang-from",
        "meta": "@sys.language",
        "userDefined": true
      }
    ],
    "isTemplate": false,
    "count": 0,
    "updated": 0
  },
  {
    "id": "a41174f4-66db-452b-aa7e-c5e507bd0d0e",
    "data": [
      {
        "text": "e ",
        "userDefined": false
      },
      {
        "text": "hallo",
        "alias": "text",
        "meta": "@sys.any",
        "userDefined": true
      },
      {
        "text": " do ",
        "userDefined": false
      },
      {
        "text": "alemão",
        "alias": "lang-from",
        "meta": "@sys.language",
        "userDefined": true
      }
    ],
    "isTemplate": false,
    "count": 0,
    "updated": 0
  },
  {
    "id": "dd532dd8-ec50-470e-9dc6-5dcaecc87938",
    "data": [
      {
        "text": "salut",
        "alias": "text",
        "meta": "@sys.any",
        "userDefined": true
      },
      {
        "text": " do ",
        "userDefined": false
      },
      {
        "text": "francês",
        "alias": "lang-from",
        "meta": "@sys.language",
        "userDefined": true
      },
      {
        "text": " agora",
        "userDefined": false
      }
    ],
    "isTemplate": false,
    "count": 0,
    "updated": 0
  }
]