[
  {
    "id": "54755438-9ebf-458f-ae30-740aa214e7b9",
    "data": [
      {
        "text": "special price",
        "userDefined": false
      }
    ],
    "isTemplate": false,
    "count": 0,
    "updated": 1508867047
  },
  {
    "id": "28267f5a-3fb8-47e5-a50e-f0d3cfffb497",
    "data": [
      {
        "text": "current offers",
        "userDefined": false
      }
    ],
    "isTemplate": false,
    "count": 0,
    "updated": 1508867047
  },
  {
    "id": "80a71d1b-ea58-48a1-8ce9-6a6a6146db1e",
    "data": [
      {
        "text": "any special offers ",
        "userDefined": false
      },
      {
        "text": "today",
        "meta": "@sys.ignore",
        "userDefined": false
      }
    ],
    "isTemplate": false,
    "count": 0
  },
  {
    "id": "d81e30fe-ec74-414d-a237-d71e03fce34e",
    "data": [
      {
        "text": "do you have any discounts",
        "userDefined": false
      }
    ],
    "isTemplate": false,
    "count": 0
  },
  {
    "id": "f8140332-bbf5-436b-b9ab-9c9fd0bfd925",
    "data": [
      {
        "text": "today",
        "meta": "@sys.ignore",
        "userDefined": false
      },
      {
        "text": "\u0027s offer",
        "userDefined": false
      }
    ],
    "isTemplate": false,
    "count": 0,
    "updated": 1508867047
  },
  {
    "id": "97779fec-dc8a-4505-9cd4-941d45095b51",
    "data": [
      {
        "text": "some products are very expensive",
        "userDefined": false
      }
    ],
    "isTemplate": false,
    "count": 0
  },
  {
    "id": "236bf640-cb1a-41a3-8a98-42b41605d8ce",
    "data": [
      {
        "text": "too expensive for me",
        "userDefined": false
      }
    ],
    "isTemplate": false,
    "count": 0
  },
  {
    "id": "1186ac10-1a6e-4d2a-b8f7-d367a1b0ab04",
    "data": [
      {
        "text": "can I have a discounts",
        "userDefined": false
      }
    ],
    "isTemplate": false,
    "count": 0
  },
  {
    "id": "4cb35d98-359e-46e9-b9ec-0fdc40fafe60",
    "data": [
      {
        "text": "do you have special offers",
        "userDefined": false
      }
    ],
    "isTemplate": false,
    "count": 0,
    "updated": 1508867047
  },
  {
    "id": "9ac12972-9def-48ad-ac76-edbbddeb1bd5",
    "data": [
      {
        "text": "it\u0027s too expensive for me",
        "userDefined": false
      }
    ],
    "isTemplate": false,
    "count": 0
  }
]