[
  {
    "id": "af8bd1b6-9008-4c35-a13a-9254b1287c7e",
    "data": [
      {
        "text": "now their phone",
        "userDefined": false
      }
    ],
    "isTemplate": false,
    "count": 0,
    "updated": 0
  },
  {
    "id": "282fb8fe-34d5-4403-9207-91630606e376",
    "data": [
      {
        "text": "and ",
        "userDefined": false
      },
      {
        "text": "contact",
        "meta": "@sys.ignore",
        "userDefined": false
      },
      {
        "text": " number",
        "userDefined": false
      }
    ],
    "isTemplate": false,
    "count": 0,
    "updated": 0
  },
  {
    "id": "c109e651-07de-49b5-9b20-13da8595d8d6",
    "data": [
      {
        "text": "phone number too",
        "userDefined": false
      }
    ],
    "isTemplate": false,
    "count": 0,
    "updated": 0
  },
  {
    "id": "0217e91e-df76-408c-9d90-4972ff55ecfa",
    "data": [
      {
        "text": "what about phone number",
        "userDefined": false
      }
    ],
    "isTemplate": false,
    "count": 0,
    "updated": 0
  },
  {
    "id": "0666e820-a4ba-4e9e-8b77-f361ba15e161",
    "data": [
      {
        "text": "I need their phone too",
        "userDefined": false
      }
    ],
    "isTemplate": false,
    "count": 0,
    "updated": 0
  },
  {
    "id": "ad7ea400-47d3-42a3-aa73-b824718cbc78",
    "data": [
      {
        "text": "what about ",
        "userDefined": false
      },
      {
        "text": "contact",
        "meta": "@sys.ignore",
        "userDefined": false
      },
      {
        "text": " number",
        "userDefined": false
      }
    ],
    "isTemplate": false,
    "count": 0,
    "updated": 0
  },
  {
    "id": "35d4c415-f23c-42eb-8363-89c76cb21b6e",
    "data": [
      {
        "text": "and ",
        "userDefined": false
      },
      {
        "text": "phone",
        "meta": "@sys.ignore",
        "userDefined": false
      }
    ],
    "isTemplate": false,
    "count": 0,
    "updated": 0
  },
  {
    "id": "8ffa98eb-b6e9-4507-93ed-d58ac4abcd0d",
    "data": [
      {
        "text": "phone too",
        "userDefined": false
      }
    ],
    "isTemplate": false,
    "count": 0,
    "updated": 0
  },
  {
    "id": "7ad2395a-8660-450b-a505-7b83763342e0",
    "data": [
      {
        "text": "her",
        "meta": "@sys.ignore",
        "userDefined": false
      },
      {
        "text": " ",
        "userDefined": false
      },
      {
        "text": "number",
        "meta": "@sys.ignore",
        "userDefined": false
      }
    ],
    "isTemplate": false,
    "count": 0,
    "updated": 0
  },
  {
    "id": "7479eeb8-ad22-46f8-9007-7b9d4d341f52",
    "data": [
      {
        "text": "what ",
        "userDefined": false
      },
      {
        "text": "about",
        "meta": "@sys.ignore",
        "userDefined": false
      },
      {
        "text": " his ",
        "userDefined": false
      },
      {
        "text": "phone",
        "meta": "@sys.ignore",
        "userDefined": false
      }
    ],
    "isTemplate": false,
    "count": 0,
    "updated": 0
  },
  {
    "id": "3c0395a1-30c8-4ea4-aa94-ecdad2c25605",
    "data": [
      {
        "text": "and their phone",
        "userDefined": false
      }
    ],
    "isTemplate": false,
    "count": 0,
    "updated": 0
  },
  {
    "id": "fb565cfe-1f44-48f7-b6d6-65ddf2f0e206",
    "data": [
      {
        "text": "how to make a phone call",
        "userDefined": false
      }
    ],
    "isTemplate": false,
    "count": 0,
    "updated": 0
  },
  {
    "id": "c92d3495-cf24-4ff6-8102-3356eccc1c15",
    "data": [
      {
        "text": "can I call ",
        "userDefined": false
      },
      {
        "text": "them",
        "meta": "@sys.ignore",
        "userDefined": false
      }
    ],
    "isTemplate": false,
    "count": 0,
    "updated": 0
  }
]