[
  {
    "id": "66be1e85-36e6-4631-956e-d720b6668040",
    "data": [
      {
        "text": "please add that ",
        "userDefined": false
      },
      {
        "text": "I don\u0027t like it",
        "alias": "message",
        "meta": "@sys.any",
        "userDefined": true
      }
    ],
    "isTemplate": false,
    "count": 0,
    "updated": 0
  },
  {
    "id": "95fa341e-6901-428d-af9f-bc53cbbc595b",
    "data": [
      {
        "text": "also that ",
        "userDefined": false
      },
      {
        "text": "there are some problems",
        "alias": "message",
        "meta": "@sys.any",
        "userDefined": true
      }
    ],
    "isTemplate": false,
    "count": 0,
    "updated": 0
  },
  {
    "id": "5ee9417d-5e0f-41fc-8202-f13a76741d3e",
    "data": [
      {
        "text": "also ",
        "userDefined": false
      },
      {
        "text": "voice recognition is not accurate",
        "alias": "message",
        "meta": "@sys.any",
        "userDefined": true
      }
    ],
    "isTemplate": false,
    "count": 0,
    "updated": 0
  },
  {
    "id": "233c39bc-adc2-43aa-8fee-7cbfee7ea4c9",
    "data": [
      {
        "text": "and that ",
        "userDefined": false
      },
      {
        "text": "mic is not working",
        "alias": "message",
        "meta": "@sys.any",
        "userDefined": true
      }
    ],
    "isTemplate": false,
    "count": 0,
    "updated": 0
  },
  {
    "id": "c6ef9ad8-2715-4234-b464-e99a8dde8731",
    "data": [
      {
        "text": "also that ",
        "userDefined": false
      },
      {
        "text": "the mic does not work",
        "alias": "message",
        "meta": "@sys.any",
        "userDefined": true
      }
    ],
    "isTemplate": false,
    "count": 0,
    "updated": 0
  },
  {
    "id": "a29b4e01-281b-4f45-bcea-fe00b44fd597",
    "data": [
      {
        "text": "and ",
        "userDefined": false
      },
      {
        "text": "the app crushes all the time",
        "alias": "message",
        "meta": "@sys.any",
        "userDefined": true
      }
    ],
    "isTemplate": false,
    "count": 0,
    "updated": 0
  },
  {
    "id": "bedaab26-bd73-45dc-80a0-bd18af01b468",
    "data": [
      {
        "text": "and add that ",
        "userDefined": false
      },
      {
        "text": "the mic works bad",
        "alias": "message",
        "meta": "@sys.any",
        "userDefined": true
      }
    ],
    "isTemplate": false,
    "count": 0,
    "updated": 0
  },
  {
    "id": "c77060ec-6ba7-4fe8-984b-ab528cb3fb3a",
    "data": [
      {
        "text": "and that ",
        "userDefined": false
      },
      {
        "text": "there is a mic  problem",
        "alias": "message",
        "meta": "@sys.any",
        "userDefined": true
      }
    ],
    "isTemplate": false,
    "count": 0,
    "updated": 0
  },
  {
    "id": "b7c2afaa-f020-42d4-a5e2-bf7dfac3fa97",
    "data": [
      {
        "text": "also that ",
        "userDefined": false
      },
      {
        "text": "I have a problem",
        "alias": "message",
        "meta": "@sys.any",
        "userDefined": true
      }
    ],
    "isTemplate": false,
    "count": 0,
    "updated": 0
  }
]