[
  {
    "id": "06fbe26a-b809-46d8-9800-cd339908d30d",
    "data": [
      {
        "text": "and ",
        "userDefined": false
      },
      {
        "text": "caller ID isn\u0027t working",
        "alias": "message",
        "meta": "@sys.any",
        "userDefined": true
      }
    ],
    "isTemplate": false,
    "count": 0,
    "updated": 0
  },
  {
    "id": "ec22ed98-4700-4a78-a79d-105018bfcca5",
    "data": [
      {
        "text": "mic",
        "alias": "message",
        "meta": "@sys.any",
        "userDefined": true
      },
      {
        "text": " as well",
        "userDefined": false
      }
    ],
    "isTemplate": false,
    "count": 0,
    "updated": 0
  },
  {
    "id": "4f02dd54-ef62-4bee-98ce-53eee4a2009d",
    "data": [
      {
        "text": "and also that ",
        "userDefined": false
      },
      {
        "text": "it only works online",
        "alias": "message",
        "meta": "@sys.any",
        "userDefined": true
      }
    ],
    "isTemplate": false,
    "count": 0,
    "updated": 0
  },
  {
    "id": "304c7ec9-4865-4b35-bc8b-84ee5b018dd7",
    "data": [
      {
        "text": "add that ",
        "userDefined": false
      },
      {
        "text": "I need an offline mode",
        "alias": "message",
        "meta": "@sys.any",
        "userDefined": true
      }
    ],
    "isTemplate": false,
    "count": 0,
    "updated": 0
  },
  {
    "id": "11ce0f13-44c6-4ab7-8077-d60c985bd6f8",
    "data": [
      {
        "text": "add ",
        "userDefined": false
      },
      {
        "text": "can\u0027t work offline",
        "alias": "message",
        "meta": "@sys.any",
        "userDefined": true
      }
    ],
    "isTemplate": false,
    "count": 0,
    "updated": 0
  },
  {
    "id": "5b4e7261-00e8-48cb-9753-21163fbbd5de",
    "data": [
      {
        "text": "and ",
        "userDefined": false
      },
      {
        "text": "the mic doesn\u0027t work too",
        "alias": "message",
        "meta": "@sys.any",
        "userDefined": true
      }
    ],
    "isTemplate": false,
    "count": 0,
    "updated": 0
  },
  {
    "id": "13704089-dbb3-4b77-b257-644928f9ca8e",
    "data": [
      {
        "text": "and with ",
        "userDefined": false
      },
      {
        "text": "mic",
        "alias": "message",
        "meta": "@sys.any",
        "userDefined": true
      },
      {
        "text": " too",
        "userDefined": false
      }
    ],
    "isTemplate": false,
    "count": 0,
    "updated": 0
  },
  {
    "id": "84270ccf-8475-4b0b-ba15-9e5cc45d84da",
    "data": [
      {
        "text": "that ",
        "userDefined": false
      },
      {
        "text": "mic isn\u0027t working",
        "alias": "message",
        "meta": "@sys.any",
        "userDefined": true
      }
    ],
    "isTemplate": false,
    "count": 0,
    "updated": 0
  },
  {
    "id": "aff64a7c-4519-4539-ab22-6e91d26cbd72",
    "data": [
      {
        "text": "also that ",
        "userDefined": false
      },
      {
        "text": "the mic doesn\u0027t work",
        "alias": "message",
        "meta": "@sys.any",
        "userDefined": true
      }
    ],
    "isTemplate": false,
    "count": 0,
    "updated": 0
  },
  {
    "id": "f36b7b7c-4912-48c8-bd8c-39c89b988ba2",
    "data": [
      {
        "text": "and ",
        "userDefined": false
      },
      {
        "text": "no offline mode",
        "alias": "message",
        "meta": "@sys.any",
        "userDefined": true
      }
    ],
    "isTemplate": false,
    "count": 0,
    "updated": 0
  }
]