[
  {
    "id": "c97780ae-f96e-437a-835e-6e2f18ed7d3b",
    "data": [
      {
        "text": "refund",
        "userDefined": false
      }
    ],
    "isTemplate": false,
    "count": 0,
    "updated": 1508862934
  },
  {
    "id": "bc7b30e8-d4ac-4bba-9e94-b1c9d6a18301",
    "data": [
      {
        "text": "I purchased an item by mistake, can I have my money back?",
        "userDefined": false
      }
    ],
    "isTemplate": false,
    "count": 0
  },
  {
    "id": "99e9311e-d6b9-4600-aaad-337763d4ce2b",
    "data": [
      {
        "text": "give me back my money",
        "userDefined": false
      }
    ],
    "isTemplate": false,
    "count": 0,
    "updated": 1508862934
  },
  {
    "id": "6c077d24-975d-48ff-af56-2faa69453c34",
    "data": [
      {
        "text": "I expect my money back",
        "userDefined": false
      }
    ],
    "isTemplate": false,
    "count": 0
  },
  {
    "id": "fbce1698-dc02-4512-a8ba-3753917fa41e",
    "data": [
      {
        "text": "I\u0027ve bought a broken item. Return my money",
        "userDefined": false
      }
    ],
    "isTemplate": false,
    "count": 0,
    "updated": 1508862934
  },
  {
    "id": "d28a50f7-b085-4786-89a6-47be43a6e205",
    "data": [
      {
        "text": "the product I\u0027ve bought here is failed",
        "userDefined": false
      }
    ],
    "isTemplate": false,
    "count": 0,
    "updated": 1508862934
  },
  {
    "id": "181e817d-ad49-4b29-a631-2c2ef18c672b",
    "data": [
      {
        "text": "how do I get a refund",
        "userDefined": false
      }
    ],
    "isTemplate": false,
    "count": 0,
    "updated": 1508862934
  },
  {
    "id": "d87beaf2-8687-4003-a75c-5afccc05b8d7",
    "data": [
      {
        "text": "refund my purchase. Transaction id is ",
        "userDefined": false
      },
      {
        "text": "12390283736",
        "alias": "transaction-id",
        "meta": "@sys.number",
        "userDefined": false
      }
    ],
    "isTemplate": false,
    "count": 0,
    "updated": 1508862934
  },
  {
    "id": "57f769fe-e483-4c0e-b58e-ee4ea0400566",
    "data": [
      {
        "text": "I want to request a refund",
        "userDefined": false
      }
    ],
    "isTemplate": false,
    "count": 0
  },
  {
    "id": "b5462675-f139-4a5e-a520-e454597f282b",
    "data": [
      {
        "text": "Your product doesn\u0027t meet my expectations I want a refund",
        "userDefined": false
      }
    ],
    "isTemplate": false,
    "count": 0
  },
  {
    "id": "91c171ce-0504-4922-8cb8-6d37526be911",
    "data": [
      {
        "text": "I want to cancel the purchase ",
        "userDefined": false
      },
      {
        "text": "134567890",
        "alias": "transaction-id",
        "meta": "@sys.number",
        "userDefined": false
      }
    ],
    "isTemplate": false,
    "count": 1,
    "updated": 1508862934
  }
]