[
  {
    "id": "f079af8f-cda4-4f34-829a-393f2e62593a",
    "data": [
      {
        "text": "howdy",
        "userDefined": false
      }
    ],
    "isTemplate": false,
    "count": 0,
    "updated": 0
  },
  {
    "id": "287b1a8a-ccec-48bf-8c5a-321523c20f28",
    "data": [
      {
        "text": "hey",
        "userDefined": false
      }
    ],
    "isTemplate": false,
    "count": 0,
    "updated": 0
  },
  {
    "id": "a578ad36-4b7a-40cc-bbd7-3b5f68613175",
    "data": [
      {
        "text": "afternoon",
        "userDefined": false
      }
    ],
    "isTemplate": false,
    "count": 0,
    "updated": 0
  },
  {
    "id": "52452f93-c4a2-4b14-a7f6-206fa930c975",
    "data": [
      {
        "text": "a good day",
        "userDefined": false
      }
    ],
    "isTemplate": false,
    "count": 0,
    "updated": 0
  },
  {
    "id": "d7865118-aa0e-4141-8a66-ff7d4b86598c",
    "data": [
      {
        "text": "hi",
        "userDefined": false
      }
    ],
    "isTemplate": false,
    "count": 0,
    "updated": 0
  },
  {
    "id": "e7d4868d-ce12-49c0-b392-3d03ab793299",
    "data": [
      {
        "text": "long",
        "meta": "@sys.ignore",
        "userDefined": true
      },
      {
        "text": " time no see",
        "userDefined": false
      }
    ],
    "isTemplate": false,
    "count": 0,
    "updated": 0
  },
  {
    "id": "a53bd977-60dc-4bb4-b0db-6f95e40a8a0d",
    "data": [
      {
        "text": "I greet you",
        "userDefined": false
      }
    ],
    "isTemplate": false,
    "count": 0,
    "updated": 0
  },
  {
    "id": "69297395-2303-4faf-a3e2-c89131a92275",
    "data": [
      {
        "text": "greetings",
        "userDefined": false
      }
    ],
    "isTemplate": false,
    "count": 0,
    "updated": 0
  },
  {
    "id": "01f0d26a-1b7a-4033-98e8-ae878d393377",
    "data": [
      {
        "text": "hi there",
        "userDefined": false
      }
    ],
    "isTemplate": false,
    "count": 0,
    "updated": 0
  },
  {
    "id": "d88d04c0-ba9e-4833-a1f5-62cfae6a033b",
    "data": [
      {
        "text": "just going to say hi",
        "userDefined": false
      }
    ],
    "isTemplate": false,
    "count": 0,
    "updated": 0
  },
  {
    "id": "3fe78572-7ae4-4f8d-879e-9cb37178a0d3",
    "data": [
      {
        "text": "heya",
        "userDefined": false
      }
    ],
    "isTemplate": false,
    "count": 0,
    "updated": 0
  },
  {
    "id": "b6fe4c6a-e09f-40bc-9414-00bd9cd50aa0",
    "data": [
      {
        "text": "lovely",
        "meta": "@sys.ignore",
        "userDefined": true
      },
      {
        "text": " ",
        "userDefined": false
      },
      {
        "text": "day",
        "meta": "@sys.ignore",
        "userDefined": true
      },
      {
        "text": " isn\u0027t ",
        "userDefined": false
      },
      {
        "text": "it",
        "meta": "@sys.ignore",
        "userDefined": true
      }
    ],
    "isTemplate": false,
    "count": 0,
    "updated": 0
  },
  {
    "id": "ab40a124-0e2d-491f-ac0c-48823a5b281c",
    "data": [
      {
        "text": "hello",
        "userDefined": false
      }
    ],
    "isTemplate": false,
    "count": 0,
    "updated": 0
  },
  {
    "id": "eb396ee5-700f-4d97-a3cd-2fffeabde3c8",
    "data": [
      {
        "text": "hello there",
        "userDefined": false
      }
    ],
    "isTemplate": false,
    "count": 1,
    "updated": 0
  },
  {
    "id": "8610ac43-e0e8-45c9-80c0-3ccdbb17b9bb",
    "data": [
      {
        "text": "hi",
        "meta": "@sys.ignore",
        "userDefined": true
      },
      {
        "text": " there",
        "userDefined": false
      }
    ],
    "isTemplate": false,
    "count": 0,
    "updated": 0
  },
  {
    "id": "f05cf1db-623a-4217-9e56-d0cacbf26dc1",
    "data": [
      {
        "text": "hello hi",
        "userDefined": false
      }
    ],
    "isTemplate": false,
    "count": 0,
    "updated": 0
  },
  {
    "id": "70d631c0-42a3-4b2c-b260-c70e3e388d63",
    "data": [
      {
        "text": "hello again",
        "userDefined": false
      }
    ],
    "isTemplate": false,
    "count": 1,
    "updated": 0
  },
  {
    "id": "f891f21c-3aad-4506-8e9d-1b6b9e2d5ff7",
    "data": [
      {
        "text": "hey there",
        "userDefined": false
      }
    ],
    "isTemplate": false,
    "count": 1,
    "updated": 0
  }
]