[
  {
    "id": "1ac2db06-9252-4b0f-b036-48896ed1a8d8",
    "data": [
      {
        "text": "I ",
        "userDefined": false
      },
      {
        "text": "don",
        "meta": "@sys.ignore",
        "userDefined": false
      },
      {
        "text": "\u0027t want to talk",
        "userDefined": false
      }
    ],
    "isTemplate": false,
    "count": 0,
    "updated": 0
  },
  {
    "id": "a2b17021-14f9-49eb-8ceb-a79734c1ded7",
    "data": [
      {
        "text": "I\u0027m not talking to you anymore",
        "userDefined": false
      }
    ],
    "isTemplate": false,
    "count": 0,
    "updated": 0
  },
  {
    "id": "0e40217d-1926-4f5f-8f8b-e19ce78b3fa4",
    "data": [
      {
        "text": "I\u0027m not in the mood for chatting",
        "userDefined": false
      }
    ],
    "isTemplate": false,
    "count": 0,
    "updated": 0
  },
  {
    "id": "ef81f239-6127-4d87-ad49-1b61f875d74d",
    "data": [
      {
        "text": "bad time for talking",
        "userDefined": false
      }
    ],
    "isTemplate": false,
    "count": 0,
    "updated": 0
  },
  {
    "id": "ceba3230-2e45-46f8-9ec5-aab24634f9fc",
    "data": [
      {
        "text": "let\u0027s not talk",
        "userDefined": false
      }
    ],
    "isTemplate": false,
    "count": 0,
    "updated": 0
  },
  {
    "id": "fc715241-61fc-4f80-a67d-c6abdab65070",
    "data": [
      {
        "text": "I ",
        "userDefined": false
      },
      {
        "text": "don\u0027t",
        "meta": "@sys.ignore",
        "userDefined": false
      },
      {
        "text": " want to talk to you",
        "userDefined": false
      }
    ],
    "isTemplate": false,
    "count": 0,
    "updated": 0
  },
  {
    "id": "a51830d1-44b0-401c-97d4-d6c32cca4b5d",
    "data": [
      {
        "text": "let\u0027s stop talking for a minute",
        "userDefined": false
      }
    ],
    "isTemplate": false,
    "count": 0,
    "updated": 0
  }
]