[
  {
    "id": "a52019f3-0c56-423a-b721-04ea2697c237",
    "data": [
      {
        "text": "it",
        "meta": "@sys.ignore",
        "userDefined": false
      },
      {
        "text": "\u0027s wrong",
        "userDefined": false
      }
    ],
    "isTemplate": false,
    "count": 0,
    "updated": 0
  },
  {
    "id": "f5910112-b5c6-4c26-bc38-872a9f43876e",
    "data": [
      {
        "text": "you are wrong",
        "userDefined": false
      }
    ],
    "isTemplate": false,
    "count": 0,
    "updated": 0
  },
  {
    "id": "5cebfa06-a4e5-4b60-9a0a-d90a5eb01f0b",
    "data": [
      {
        "text": "not correct",
        "userDefined": false
      }
    ],
    "isTemplate": false,
    "count": 0,
    "updated": 0
  },
  {
    "id": "813d2e3c-967c-4059-ac45-3b0c32cc3012",
    "data": [
      {
        "text": "that was wrong",
        "userDefined": false
      }
    ],
    "isTemplate": false,
    "count": 2,
    "updated": 0
  },
  {
    "id": "6857c2a9-af8c-498b-af41-f8ff402d6329",
    "data": [
      {
        "text": "not right",
        "userDefined": false
      }
    ],
    "isTemplate": false,
    "count": 1,
    "updated": 0
  },
  {
    "id": "e7ec981e-abe4-43d4-a535-214f17afbe2e",
    "data": [
      {
        "text": "that is incorrect",
        "userDefined": false
      }
    ],
    "isTemplate": false,
    "count": 0,
    "updated": 0
  },
  {
    "id": "0de71e14-b053-4177-b4ce-ec6d7d19b28d",
    "data": [
      {
        "text": "it",
        "meta": "@sys.ignore",
        "userDefined": false
      },
      {
        "text": " is not right",
        "userDefined": false
      }
    ],
    "isTemplate": false,
    "count": 0,
    "updated": 0
  },
  {
    "id": "e7ca5794-0ad3-452d-91bd-7eedc82636d8",
    "data": [
      {
        "text": "that\u0027s wrong",
        "userDefined": false
      }
    ],
    "isTemplate": false,
    "count": 0,
    "updated": 0
  },
  {
    "id": "9f4ce86d-d4d4-420c-8dc7-36f7727199fc",
    "data": [
      {
        "text": "incorrect",
        "userDefined": false
      }
    ],
    "isTemplate": false,
    "count": 0,
    "updated": 0
  },
  {
    "id": "0b580899-d829-4461-a98d-087391b972d9",
    "data": [
      {
        "text": "wrong",
        "userDefined": false
      }
    ],
    "isTemplate": false,
    "count": 0,
    "updated": 0
  },
  {
    "id": "21bc745c-6293-4466-bc36-58b0811d6acf",
    "data": [
      {
        "text": "that\u0027s not right",
        "userDefined": false
      }
    ],
    "isTemplate": false,
    "count": 0,
    "updated": 0
  },
  {
    "id": "32995831-d49f-4ed2-88bb-7b4235c011f5",
    "data": [
      {
        "text": "that\u0027s not what I asked",
        "userDefined": false
      }
    ],
    "isTemplate": false,
    "count": 0,
    "updated": 0
  }
]