[
  {
    "id": "c381e57d-53a7-480e-ae4f-d04a160eb6e9",
    "data": [
      {
        "text": "can you tell if I\u0027m here or not",
        "userDefined": false
      }
    ],
    "isTemplate": false,
    "count": 0,
    "updated": 0
  },
  {
    "id": "5bf8ee1c-0b22-4dfe-83df-1a6ae73ee74a",
    "data": [
      {
        "text": "I am here",
        "userDefined": false
      }
    ],
    "isTemplate": false,
    "count": 0,
    "updated": 0
  },
  {
    "id": "2347e3d6-f93c-4354-916b-6d6a653945eb",
    "data": [
      {
        "text": "I\u0027m right here",
        "userDefined": false
      }
    ],
    "isTemplate": false,
    "count": 0,
    "updated": 0
  },
  {
    "id": "1f525e00-8ff4-4268-9494-afafd43875ab",
    "data": [
      {
        "text": "here I am",
        "userDefined": false
      }
    ],
    "isTemplate": false,
    "count": 0,
    "updated": 0
  },
  {
    "id": "dd3c957e-fafb-471a-83c0-033d9f9e49f9",
    "data": [
      {
        "text": "I\u0027m already here",
        "userDefined": false
      }
    ],
    "isTemplate": false,
    "count": 0,
    "updated": 0
  }
]