[
  {
    "id": "6be1db4e-2d14-448b-b9ee-1fb75b5403bb",
    "data": [
      {
        "text": "what exactly do you mean",
        "userDefined": false
      }
    ],
    "isTemplate": false,
    "count": 1,
    "updated": 0
  },
  {
    "id": "29742bcb-6e38-468b-8227-45eeef65c1c6",
    "data": [
      {
        "text": "is that what you mean",
        "userDefined": false
      }
    ],
    "isTemplate": false,
    "count": 0,
    "updated": 0
  },
  {
    "id": "08e2a5e5-791a-46aa-ae93-7c79640b77ab",
    "data": [
      {
        "text": "what do you mean",
        "userDefined": false
      }
    ],
    "isTemplate": false,
    "count": 0,
    "updated": 0
  },
  {
    "id": "10fdd0b8-c971-4d9a-966e-ec7d8a141d6f",
    "data": [
      {
        "text": "but what do you mean",
        "userDefined": false
      }
    ],
    "isTemplate": false,
    "count": 0,
    "updated": 0
  },
  {
    "id": "b883a319-9bf9-477e-8257-455717d8777a",
    "data": [
      {
        "text": "what do you mean exactly",
        "userDefined": false
      }
    ],
    "isTemplate": false,
    "count": 0,
    "updated": 0
  }
]