[
  {
    "id": "76c195af-ba41-49c0-8a0a-1c91a169bb5a",
    "data": [
      {
        "text": "it was a joke",
        "userDefined": false
      }
    ],
    "isTemplate": false,
    "count": 0,
    "updated": 0
  },
  {
    "id": "9264d66d-82cf-470f-914c-3355d72db1dc",
    "data": [
      {
        "text": "it\u0027s a joke",
        "userDefined": false
      }
    ],
    "isTemplate": false,
    "count": 0,
    "updated": 0
  },
  {
    "id": "f6b20264-b695-41e3-81c4-710d585a64bf",
    "data": [
      {
        "text": "I was just joking",
        "userDefined": false
      }
    ],
    "isTemplate": false,
    "count": 0,
    "updated": 0
  },
  {
    "id": "8e0046fd-85b9-4e40-a42d-78640a33596c",
    "data": [
      {
        "text": "joking",
        "userDefined": false
      }
    ],
    "isTemplate": false,
    "count": 0,
    "updated": 0
  },
  {
    "id": "252c45b3-c2f7-4bf9-b895-91ad05466ad0",
    "data": [
      {
        "text": "I\u0027m just playing with you",
        "userDefined": false
      }
    ],
    "isTemplate": false,
    "count": 0,
    "updated": 0
  },
  {
    "id": "abcdcea2-730e-4901-8a61-73b4bb7fbcf6",
    "data": [
      {
        "text": "just kidding",
        "userDefined": false
      }
    ],
    "isTemplate": false,
    "count": 0,
    "updated": 0
  },
  {
    "id": "9d708e9b-c48d-4b5c-bd8a-14d283d3d7d8",
    "data": [
      {
        "text": "I\u0027m just being funny",
        "userDefined": false
      }
    ],
    "isTemplate": false,
    "count": 0,
    "updated": 0
  },
  {
    "id": "0f1d5406-480b-4a56-a32b-9cf88b2aff28",
    "data": [
      {
        "text": "I\u0027m kidding",
        "userDefined": false
      }
    ],
    "isTemplate": false,
    "count": 0,
    "updated": 0
  },
  {
    "id": "9019ad07-a109-48dd-92b5-2612e4a568f8",
    "data": [
      {
        "text": "I am joking",
        "userDefined": false
      }
    ],
    "isTemplate": false,
    "count": 0,
    "updated": 0
  },
  {
    "id": "284d06f3-0569-4cfa-9c2f-ea05817d6bd4",
    "data": [
      {
        "text": "kidding",
        "userDefined": false
      }
    ],
    "isTemplate": false,
    "count": 0,
    "updated": 0
  }
]