[
  {
    "id": "01ad7b7b-a1c4-44b4-a45c-be35f7c200b2",
    "data": [
      {
        "text": "it\u0027s my birthday today",
        "userDefined": false
      }
    ],
    "isTemplate": false,
    "count": 0,
    "updated": 0
  },
  {
    "id": "9b339f8d-e3b8-470a-a684-604dad5a2fcb",
    "data": [
      {
        "text": "I was born today",
        "userDefined": false
      }
    ],
    "isTemplate": false,
    "count": 0,
    "updated": 0
  },
  {
    "id": "69c3ba38-dcf9-4026-9034-a56254c5ad98",
    "data": [
      {
        "text": "today",
        "meta": "@sys.ignore",
        "userDefined": false
      },
      {
        "text": " is my ",
        "userDefined": false
      },
      {
        "text": "birthday",
        "meta": "@sys.ignore",
        "userDefined": false
      }
    ],
    "isTemplate": false,
    "count": 0,
    "updated": 0
  },
  {
    "id": "3fc93680-93ac-454c-bda0-e7e418e66ea0",
    "data": [
      {
        "text": "it",
        "meta": "@sys.ignore",
        "userDefined": false
      },
      {
        "text": " is my ",
        "userDefined": false
      },
      {
        "text": "birthday",
        "meta": "@sys.ignore",
        "userDefined": false
      }
    ],
    "isTemplate": false,
    "count": 0,
    "updated": 0
  },
  {
    "id": "e1c745d6-1f76-4829-95d8-8ba70ed36b1a",
    "data": [
      {
        "text": "I\u0027m celebrating my birthday today",
        "userDefined": false
      }
    ],
    "isTemplate": false,
    "count": 0,
    "updated": 0
  },
  {
    "id": "d9665f39-6692-49d8-80d4-4c80acc9b39f",
    "data": [
      {
        "text": "it\u0027s my b-day",
        "userDefined": false
      }
    ],
    "isTemplate": false,
    "count": 0,
    "updated": 0
  }
]