[
  {
    "id": "d8d56b35-dbc3-407f-a150-39345859e9ea",
    "data": [
      {
        "text": "I\u0027m ",
        "userDefined": false
      },
      {
        "text": "falling",
        "meta": "@sys.ignore",
        "userDefined": false
      },
      {
        "text": " asleep on my feet",
        "userDefined": false
      }
    ],
    "isTemplate": false,
    "count": 0,
    "updated": 0
  },
  {
    "id": "e7eb73c9-8503-46ae-a0e0-1b3362812c8a",
    "data": [
      {
        "text": "I\u0027m falling asleep",
        "userDefined": false
      }
    ],
    "isTemplate": false,
    "count": 0,
    "updated": 0
  },
  {
    "id": "7964380d-91a4-466e-b2db-1350d47f76b0",
    "data": [
      {
        "text": "I\u0027m sleeping",
        "userDefined": false
      }
    ],
    "isTemplate": false,
    "count": 0,
    "updated": 0
  },
  {
    "id": "f55f141a-c356-4b8a-b175-6474a14a7a96",
    "data": [
      {
        "text": "I am sleepy",
        "userDefined": false
      }
    ],
    "isTemplate": false,
    "count": 0,
    "updated": 0
  },
  {
    "id": "f8e32a9a-4e7d-4b9f-b6c1-4298db92a3d0",
    "data": [
      {
        "text": "I want to ",
        "userDefined": false
      },
      {
        "text": "sleep",
        "meta": "@sys.ignore",
        "userDefined": false
      }
    ],
    "isTemplate": false,
    "count": 0,
    "updated": 0
  }
]