[
  {
    "id": "4e6abfd0-0794-4117-859e-2c830c459278",
    "data": [
      {
        "text": "no just cancel",
        "userDefined": false
      }
    ],
    "isTemplate": false,
    "count": 0,
    "updated": 0
  },
  {
    "id": "aba6d23d-8ab9-4156-8bda-ffef8ab41b06",
    "data": [
      {
        "text": "forget",
        "userDefined": false
      }
    ],
    "isTemplate": false,
    "count": 0,
    "updated": 0
  },
  {
    "id": "093c0fc0-c7d4-42c9-b1ce-eb23f0381172",
    "data": [
      {
        "text": "cancel now",
        "userDefined": false
      }
    ],
    "isTemplate": false,
    "count": 0,
    "updated": 0
  },
  {
    "id": "c6e4bace-c429-41c2-815a-04724e53b6ac",
    "data": [
      {
        "text": "sorry cancel",
        "userDefined": false
      }
    ],
    "isTemplate": false,
    "count": 0,
    "updated": 0
  },
  {
    "id": "a531ab23-0472-4efd-a2bc-f180fce3878a",
    "data": [
      {
        "text": "I said cancel cancel",
        "userDefined": false
      }
    ],
    "isTemplate": false,
    "count": 0,
    "updated": 0
  },
  {
    "id": "05716aff-73ce-48d0-87ff-6d468b7e7170",
    "data": [
      {
        "text": "cancel ",
        "userDefined": false
      },
      {
        "text": "all",
        "meta": "@sys.ignore",
        "userDefined": false
      }
    ],
    "isTemplate": false,
    "count": 0,
    "updated": 0
  },
  {
    "id": "d484c639-1ef2-487e-ba0e-28c92635fe2c",
    "data": [
      {
        "text": "i want to cancel",
        "userDefined": false
      }
    ],
    "isTemplate": false,
    "count": 0,
    "updated": 0
  },
  {
    "id": "fbd085d8-22dd-496c-b8d3-31f5b0db3dca",
    "data": [
      {
        "text": "cancel ",
        "userDefined": false
      },
      {
        "text": "all",
        "meta": "@sys.ignore",
        "userDefined": false
      },
      {
        "text": " this",
        "userDefined": false
      }
    ],
    "isTemplate": false,
    "count": 0,
    "updated": 0
  },
  {
    "id": "c1bef78a-8063-4fbc-9aa3-a82286fabf7a",
    "data": [
      {
        "text": "now cancel",
        "userDefined": false
      }
    ],
    "isTemplate": false,
    "count": 0,
    "updated": 0
  },
  {
    "id": "137c350b-b07a-4bb9-a495-c909222a71fe",
    "data": [
      {
        "text": "just stop ",
        "userDefined": false
      },
      {
        "text": "it",
        "meta": "@sys.ignore",
        "userDefined": false
      }
    ],
    "isTemplate": false,
    "count": 0,
    "updated": 0
  },
  {
    "id": "870015f8-2be3-467e-9740-7884e2ae69df",
    "data": [
      {
        "text": "nothing cancel",
        "userDefined": false
      }
    ],
    "isTemplate": false,
    "count": 0,
    "updated": 0
  },
  {
    "id": "c4a08948-600f-4e82-8a52-bde326ddbb36",
    "data": [
      {
        "text": "annul",
        "userDefined": false
      }
    ],
    "isTemplate": false,
    "count": 0,
    "updated": 0
  },
  {
    "id": "d08292d0-c301-470f-b359-2835ac6604d1",
    "data": [
      {
        "text": "no just cancel ",
        "userDefined": false
      },
      {
        "text": "it",
        "meta": "@sys.ignore",
        "userDefined": false
      }
    ],
    "isTemplate": false,
    "count": 0,
    "updated": 0
  },
  {
    "id": "2d03b5a5-8dec-4b62-86d4-d3db24160e6a",
    "data": [
      {
        "text": "forget this",
        "userDefined": false
      }
    ],
    "isTemplate": false,
    "count": 0,
    "updated": 0
  },
  {
    "id": "3d51521c-c12e-49ca-b264-af0911fec64b",
    "data": [
      {
        "text": "don\u0027t",
        "meta": "@sys.ignore",
        "userDefined": false
      },
      {
        "text": " do that",
        "userDefined": false
      }
    ],
    "isTemplate": false,
    "count": 0,
    "updated": 0
  },
  {
    "id": "f490a64a-f219-4337-bcee-6b6aa27fc00e",
    "data": [
      {
        "text": "just forget",
        "userDefined": false
      }
    ],
    "isTemplate": false,
    "count": 0,
    "updated": 0
  },
  {
    "id": "39f95abe-efe3-4b57-bdfc-5c895aed69e1",
    "data": [
      {
        "text": "no cancel everything",
        "userDefined": false
      }
    ],
    "isTemplate": false,
    "count": 0,
    "updated": 0
  },
  {
    "id": "9df6a14b-d9f8-4cc7-b1d8-ed23ec1fd802",
    "data": [
      {
        "text": "cancel that cancel that",
        "userDefined": false
      }
    ],
    "isTemplate": false,
    "count": 0,
    "updated": 0
  },
  {
    "id": "701e3a7c-d640-4314-9fcd-3e4243bbb4f7",
    "data": [
      {
        "text": "can you cancel ",
        "userDefined": false
      },
      {
        "text": "it",
        "meta": "@sys.ignore",
        "userDefined": false
      }
    ],
    "isTemplate": false,
    "count": 0,
    "updated": 0
  },
  {
    "id": "f1d8baf4-24fc-4bd5-8db6-bafeccaa126f",
    "data": [
      {
        "text": "cancel it",
        "userDefined": false
      }
    ],
    "isTemplate": false,
    "count": 0,
    "updated": 0
  },
  {
    "id": "152a0c46-9633-4bca-bf6b-d2ff27549165",
    "data": [
      {
        "text": "disregard",
        "userDefined": false
      }
    ],
    "isTemplate": false,
    "count": 0,
    "updated": 0
  },
  {
    "id": "42f6408d-2df3-4d1a-8958-7823f6d72437",
    "data": [
      {
        "text": "i said cancel",
        "userDefined": false
      }
    ],
    "isTemplate": false,
    "count": 0,
    "updated": 0
  },
  {
    "id": "01fb5c4c-bbcb-4647-88ba-23861c976ccc",
    "data": [
      {
        "text": "i want to cancel ",
        "userDefined": false
      },
      {
        "text": "it",
        "meta": "@sys.ignore",
        "userDefined": false
      }
    ],
    "isTemplate": false,
    "count": 0,
    "updated": 0
  },
  {
    "id": "4fb1661b-ae3b-4cfd-80d8-5d5e6b6b8bd5",
    "data": [
      {
        "text": "cancelled",
        "userDefined": false
      }
    ],
    "isTemplate": false,
    "count": 0,
    "updated": 0
  },
  {
    "id": "ccfae045-624f-42d6-acd4-d0b05e29dcea",
    "data": [
      {
        "text": "nothing just forget ",
        "userDefined": false
      },
      {
        "text": "it",
        "meta": "@sys.ignore",
        "userDefined": false
      }
    ],
    "isTemplate": false,
    "count": 0,
    "updated": 0
  },
  {
    "id": "f4027618-34db-43bc-87a2-42a01bb49a88",
    "data": [
      {
        "text": "cancel ",
        "userDefined": false
      },
      {
        "text": "all",
        "meta": "@sys.ignore",
        "userDefined": false
      },
      {
        "text": " that",
        "userDefined": false
      }
    ],
    "isTemplate": false,
    "count": 0,
    "updated": 0
  },
  {
    "id": "25f636b3-b630-4a09-a45a-95c7d23e29f0",
    "data": [
      {
        "text": "nevermind",
        "meta": "@sys.ignore",
        "userDefined": false
      },
      {
        "text": " forget about ",
        "userDefined": false
      },
      {
        "text": "it",
        "meta": "@sys.ignore",
        "userDefined": false
      }
    ],
    "isTemplate": false,
    "count": 0,
    "updated": 0
  },
  {
    "id": "a1b3816e-1378-45da-ad08-73b4fd32b125",
    "data": [
      {
        "text": "forget that",
        "userDefined": false
      }
    ],
    "isTemplate": false,
    "count": 0,
    "updated": 0
  },
  {
    "id": "6983e2ee-200d-4623-b095-a180efefc6d0",
    "data": [
      {
        "text": "no cancel cancel",
        "userDefined": false
      }
    ],
    "isTemplate": false,
    "count": 0,
    "updated": 0
  },
  {
    "id": "a907799c-55db-4d89-8e83-edd496740788",
    "data": [
      {
        "text": "cancel that ",
        "userDefined": false
      },
      {
        "text": "one",
        "meta": "@sys.ignore",
        "userDefined": false
      }
    ],
    "isTemplate": false,
    "count": 0,
    "updated": 0
  },
  {
    "id": "490b3c98-7365-495a-9823-a0b1cf25722f",
    "data": [
      {
        "text": "can you cancel that",
        "userDefined": false
      }
    ],
    "isTemplate": false,
    "count": 0,
    "updated": 0
  },
  {
    "id": "d8e7b85c-7276-43a2-ac89-a8c2ec5b4b69",
    "data": [
      {
        "text": "skip skip skip",
        "userDefined": false
      }
    ],
    "isTemplate": false,
    "count": 0,
    "updated": 0
  },
  {
    "id": "e38c6385-d75d-4657-8f81-331822073c15",
    "data": [
      {
        "text": "stop ",
        "userDefined": false
      },
      {
        "text": "it",
        "meta": "@sys.ignore",
        "userDefined": false
      }
    ],
    "isTemplate": false,
    "count": 0,
    "updated": 0
  },
  {
    "id": "7ded0230-66ab-484b-aa43-d6592bd7dd78",
    "data": [
      {
        "text": "discard",
        "userDefined": false
      }
    ],
    "isTemplate": false,
    "count": 0,
    "updated": 0
  },
  {
    "id": "f8102823-df12-41bd-9ce0-fc05a3690bb7",
    "data": [
      {
        "text": "cancel my request",
        "userDefined": false
      }
    ],
    "isTemplate": false,
    "count": 0,
    "updated": 0
  },
  {
    "id": "32d3113b-562a-4750-abc3-2467517d1219",
    "data": [
      {
        "text": "cancel everything",
        "userDefined": false
      }
    ],
    "isTemplate": false,
    "count": 0,
    "updated": 0
  },
  {
    "id": "d9ed36b1-ddc8-4c2e-b5a4-b6ec11897021",
    "data": [
      {
        "text": "just forget ",
        "userDefined": false
      },
      {
        "text": "it",
        "meta": "@sys.ignore",
        "userDefined": false
      }
    ],
    "isTemplate": false,
    "count": 0,
    "updated": 0
  },
  {
    "id": "533611a2-c29f-4396-8ac1-fa7449b29598",
    "data": [
      {
        "text": "abort",
        "userDefined": false
      }
    ],
    "isTemplate": false,
    "count": 0,
    "updated": 0
  },
  {
    "id": "e16de7bc-b6f7-46dd-ab5d-a19f986dd335",
    "data": [
      {
        "text": "cancel the whole thing",
        "userDefined": false
      }
    ],
    "isTemplate": false,
    "count": 0,
    "updated": 0
  },
  {
    "id": "3914bb8d-9636-4e20-9938-782a2bc52e0f",
    "data": [
      {
        "text": "forget about ",
        "userDefined": false
      },
      {
        "text": "it",
        "meta": "@sys.ignore",
        "userDefined": false
      }
    ],
    "isTemplate": false,
    "count": 0,
    "updated": 0
  },
  {
    "id": "36e577e4-fb5b-4f22-95c8-6d09f2eae079",
    "data": [
      {
        "text": "stop",
        "userDefined": false
      }
    ],
    "isTemplate": false,
    "count": 0,
    "updated": 0
  },
  {
    "id": "a186dc4f-45bd-43cd-ba14-9f65d20c04b3",
    "data": [
      {
        "text": "cancel request",
        "userDefined": false
      }
    ],
    "isTemplate": false,
    "count": 0,
    "updated": 0
  },
  {
    "id": "6331c104-19f0-44a8-afa3-52fa2fd32504",
    "data": [
      {
        "text": "no stop",
        "userDefined": false
      }
    ],
    "isTemplate": false,
    "count": 0,
    "updated": 0
  },
  {
    "id": "885c001e-d478-493f-b617-1ef9a9bba93d",
    "data": [
      {
        "text": "no cancel this",
        "userDefined": false
      }
    ],
    "isTemplate": false,
    "count": 0,
    "updated": 0
  },
  {
    "id": "93f216d4-02d0-4d46-a656-b59ada819bfe",
    "data": [
      {
        "text": "cancel",
        "userDefined": false
      }
    ],
    "isTemplate": false,
    "count": 1,
    "updated": 0
  },
  {
    "id": "afc0e196-b7c3-42f1-bf8d-110206366487",
    "data": [
      {
        "text": "skip ",
        "userDefined": false
      },
      {
        "text": "it",
        "meta": "@sys.ignore",
        "userDefined": false
      }
    ],
    "isTemplate": false,
    "count": 0,
    "updated": 0
  },
  {
    "id": "139a174f-96a0-409b-8fa3-7eb07dcc7657",
    "data": [
      {
        "text": "just cancel ",
        "userDefined": false
      },
      {
        "text": "it",
        "meta": "@sys.ignore",
        "userDefined": false
      }
    ],
    "isTemplate": false,
    "count": 0,
    "updated": 0
  },
  {
    "id": "8c13177c-2128-493d-8a31-e62d0d5cd2e9",
    "data": [
      {
        "text": "disregard that",
        "userDefined": false
      }
    ],
    "isTemplate": false,
    "count": 0,
    "updated": 0
  },
  {
    "id": "933b2bf5-59d6-4d59-ae00-5a148c6e363f",
    "data": [
      {
        "text": "i said cancel ",
        "userDefined": false
      },
      {
        "text": "it",
        "meta": "@sys.ignore",
        "userDefined": false
      }
    ],
    "isTemplate": false,
    "count": 0,
    "updated": 0
  },
  {
    "id": "107b556b-27e0-4d69-bf94-76d49c09330a",
    "data": [
      {
        "text": "cancel ",
        "userDefined": false
      },
      {
        "text": "it",
        "meta": "@sys.ignore",
        "userDefined": true
      }
    ],
    "isTemplate": false,
    "count": 0,
    "updated": 0
  },
  {
    "id": "51d5e50b-f9fb-493a-bbf5-08c5cc9decc2",
    "data": [
      {
        "text": "forget about that",
        "userDefined": false
      }
    ],
    "isTemplate": false,
    "count": 0,
    "updated": 0
  },
  {
    "id": "50d1730f-0845-4349-8b02-61d148a6a4a6",
    "data": [
      {
        "text": "i said forget ",
        "userDefined": false
      },
      {
        "text": "it",
        "meta": "@sys.ignore",
        "userDefined": false
      }
    ],
    "isTemplate": false,
    "count": 0,
    "updated": 0
  },
  {
    "id": "fda98e04-2592-4b1e-9245-e802e380b1e3",
    "data": [
      {
        "text": "just forget about ",
        "userDefined": false
      },
      {
        "text": "it",
        "meta": "@sys.ignore",
        "userDefined": false
      }
    ],
    "isTemplate": false,
    "count": 0,
    "updated": 0
  },
  {
    "id": "bd25fb63-1e75-48c3-83eb-0746041e599f",
    "data": [
      {
        "text": "i would like to cancel",
        "userDefined": false
      }
    ],
    "isTemplate": false,
    "count": 0,
    "updated": 0
  },
  {
    "id": "c5420526-e14e-4c73-b36a-a0aa5dbd9bf1",
    "data": [
      {
        "text": "so cancel",
        "userDefined": false
      }
    ],
    "isTemplate": false,
    "count": 0,
    "updated": 0
  },
  {
    "id": "e11efbf7-47c8-495d-89db-6779933086b8",
    "data": [
      {
        "text": "cancel this request",
        "userDefined": false
      }
    ],
    "isTemplate": false,
    "count": 0,
    "updated": 0
  },
  {
    "id": "8d69b828-33dc-4837-aedd-99f3da9faf1e",
    "data": [
      {
        "text": "do",
        "meta": "@sys.ignore",
        "userDefined": false
      },
      {
        "text": " nothing",
        "userDefined": false
      }
    ],
    "isTemplate": false,
    "count": 0,
    "updated": 0
  },
  {
    "id": "fc329b16-a8b8-43ca-a927-0443cc8049c5",
    "data": [
      {
        "text": "dismissed",
        "userDefined": false
      }
    ],
    "isTemplate": false,
    "count": 0,
    "updated": 0
  },
  {
    "id": "dce63260-bb2a-434b-a160-e76c2194b455",
    "data": [
      {
        "text": "but can you cancel it",
        "userDefined": false
      }
    ],
    "isTemplate": false,
    "count": 0,
    "updated": 0
  },
  {
    "id": "a75a4bed-7d24-478b-9935-803bc5209094",
    "data": [
      {
        "text": "skip",
        "userDefined": false
      }
    ],
    "isTemplate": false,
    "count": 1,
    "updated": 0
  },
  {
    "id": "8098f206-45a4-4c83-b975-9c606a076119",
    "data": [
      {
        "text": "dismiss",
        "userDefined": false
      }
    ],
    "isTemplate": false,
    "count": 0,
    "updated": 0
  },
  {
    "id": "380362f2-4d32-4ae9-a8aa-79efd5ae213c",
    "data": [
      {
        "text": "forget ",
        "userDefined": false
      },
      {
        "text": "it",
        "meta": "@sys.ignore",
        "userDefined": false
      },
      {
        "text": " ",
        "userDefined": false
      },
      {
        "text": "nevermind",
        "meta": "@sys.ignore",
        "userDefined": false
      }
    ],
    "isTemplate": false,
    "count": 0,
    "updated": 0
  },
  {
    "id": "6e4fc144-10d0-4a48-a843-408f8e07e260",
    "data": [
      {
        "text": "cancel ",
        "userDefined": false
      },
      {
        "text": "it",
        "meta": "@sys.ignore",
        "userDefined": false
      },
      {
        "text": " cancel ",
        "userDefined": false
      },
      {
        "text": "it",
        "meta": "@sys.ignore",
        "userDefined": false
      }
    ],
    "isTemplate": false,
    "count": 0,
    "updated": 0
  }
]