[
  {
    "id": "0472efff-160e-4459-bfc6-891039a8630a",
    "data": [
      {
        "text": "I am joking",
        "userDefined": false
      }
    ],
    "isTemplate": false,
    "count": 0,
    "updated": 0
  },
  {
    "id": "e01d819f-3b7b-4b0f-bc84-40b770c122c3",
    "data": [
      {
        "text": "I\u0027m kidding",
        "userDefined": false
      }
    ],
    "isTemplate": false,
    "count": 0,
    "updated": 0
  },
  {
    "id": "3eefc43f-6a25-4b07-b2bb-6f9c3b79fb77",
    "data": [
      {
        "text": "I\u0027m just playing with you",
        "userDefined": false
      }
    ],
    "isTemplate": false,
    "count": 0,
    "updated": 0
  },
  {
    "id": "216fee52-a0c7-4def-8fee-ce31d389dfbe",
    "data": [
      {
        "text": "it\u0027s a joke",
        "userDefined": false
      }
    ],
    "isTemplate": false,
    "count": 0,
    "updated": 0
  },
  {
    "id": "7012a4fa-0ef9-411a-944c-af4a98b3cb6c",
    "data": [
      {
        "text": "it was a joke",
        "userDefined": false
      }
    ],
    "isTemplate": false,
    "count": 0,
    "updated": 0
  },
  {
    "id": "1c90a86e-11bb-4f3b-b7e6-1e18d587ea8f",
    "data": [
      {
        "text": "I\u0027m just being funny",
        "userDefined": false
      }
    ],
    "isTemplate": false,
    "count": 0,
    "updated": 0
  },
  {
    "id": "4a4ef545-86c8-4b8b-b3b4-36425252c88f",
    "data": [
      {
        "text": "just kidding",
        "userDefined": false
      }
    ],
    "isTemplate": false,
    "count": 0,
    "updated": 0
  },
  {
    "id": "5b4de18e-d955-41a6-b19d-fc19651d051f",
    "data": [
      {
        "text": "kidding",
        "userDefined": false
      }
    ],
    "isTemplate": false,
    "count": 0,
    "updated": 0
  },
  {
    "id": "e1d3afb8-4c2c-4e1f-994e-929fbcf0222f",
    "data": [
      {
        "text": "joking",
        "userDefined": false
      }
    ],
    "isTemplate": false,
    "count": 0,
    "updated": 0
  },
  {
    "id": "4ed29d0d-ba0f-4d9b-b24d-1a8dd65ff66b",
    "data": [
      {
        "text": "I was just joking",
        "userDefined": false
      }
    ],
    "isTemplate": false,
    "count": 0,
    "updated": 0
  }
]