[
  {
    "id": "be471823-893c-4e0c-b6c1-ae468347bd9a",
    "data": [
      {
        "text": "if you\u0027re ",
        "userDefined": false
      },
      {
        "text": "happy",
        "meta": "@sys.ignore",
        "userDefined": false
      },
      {
        "text": " then I\u0027m ",
        "userDefined": false
      },
      {
        "text": "happy",
        "meta": "@sys.ignore",
        "userDefined": false
      }
    ],
    "isTemplate": false,
    "count": 0,
    "updated": 0
  },
  {
    "id": "a5a52c03-261b-4f23-9327-35f07dded361",
    "data": [
      {
        "text": "I\u0027m happy to see you",
        "userDefined": false
      }
    ],
    "isTemplate": false,
    "count": 0,
    "updated": 0
  },
  {
    "id": "10364ad4-8e00-4837-994e-abe73e806ddf",
    "data": [
      {
        "text": "I am ",
        "userDefined": false
      },
      {
        "text": "happy",
        "meta": "@sys.ignore",
        "userDefined": false
      }
    ],
    "isTemplate": false,
    "count": 0,
    "updated": 0
  },
  {
    "id": "8cd81c8e-2430-49c4-a34d-0477ac3fcad0",
    "data": [
      {
        "text": "I\u0027m ",
        "userDefined": false
      },
      {
        "text": "happy",
        "meta": "@sys.ignore",
        "userDefined": false
      },
      {
        "text": " for you",
        "userDefined": false
      }
    ],
    "isTemplate": false,
    "count": 0,
    "updated": 0
  },
  {
    "id": "415451fb-c6c4-40b2-b6ca-1578ab47363f",
    "data": [
      {
        "text": "I\u0027m ",
        "userDefined": false
      },
      {
        "text": "happy",
        "meta": "@sys.ignore",
        "userDefined": false
      },
      {
        "text": " to see you",
        "userDefined": false
      }
    ],
    "isTemplate": false,
    "count": 0,
    "updated": 0
  },
  {
    "id": "5cc1d7c3-d55a-49e0-b354-25eafac42a58",
    "data": [
      {
        "text": "happy",
        "meta": "@sys.ignore",
        "userDefined": false
      }
    ],
    "isTemplate": false,
    "count": 0,
    "updated": 0
  },
  {
    "id": "1d5b0692-7ef7-47b3-b1f7-82620bff2aed",
    "data": [
      {
        "text": "I\u0027m happy to help",
        "userDefined": false
      }
    ],
    "isTemplate": false,
    "count": 0,
    "updated": 0
  }
]