[
  {
    "id": "cafa7b15-7a73-43bb-9d02-47842f545b3c",
    "data": [
      {
        "text": "wow wow wow",
        "userDefined": false
      }
    ],
    "isTemplate": false,
    "count": 0,
    "updated": 0
  },
  {
    "id": "cb9be54e-4fa9-4c1b-aa1c-62c53ac0a108",
    "data": [
      {
        "text": "wow",
        "userDefined": false
      }
    ],
    "isTemplate": false,
    "count": 0,
    "updated": 0
  },
  {
    "id": "ebfaf1a4-c9b2-4047-a5c6-7c06f7de06ce",
    "data": [
      {
        "text": "wooow",
        "userDefined": false
      }
    ],
    "isTemplate": false,
    "count": 0,
    "updated": 0
  },
  {
    "id": "fa2085b3-5862-4a30-9112-2e2af90f0c9e",
    "data": [
      {
        "text": "wow wow",
        "userDefined": false
      }
    ],
    "isTemplate": false,
    "count": 0,
    "updated": 0
  },
  {
    "id": "786fa815-c473-4f91-b9bb-5b26b2d7cddd",
    "data": [
      {
        "text": "woah",
        "userDefined": false
      }
    ],
    "isTemplate": false,
    "count": 0,
    "updated": 0
  }
]