{
  "rasa_nlu_data": {
    "common_examples": [
      {
        "intent": "translate.text - context:translate-text - comment:from language",
        "entities": [
          {
            "start": 1,
            "end": 6,
            "value": "hello",
            "entity": "text"
          },
          {
            "start": 7,
            "end": 9,
            "value": "英文",
            "entity": "lang-from"
          }
        ],
        "text": "为hello从英文"
      },
      {
        "intent": "translate.text - context:translate-text - comment:from language",
        "entities": [
          {
            "start": 2,
            "end": 13,
            "value": "how are you",
            "entity": "text"
          },
          {
            "start": 14,
            "end": 16,
            "value": "英文",
            "entity": "lang-from"
          }
        ],
        "text": "在要how are you从英文"
      },
      {
        "intent": "translate.text - context:translate-text - comment:from language",
        "entities": [
          {
            "start": 2,
            "end": 10,
            "value": "umbrella",
            "entity": "text"
          },
          {
            "start": 11,
            "end": 13,
            "value": "英文",
            "entity": "lang-from"
          }
        ],
        "text": "关于umbrella从英文"
      },
      {
        "intent": "translate.text - context:translate-text - comment:from language",
        "entities": [
          {
            "start": 2,
            "end": 5,
            "value": "bye",
            "entity": "text"
          },
          {
            "start": 6,
            "end": 8,
            "value": "英文",
            "entity": "lang-from"
          }
        ],
        "text": "为了bye从英文"
      },
      {
        "intent": "translate.text - context:translate-text - comment:from language",
        "entities": [
          {
            "start": 2,
            "end": 10,
            "value": "computer",
            "entity": "text"
          },
          {
            "start": 11,
            "end": 13,
            "value": "英文",
            "entity": "lang-from"
          }
        ],
        "text": "现在computer从英文"
      },
      {
        "intent": "translate.text - context:translate-text - comment:from language",
        "entities": [
          {
            "start": 3,
            "end": 8,
            "value": "beach",
            "entity": "text"
          },
          {
            "start": 9,
            "end": 11,
            "value": "英文",
            "entity": "lang-from"
          }
        ],
        "text": "现在要beach从英文"
      },
      {
        "intent": "translate.text - context:translate-text - comment:from language",
        "entities": [
          {
            "start": 4,
            "end": 7,
            "value": "car",
            "entity": "text"
          },
          {
            "start": 8,
            "end": 10,
            "value": "英文",
            "entity": "lang-from"
          }
        ],
        "text": "现在为了car从英文"
      },
      {
        "intent": "translate.text - context:translate-text - comment:from language",
        "entities": [
          {
            "start": 0,
            "end": 2,
            "value": "你好",
            "entity": "text"
          },
          {
            "start": 3,
            "end": 5,
            "value": "中文",
            "entity": "lang-from"
          }
        ],
        "text": "你好从中文"
      },
      {
        "intent": "translate.text - context:translate-text - comment:text",
        "entities": [
          {
            "start": 3,
            "end": 5,
            "value": "再见",
            "entity": "text"
          }
        ],
        "text": "还需要再见为韩语"
      },
      {
        "intent": "translate.text - context:translate-text - comment:text",
        "entities": [
          {
            "start": 5,
            "end": 8,
            "value": "我爱你",
            "entity": "text"
          },
          {
            "start": 10,
            "end": 14,
            "value": "意大利语",
            "entity": "lang-to"
          }
        ],
        "text": "能不能翻译我爱你子为意大利语"
      },
      {
        "intent": "translate.text - context:translate-text - comment:text",
        "entities": [
          {
            "start": 8,
            "end": 10,
            "value": "俄语",
            "entity": "lang-to"
          }
        ],
        "text": "怎么能翻译你好为俄语"
      },
      {
        "intent": "translate.text - context:translate-text - comment:text",
        "entities": [
          {
            "start": 6,
            "end": 8,
            "value": "日文",
            "entity": "lang-to"
          }
        ],
        "text": "会不会翻译成日文"
      },
      {
        "intent": "translate.text - context:translate-text - comment:text",
        "entities": [
          {
            "start": 6,
            "end": 8,
            "value": "英语",
            "entity": "lang-to"
          }
        ],
        "text": "我还要翻译为英语"
      },
      {
        "intent": "translate.text - context:translate-text - comment:text",
        "entities": [
          {
            "start": 2,
            "end": 4,
            "value": "你好",
            "entity": "text"
          },
          {
            "start": 6,
            "end": 10,
            "value": "阿拉伯语",
            "entity": "lang-to"
          }
        ],
        "text": "现在你好为了阿拉伯语"
      },
      {
        "intent": "translate.text - context:translate-text - comment:text",
        "entities": [
          {
            "start": 2,
            "end": 4,
            "value": "雨伞",
            "entity": "text"
          },
          {
            "start": 5,
            "end": 7,
            "value": "日语",
            "entity": "lang-to"
          }
        ],
        "text": "关于雨伞为日语"
      },
      {
        "intent": "translate.text - context:translate-text - comment:text",
        "entities": [
          {
            "start": 2,
            "end": 4,
            "value": "句子",
            "entity": "text"
          },
          {
            "start": 5,
            "end": 7,
            "value": "法语",
            "entity": "lang-to"
          }
        ],
        "text": "还要句子为法语"
      },
      {
        "intent": "translate.text - context:translate-text - comment:text",
        "entities": [
          {
            "start": 0,
            "end": 2,
            "value": "你好",
            "entity": "text"
          },
          {
            "start": 5,
            "end": 7,
            "value": "中文",
            "entity": "lang-to"
          }
        ],
        "text": "你好翻译成中文"
      },
      {
        "intent": "translate.text - context:translate-text - comment:text",
        "entities": [
          {
            "start": 0,
            "end": 2,
            "value": "你好",
            "entity": "text"
          },
          {
            "start": 3,
            "end": 5,
            "value": "英文",
            "entity": "lang-to"
          }
        ],
        "text": "你好到英文"
      },
      {
        "intent": "translate.text - context:translate-text - comment:to language",
        "entities": [
          {
            "start": 2,
            "end": 4,
            "value": "英文",
            "entity": "lang-to"
          }
        ],
        "text": "为到英文"
      },
      {
        "intent": "translate.text - context:translate-text - comment:to language",
        "entities": [
          {
            "start": 3,
            "end": 5,
            "value": "英文",
            "entity": "lang-to"
          }
        ],
        "text": "在要到英文"
      },
      {
        "intent": "translate.text - context:translate-text - comment:to language",
        "entities": [
          {
            "start": 3,
            "end": 5,
            "value": "英文",
            "entity": "lang-to"
          }
        ],
        "text": "关于到英文"
      },
      {
        "intent": "translate.text - context:translate-text - comment:to language",
        "entities": [
          {
            "start": 3,
            "end": 5,
            "value": "英文",
            "entity": "lang-to"
          }
        ],
        "text": "为了到英文"
      },
      {
        "intent": "translate.text - context:translate-text - comment:to language",
        "entities": [
          {
            "start": 3,
            "end": 5,
            "value": "英文",
            "entity": "lang-to"
          }
        ],
        "text": "现在到英文"
      },
      {
        "intent": "translate.text - context:translate-text - comment:to language",
        "entities": [
          {
            "start": 4,
            "end": 6,
            "value": "英文",
            "entity": "lang-to"
          }
        ],
        "text": "现在要到英文"
      },
      {
        "intent": "translate.text - context:translate-text - comment:to language",
        "entities": [
          {
            "start": 5,
            "end": 7,
            "value": "英文",
            "entity": "lang-to"
          }
        ],
        "text": "现在为了到英文"
      },
      {
        "intent": "translate.text - context:translate-text - comment:to language",
        "entities": [
          {
            "start": 1,
            "end": 3,
            "value": "中文",
            "entity": "lang-to"
          }
        ],
        "text": "到中文"
      },
      {
        "intent": "translate.text",
        "entities": [
          {
            "start": 1,
            "end": 3,
            "value": "日语",
            "entity": "lang-from"
          },
          {
            "start": 4,
            "end": 6,
            "value": "法语",
            "entity": "lang-to"
          },
          {
            "start": 8,
            "end": 10,
            "value": "你好",
            "entity": "text"
          }
        ],
        "text": "从日语到法语翻译你好"
      },
      {
        "intent": "translate.text",
        "entities": [
          {
            "start": 3,
            "end": 5,
            "value": "德育",
            "entity": "lang-from"
          },
          {
            "start": 6,
            "end": 8,
            "value": "法语",
            "entity": "lang-to"
          }
        ],
        "text": "翻译从德育到法语"
      },
      {
        "intent": "translate.text",
        "entities": [
          {
            "start": 3,
            "end": 5,
            "value": "英语",
            "entity": "lang-from"
          }
        ],
        "text": "翻译成英语"
      },
      {
        "intent": "translate.text",
        "entities": [
          {
            "start": 0,
            "end": 3,
            "value": "我爱你",
            "entity": "text"
          },
          {
            "start": 6,
            "end": 8,
            "value": "德语",
            "entity": "lang-to"
          }
        ],
        "text": "我爱你翻译成德语"
      },
      {
        "intent": "translate.text",
        "entities": [
          {
            "start": 4,
            "end": 7,
            "value": "我爱你",
            "entity": "text"
          }
        ],
        "text": "帮我翻译我爱你"
      },
      {
        "intent": "translate.text",
        "entities": [
          {
            "start": 3,
            "end": 5,
            "value": "法语",
            "entity": "lang-from"
          }
        ],
        "text": "翻译从法语"
      },
      {
        "intent": "translate.text",
        "entities": [
          {
            "start": 3,
            "end": 5,
            "value": "韩文",
            "entity": "lang-to"
          }
        ],
        "text": "翻译成韩文"
      },
      {
        "intent": "translate.text",
        "entities": [
          {
            "start": 0,
            "end": 2,
            "value": "你好",
            "entity": "text"
          },
          {
            "start": 2,
            "end": 4,
            "value": "日语",
            "entity": "lang-to"
          }
        ],
        "text": "你好日语翻译"
      },
      {
        "intent": "translate.text",
        "entities": [
          {
            "start": 0,
            "end": 2,
            "value": "你好",
            "entity": "text"
          },
          {
            "start": 3,
            "end": 5,
            "value": "中文",
            "entity": "lang-from"
          },
          {
            "start": 8,
            "end": 10,
            "value": "英文",
            "entity": "lang-to"
          }
        ],
        "text": "你好从中文翻译成英文"
      },
      {
        "intent": "translate.text",
        "entities": [
          {
            "start": 1,
            "end": 3,
            "value": "英文",
            "entity": "lang-from"
          },
          {
            "start": 6,
            "end": 8,
            "value": "中文",
            "entity": "lang-to"
          }
        ],
        "text": "从英文翻译成中文"
      },
      {
        "intent": "translate.text",
        "entities": [
          {
            "start": 1,
            "end": 3,
            "value": "早餐",
            "entity": "text"
          },
          {
            "start": 7,
            "end": 9,
            "value": "德语",
            "entity": "lang-to"
          }
        ],
        "text": "“早餐”对应的德语单词是什么"
      },
      {
        "intent": "translate.text",
        "entities": [
          {
            "start": 1,
            "end": 5,
            "value": "圣诞老人",
            "entity": "text"
          },
          {
            "start": 7,
            "end": 10,
            "value": "芬兰语",
            "entity": "lang-to"
          }
        ],
        "text": "“圣诞老人”用芬兰语怎么说"
      },
      {
        "intent": "translate.text",
        "entities": [
          {
            "start": 2,
            "end": 5,
            "value": "我爱你",
            "entity": "text"
          },
          {
            "start": 9,
            "end": 11,
            "value": "法语",
            "entity": "lang-to"
          }
        ],
        "text": "将“我爱你”翻译成法语"
      },
      {
        "intent": "translate.text",
        "text": "能帮我翻译吗"
      },
      {
        "intent": "translate.text",
        "text": "请你告诉我怎么翻译"
      },
      {
        "intent": "translate.text",
        "text": "我怎么翻译"
      },
      {
        "intent": "translate.text",
        "text": "翻译"
      },
      {
        "intent": "translate.text",
        "text": "你可以帮我翻译吗"
      },
      {
        "intent": "translate.text",
        "text": "在线翻译"
      },
      {
        "intent": "translate.text",
        "text": "语言翻译"
      },
      {
        "intent": "translate.text",
        "text": "你可以做我的翻译吗"
      }
    ],
    "regex_features": [],
    "entity_synonyms": []
  }
}