[
  {
    "value": "walking",
    "synonyms": [
      "步行"
    ]
  },
  {
    "value": "skating",
    "synonyms": [
      "滑板"
    ]
  },
  {
    "value": "swimming",
    "synonyms": [
      "游泳"
    ]
  },
  {
    "value": "go sledding",
    "synonyms": [
      "雪橇"
    ]
  },
  {
    "value": "camping",
    "synonyms": [
      "露营"
    ]
  },
  {
    "value": "yoga",
    "synonyms": [
      "瑜伽"
    ]
  },
  {
    "value": "fly a kite",
    "synonyms": [
      "风筝"
    ]
  },
  {
    "value": "climbing",
    "synonyms": [
      "攀登"
    ]
  },
  {
    "value": "frisbee",
    "synonyms": [
      "飞盘"
    ]
  },
  {
    "value": "surfing",
    "synonyms": [
      "冲浪"
    ]
  },
  {
    "value": "hiking",
    "synonyms": [
      "徒步旅行"
    ]
  },
  {
    "value": "run",
    "synonyms": [
      "跑"
    ]
  },
  {
    "value": "parasailing",
    "synonyms": [
      "滑翔伞"
    ]
  },
  {
    "value": "cycling",
    "synonyms": [
      "自行车"
    ]
  },
  {
    "value": "windsurf",
    "synonyms": [
      "风筝冲浪"
    ]
  },
  {
    "value": "snowboarding",
    "synonyms": [
      "单板滑雪"
    ]
  },
  {
    "value": "snowball fights",
    "synonyms": [
      "打雪仗"
    ]
  },
  {
    "value": "crossfit",
    "synonyms": [
      "crossfit"
    ]
  },
  {
    "value": "jogging",
    "synonyms": [
      "跑步"
    ]
  },
  {
    "value": "kayaking",
    "synonyms": [
      "皮划艇"
    ]
  },
  {
    "value": "canoe",
    "synonyms": [
      "独木舟"
    ]
  },
  {
    "value": "skiing",
    "synonyms": [
      "滑雪"
    ]
  }
]