[
  {
    "value": "jogging",
    "synonyms": [
      "ジョギング"
    ]
  },
  {
    "value": "skating",
    "synonyms": [
      "スケート",
      "スケーティング"
    ]
  },
  {
    "value": "mushroom hunting",
    "synonyms": [
      "きのこ狩り",
      "キノコ狩り"
    ]
  },
  {
    "value": "frisbee",
    "synonyms": [
      "フリスビー"
    ]
  },
  {
    "value": "moon-watching",
    "synonyms": [
      "月見"
    ]
  },
  {
    "value": "walking",
    "synonyms": [
      "ウォーキング",
      "歩行",
      "散歩"
    ]
  },
  {
    "value": "parasailing",
    "synonyms": [
      "パラセイリング",
      "パラセーリング"
    ]
  },
  {
    "value": "skiing",
    "synonyms": [
      "スキー"
    ]
  },
  {
    "value": "cycling",
    "synonyms": [
      "サイクリング"
    ]
  },
  {
    "value": "snowball fighting",
    "synonyms": [
      "雪合戦",
      "雪投げ"
    ]
  },
  {
    "value": "climbing",
    "synonyms": [
      "登山",
      "山登り",
      "登り"
    ]
  },
  {
    "value": "swimming",
    "synonyms": [
      "スイミング",
      "水泳",
      "泳ぐ"
    ]
  },
  {
    "value": "sightseeing",
    "synonyms": [
      "観光"
    ]
  },
  {
    "value": "birdwatching",
    "synonyms": [
      "バードウォッチング",
      "探鳥"
    ]
  },
  {
    "value": "tree climbing",
    "synonyms": [
      "木登り",
      "木のぼり"
    ]
  },
  {
    "value": "snowboarding",
    "synonyms": [
      "スノーボード"
    ]
  },
  {
    "value": "mountain biking",
    "synonyms": [
      "マウンテンバイク"
    ]
  },
  {
    "value": "run",
    "synonyms": [
      "ランニング",
      "走る",
      "走り"
    ]
  },
  {
    "value": "blossom-watching",
    "synonyms": [
      "花見"
    ]
  },
  {
    "value": "surfing",
    "synonyms": [
      "サーフィン",
      "波乗り遊び"
    ]
  },
  {
    "value": "kayaking",
    "synonyms": [
      "カヤック"
    ]
  },
  {
    "value": "hiking",
    "synonyms": [
      "ハイキング"
    ]
  }
]