[
  {
    "value": "ski pants",
    "synonyms": [
      "ski pants",
      "pantalon de ski",
      "pantalons de ski"
    ]
  },
  {
    "value": "jacket",
    "synonyms": [
      "veste"
    ]
  },
  {
    "value": "sneakers",
    "synonyms": [
      "sneakers",
      "chaussures de sports"
    ]
  },
  {
    "value": "dress",
    "synonyms": [
      "robe",
      "robes"
    ]
  },
  {
    "value": "swim goggles",
    "synonyms": [
      "lunettes de natation"
    ]
  },
  {
    "value": "gloves",
    "synonyms": [
      "gants"
    ]
  },
  {
    "value": "jumper",
    "synonyms": [
      "pull"
    ]
  },
  {
    "value": "pajama",
    "synonyms": [
      "pajama",
      "pyjama"
    ]
  },
  {
    "value": "sandals",
    "synonyms": [
      "sandales"
    ]
  },
  {
    "value": "turtleneck",
    "synonyms": [
      "turtleneck",
      "pull à col roulé",
      "col roulé"
    ]
  },
  {
    "value": "shawls",
    "synonyms": [
      "châles"
    ]
  },
  {
    "value": "snowboard pants",
    "synonyms": [
      "pantalons de surf des neiges",
      "pantalon de surf des neiges",
      "pantalons de snowboard"
    ]
  },
  {
    "value": "scarf",
    "synonyms": [
      "echarpe"
    ]
  },
  {
    "value": "jeans",
    "synonyms": [
      "jeans",
      "jean"
    ]
  },
  {
    "value": "skirt",
    "synonyms": [
      "skirt",
      "skirts"
    ]
  },
  {
    "value": "tie",
    "synonyms": [
      "cravate"
    ]
  },
  {
    "value": "sweater",
    "synonyms": [
      "sweater"
    ]
  },
  {
    "value": "socks",
    "synonyms": [
      "chaussettes"
    ]
  },
  {
    "value": "sleeve shirt",
    "synonyms": [
      "chemise à manches"
    ]
  },
  {
    "value": "coat",
    "synonyms": [
      "manteau"
    ]
  },
  {
    "value": "bra",
    "synonyms": [
      "soutien-gorge",
      "soutif"
    ]
  },
  {
    "value": "slippers",
    "synonyms": [
      "pantoufles"
    ]
  },
  {
    "value": "umbrella",
    "synonyms": [
      "parapluie"
    ]
  },
  {
    "value": "flips flops",
    "synonyms": [
      "flips flops"
    ]
  },
  {
    "value": "hoodie",
    "synonyms": [
      "hoodie",
      "veste à capuchon",
      "veste à capuche"
    ]
  },
  {
    "value": "underwear",
    "synonyms": [
      "lingerie"
    ]
  },
  {
    "value": "suit",
    "synonyms": [
      "costume"
    ]
  },
  {
    "value": "hat",
    "synonyms": [
      "chapeau",
      "bonnet"
    ]
  },
  {
    "value": "boots",
    "synonyms": [
      "bottes"
    ]
  },
  {
    "value": "sleepwear",
    "synonyms": [
      "sleepwear",
      "vêtements de nuit"
    ]
  },
  {
    "value": "sunglasses",
    "synonyms": [
      "lunettes de soleil"
    ]
  },
  {
    "value": "pants",
    "synonyms": [
      "pantalon",
      "pantalons"
    ]
  },
  {
    "value": "khakis",
    "synonyms": [
      "khakis"
    ]
  },
  {
    "value": "dress pants",
    "synonyms": [
      "pantalon"
    ]
  },
  {
    "value": "balaclava",
    "synonyms": [
      "balaclava",
      "passe-montagnes",
      "cagoule"
    ]
  },
  {
    "value": "shorts",
    "synonyms": [
      "shorts",
      "short"
    ]
  },
  {
    "value": "swimwear",
    "synonyms": [
      "maillot",
      "maillot de bain"
    ]
  },
  {
    "value": "cardigan",
    "synonyms": [
      "cardigan",
      "gilet"
    ]
  },
  {
    "value": "neck gaiter",
    "synonyms": [
      "cache-cou"
    ]
  },
  {
    "value": "tennis shoes",
    "synonyms": [
      "chaussures de tennis"
    ]
  }
]