[
  {
    "value": "bra",
    "synonyms": [
      "лифчик",
      "лиф"
    ]
  },
  {
    "value": "khakis",
    "synonyms": [
      "хаки"
    ]
  },
  {
    "value": "thermal pants",
    "synonyms": [
      "термоштаны",
      "термо бельё",
      "термо штаны",
      "теморбельё"
    ]
  },
  {
    "value": "turtleneck",
    "synonyms": [
      "водолазка",
      "свитер хомут",
      "свитер с воротником хомут"
    ]
  },
  {
    "value": "cardigan",
    "synonyms": [
      "кардиган"
    ]
  },
  {
    "value": "jumper",
    "synonyms": [
      "джемпер",
      "вязаная кофточка",
      "вязаная кофта"
    ]
  },
  {
    "value": "gloves",
    "synonyms": [
      "перчатки"
    ]
  },
  {
    "value": "pajama",
    "synonyms": [
      "пижама",
      "пижаму",
      "пижамка"
    ]
  },
  {
    "value": "skirt",
    "synonyms": [
      "юбки",
      "юбочка",
      "юбчонка",
      "юбчонку"
    ]
  },
  {
    "value": "underwear",
    "synonyms": [
      "нижнее бельё",
      "бельё"
    ]
  },
  {
    "value": "hoodie",
    "synonyms": [
      "толстовка",
      "толстовку",
      "толстовочка",
      "худи",
      "кенгурушка",
      "толстовка с капюшоном",
      "байка",
      "спортивка",
      "спортивная кофта"
    ]
  },
  {
    "value": "jeans",
    "synonyms": [
      "джинсы"
    ]
  },
  {
    "value": "rain coat",
    "synonyms": [
      "плащ",
      "дождевик",
      "непромокаемый плащ",
      "плащик",
      "непромокаемое пальто",
      "дождевик с капюшоном",
      "дождевичок"
    ]
  },
  {
    "value": "scarf",
    "synonyms": [
      "шарф",
      "шарфом",
      "шарфик",
      "шарфиком"
    ]
  },
  {
    "value": "shawls",
    "synonyms": [
      "шаль",
      "платок",
      "большой платок",
      "накидка",
      "накидку"
    ]
  },
  {
    "value": "swimwear",
    "synonyms": [
      "купальный костюм",
      "купальник"
    ]
  },
  {
    "value": "beanie",
    "synonyms": [
      "вязаная шапка",
      "шапочку",
      "шапочка"
    ]
  },
  {
    "value": "coat",
    "synonyms": [
      "пальто",
      "полупальто"
    ]
  },
  {
    "value": "dress shirt",
    "synonyms": [
      "сорочка",
      "мужская классическая рубашка",
      "парадно-выходная рубашка",
      "рубашку",
      "рубашка"
    ]
  },
  {
    "value": "ski pants",
    "synonyms": [
      "лыжные штаны"
    ]
  },
  {
    "value": "tennis shoes",
    "synonyms": [
      "теннисные туфли",
      "теннисные кроссовки"
    ]
  },
  {
    "value": "dress",
    "synonyms": [
      "платье",
      "платья",
      "платью",
      "платьице",
      "платишко"
    ]
  },
  {
    "value": "boots",
    "synonyms": [
      "сапоги"
    ]
  },
  {
    "value": "balaclava",
    "synonyms": [
      "маска",
      "лыжная маска",
      "маску"
    ]
  },
  {
    "value": "capri",
    "synonyms": [
      "капри"
    ]
  },
  {
    "value": "dress pants",
    "synonyms": [
      "брюки",
      "строгие брюки",
      "классические брюки"
    ]
  },
  {
    "value": "jacket",
    "synonyms": [
      "жакет",
      "пиджак",
      "кофта",
      "кофту",
      "куртка",
      "куртку"
    ]
  },
  {
    "value": "shorts",
    "synonyms": [
      "шорты",
      "короткие брюки",
      "шортики"
    ]
  },
  {
    "value": "sweatshirt",
    "synonyms": [
      "футболка",
      "хэбэшка",
      "хлопчатобумажная рубашка",
      "футболку",
      "хэбэшная рубашка"
    ]
  },
  {
    "value": "umbrella",
    "synonyms": [
      "зонт",
      "зонтик",
      "зонтом"
    ]
  },
  {
    "value": "flips flops",
    "synonyms": [
      "сланцы",
      "сланец"
    ]
  },
  {
    "value": "lounge wear",
    "synonyms": [
      "домашние штаны",
      "домашние штанишки"
    ]
  },
  {
    "value": "sweatpants",
    "synonyms": [
      "спортивки",
      "спортивные штаны",
      "спортивные брюки",
      "тренировочные штаны",
      "штаны для спорта"
    ]
  },
  {
    "value": "tank top",
    "synonyms": [
      "безрукавка",
      "майка-алкоголичка",
      "футболка без рукавов",
      "майка с круглым вырезом",
      "топ с бретельками",
      "топик"
    ]
  },
  {
    "value": "cap",
    "synonyms": [
      "кепка",
      "кепи",
      "бейсболка"
    ]
  },
  {
    "value": "sneakers",
    "synonyms": [
      "кроссы",
      "кроссовки",
      "кеды",
      "полукеды"
    ]
  },
  {
    "value": "bathing suit",
    "synonyms": [
      "купальник"
    ]
  },
  {
    "value": "casual shirt",
    "synonyms": [
      "рубаха",
      "рубашку",
      "рубашка"
    ]
  },
  {
    "value": "slippers",
    "synonyms": [
      "тапки",
      "тапочки"
    ]
  },
  {
    "value": "sunglasses",
    "synonyms": [
      "солнцезащитные очки",
      "очки от солнца",
      "тёмные очки",
      "защитные очки от солнца",
      "солнечные очки",
      "защитные очки от солнечных лучей"
    ]
  },
  {
    "value": "sandals",
    "synonyms": [
      "сандали",
      "сандалии",
      "сандалеты",
      "босоножки",
      "открытые туфли",
      "открытые туфельки",
      "сандалии с ремешками"
    ]
  },
  {
    "value": "sleepwear",
    "synonyms": [
      "ночная рубашка",
      "ночнушка",
      "ночное белье"
    ]
  },
  {
    "value": "sweater",
    "synonyms": [
      "свитер",
      "свитерок",
      "свитерочек",
      "свитерочком"
    ]
  },
  {
    "value": "gum boots",
    "synonyms": [
      "резиновые сапоги",
      "резиновые сапожки",
      "калоши"
    ]
  },
  {
    "value": "pants",
    "synonyms": [
      "штаны",
      "брюки",
      "кальсоны",
      "подштанники",
      "панталоны",
      "трико"
    ]
  },
  {
    "value": "pool shoes",
    "synonyms": [
      "шлёпки",
      "шлёпанцы",
      "шлёпанец"
    ]
  },
  {
    "value": "rain jacket",
    "synonyms": [
      "короткая дождевая куртка",
      "короткий дождевик"
    ]
  },
  {
    "value": "sunscreen",
    "synonyms": [
      "крем от загара",
      "лосьон от загара",
      "кремом от загара",
      "лосьоном от загара",
      "солнцезащитный крем",
      "солнцезащитным кремом",
      "крем для загара"
    ]
  },
  {
    "value": "swim goggles",
    "synonyms": [
      "очки для плавания",
      "очки для дайвинга"
    ]
  },
  {
    "value": "tie",
    "synonyms": [
      "галстук",
      "галстуком"
    ]
  },
  {
    "value": "hat",
    "synonyms": [
      "шапка",
      "шляпа",
      "шляпка",
      "шляпку"
    ]
  },
  {
    "value": "sleeve shirt",
    "synonyms": [
      "рубашка с короткими рукавами",
      "рубашка с рукавами",
      "рубашка с длинными рукавами"
    ]
  },
  {
    "value": "snowboard pants",
    "synonyms": [
      "штаны для сноуборда",
      "зимние штаны",
      "просторные штаны"
    ]
  },
  {
    "value": "socks",
    "synonyms": [
      "носки",
      "носочки",
      "носками",
      "носок"
    ]
  },
  {
    "value": "suit",
    "synonyms": [
      "костюм",
      "костюм двойка",
      "костюм тройка",
      "копмлект",
      "тройка",
      "двойка"
    ]
  },
  {
    "value": "t-shirt",
    "synonyms": [
      "майка",
      "тенниска",
      "поло",
      "футболка поло"
    ]
  },
  {
    "value": "wool socks",
    "synonyms": [
      "шерстяные носки",
      "носки из шерсти",
      "пуховые носки",
      "пуховые носочки",
      "шерстяные носочки"
    ]
  },
  {
    "value": "blouse",
    "synonyms": [
      "блузка",
      "блуза",
      "блузон",
      "блузку",
      "блузочка"
    ]
  }
]