[
  {
    "value": "boots",
    "synonyms": [
      "ブーツ"
    ]
  },
  {
    "value": "jacket",
    "synonyms": [
      "ジャケット"
    ]
  },
  {
    "value": "jumper",
    "synonyms": [
      "ジャンパー"
    ]
  },
  {
    "value": "rain pants",
    "synonyms": [
      "レインパンツ"
    ]
  },
  {
    "value": "shirt",
    "synonyms": [
      "シャツ"
    ]
  },
  {
    "value": "sunglasses",
    "synonyms": [
      "サングラス"
    ]
  },
  {
    "value": "yukata",
    "synonyms": [
      "浴衣",
      "ゆかた"
    ]
  },
  {
    "value": "jeans",
    "synonyms": [
      "ジーンズ",
      "ジンス",
      "ジーンズパンツ"
    ]
  },
  {
    "value": "suit",
    "synonyms": [
      "スーツ"
    ]
  },
  {
    "value": "sunscreen",
    "synonyms": [
      "サンスクリーン",
      "日焼け止め"
    ]
  },
  {
    "value": "tie",
    "synonyms": [
      "ネクタイ"
    ]
  },
  {
    "value": "capri",
    "synonyms": [
      "カプリ",
      "カプリパンツ"
    ]
  },
  {
    "value": "gloves",
    "synonyms": [
      "手袋",
      "手ぶくろ",
      "グローブ",
      "グラブ"
    ]
  },
  {
    "value": "lounge wear",
    "synonyms": [
      "ラウンジウエア"
    ]
  },
  {
    "value": "t-shirt",
    "synonyms": [
      "Tシャツ"
    ]
  },
  {
    "value": "shawls",
    "synonyms": [
      "ショール",
      "肩掛け"
    ]
  },
  {
    "value": "pajama",
    "synonyms": [
      "パジャマ"
    ]
  },
  {
    "value": "scarf",
    "synonyms": [
      "スカーフ"
    ]
  },
  {
    "value": "tank top",
    "synonyms": [
      "タンクトップ"
    ]
  },
  {
    "value": "shorts",
    "synonyms": [
      "半ズボン",
      "ショーツ"
    ]
  },
  {
    "value": "pants",
    "synonyms": [
      "パンツ",
      "ズボン"
    ]
  },
  {
    "value": "dress",
    "synonyms": [
      "ドレス"
    ]
  },
  {
    "value": "cardigan",
    "synonyms": [
      "カーデガン",
      "カーディガン"
    ]
  },
  {
    "value": "gum boots",
    "synonyms": [
      "レインブーツ",
      "ゴム長靴",
      "雨靴"
    ]
  },
  {
    "value": "slippers",
    "synonyms": [
      "スリッパ"
    ]
  },
  {
    "value": "sweatshirt",
    "synonyms": [
      "スウェットシャツ",
      "トレーナー"
    ]
  },
  {
    "value": "swimwear",
    "synonyms": [
      "水着",
      "水泳着",
      "ビキニ"
    ]
  },
  {
    "value": "sneakers",
    "synonyms": [
      "スニーカー"
    ]
  },
  {
    "value": "casual shirt",
    "synonyms": [
      "カジュアルシャツ"
    ]
  },
  {
    "value": "kimono",
    "synonyms": [
      "着物"
    ]
  },
  {
    "value": "bra",
    "synonyms": [
      "ブラ"
    ]
  },
  {
    "value": "hat",
    "synonyms": [
      "帽子",
      "ハット"
    ]
  },
  {
    "value": "skirt",
    "synonyms": [
      "スカート"
    ]
  },
  {
    "value": "sandals",
    "synonyms": [
      "サンダル",
      "下駄"
    ]
  },
  {
    "value": "underwear",
    "synonyms": [
      "下着",
      "肌着"
    ]
  },
  {
    "value": "rain coat",
    "synonyms": [
      "レインコート"
    ]
  },
  {
    "value": "rain jacket",
    "synonyms": [
      "レインジャケット"
    ]
  },
  {
    "value": "ski pants",
    "synonyms": [
      "スキーパンツ"
    ]
  },
  {
    "value": "snowboard pants",
    "synonyms": [
      "スノーボードパンツ"
    ]
  },
  {
    "value": "socks",
    "synonyms": [
      "ソックス"
    ]
  },
  {
    "value": "umbrella",
    "synonyms": [
      "傘"
    ]
  },
  {
    "value": "coat",
    "synonyms": [
      "コート",
      "上着"
    ]
  },
  {
    "value": "hoodie",
    "synonyms": [
      "パーカー"
    ]
  },
  {
    "value": "sweater",
    "synonyms": [
      "セーター"
    ]
  },
  {
    "value": "sweatpants",
    "synonyms": [
      "スエットパンツ",
      "トレーニングパンツ",
      "トレパン"
    ]
  }
]