[
  {
    "value": "flipflops",
    "synonyms": [
      "cholas",
      "sandalias",
      "sandalia"
    ]
  },
  {
    "value": "shorts",
    "synonyms": [
      "pantalones cortos"
    ]
  },
  {
    "value": "sweater",
    "synonyms": [
      "suéter"
    ]
  },
  {
    "value": "gloves",
    "synonyms": [
      "guantes"
    ]
  },
  {
    "value": "scarf",
    "synonyms": [
      "bufanda"
    ]
  },
  {
    "value": "sweatshirt",
    "synonyms": [
      "sudadera"
    ]
  },
  {
    "value": "coat",
    "synonyms": [
      "abrigo"
    ]
  },
  {
    "value": "cap",
    "synonyms": [
      "gorra"
    ]
  },
  {
    "value": "umbrella",
    "synonyms": [
      "paraguas"
    ]
  },
  {
    "value": "sunglasses",
    "synonyms": [
      "gafas de sol"
    ]
  },
  {
    "value": "dress",
    "synonyms": [
      "vestido"
    ]
  },
  {
    "value": "raincoat",
    "synonyms": [
      "impermeable"
    ]
  },
  {
    "value": "poncho",
    "synonyms": [
      "poncho"
    ]
  },
  {
    "value": "jacket",
    "synonyms": [
      "chaqueta"
    ]
  }
]