[
  {
    "value": "sleeve shirt",
    "synonyms": [
      "sleeve shirt"
    ]
  },
  {
    "value": "shorts",
    "synonyms": [
      "shorts"
    ]
  },
  {
    "value": "coat",
    "synonyms": [
      "coat"
    ]
  },
  {
    "value": "sunscreen",
    "synonyms": [
      "sunscreen"
    ]
  },
  {
    "value": "hoodie",
    "synonyms": [
      "hoodie"
    ]
  },
  {
    "value": "sweatpants",
    "synonyms": [
      "sweatpants"
    ]
  },
  {
    "value": "slippers",
    "synonyms": [
      "slippers"
    ]
  },
  {
    "value": "wool socks",
    "synonyms": [
      "wool socks",
      "woolen socks"
    ]
  },
  {
    "value": "t-shirt",
    "synonyms": [
      "t-shirt"
    ]
  },
  {
    "value": "shawls",
    "synonyms": [
      "shawls"
    ]
  },
  {
    "value": "rain coat",
    "synonyms": [
      "rain coat",
      "raincoat"
    ]
  },
  {
    "value": "ski pants",
    "synonyms": [
      "ski pants"
    ]
  },
  {
    "value": "gum boots",
    "synonyms": [
      "gum boots",
      "gumboots"
    ]
  },
  {
    "value": "sleepwear",
    "synonyms": [
      "sleepwear"
    ]
  },
  {
    "value": "tank top",
    "synonyms": [
      "tank top"
    ]
  },
  {
    "value": "sunglasses",
    "synonyms": [
      "sunglasses",
      "sun glasses"
    ]
  },
  {
    "value": "umbrella",
    "synonyms": [
      "umbrella"
    ]
  },
  {
    "value": "jacket",
    "synonyms": [
      "jacket"
    ]
  },
  {
    "value": "rain jacket",
    "synonyms": [
      "rain jacket"
    ]
  },
  {
    "value": "hat",
    "synonyms": [
      "hat"
    ]
  },
  {
    "value": "fleece top",
    "synonyms": [
      "fleece top"
    ]
  },
  {
    "value": "wool cap",
    "synonyms": [
      "wool cap"
    ]
  },
  {
    "value": "socks",
    "synonyms": [
      "socks"
    ]
  },
  {
    "value": "sandals",
    "synonyms": [
      "sandals"
    ]
  },
  {
    "value": "rain pants",
    "synonyms": [
      "rain pants"
    ]
  },
  {
    "value": "suit",
    "synonyms": [
      "suit"
    ]
  },
  {
    "value": "tennis shoes",
    "synonyms": [
      "tennis shoes"
    ]
  },
  {
    "value": "gloves",
    "synonyms": [
      "gloves"
    ]
  },
  {
    "value": "scarf",
    "synonyms": [
      "scarf"
    ]
  },
  {
    "value": "cardigan",
    "synonyms": [
      "cardigan"
    ]
  },
  {
    "value": "sweater",
    "synonyms": [
      "sweater"
    ]
  },
  {
    "value": "snowboard pants",
    "synonyms": [
      "snowboard pants"
    ]
  },
  {
    "value": "dress",
    "synonyms": [
      "dress"
    ]
  },
  {
    "value": "sneakers",
    "synonyms": [
      "sneakers"
    ]
  }
]