[
  {
    "value": "coat",
    "synonyms": [
      "大衣",
      "外衣",
      "大氅",
      "外套"
    ]
  },
  {
    "value": "rain coat",
    "synonyms": [
      "雨衣"
    ]
  },
  {
    "value": "scarf",
    "synonyms": [
      "围巾"
    ]
  },
  {
    "value": "rain pants",
    "synonyms": [
      "雨裤"
    ]
  },
  {
    "value": "sunglasses",
    "synonyms": [
      "墨镜"
    ]
  },
  {
    "value": "wool socks",
    "synonyms": [
      "羊毛袜"
    ]
  },
  {
    "value": "jacket",
    "synonyms": [
      "夹克"
    ]
  },
  {
    "value": "umbrella",
    "synonyms": [
      "雨伞",
      "伞"
    ]
  },
  {
    "value": "wool cap",
    "synonyms": [
      "毛线帽"
    ]
  },
  {
    "value": "sweater",
    "synonyms": [
      "毛线衣"
    ]
  },
  {
    "value": "sunscreen",
    "synonyms": [
      "防晒霜"
    ]
  },
  {
    "value": "jumper",
    "synonyms": [
      "毛衣",
      "薄毛衣"
    ]
  },
  {
    "value": "gloves",
    "synonyms": [
      "手套"
    ]
  },
  {
    "value": "gum boots",
    "synonyms": [
      "胶皮靴"
    ]
  }
]