[
  {
    "value": "blouse",
    "synonyms": [
      "blusa"
    ]
  },
  {
    "value": "coat",
    "synonyms": [
      "casaco"
    ]
  },
  {
    "value": "rain coat",
    "synonyms": [
      "casaco de chuva",
      "capa de chuva",
      "capas de chuva"
    ]
  },
  {
    "value": "sunglasses",
    "synonyms": [
      "óculos de sol",
      "oculos de sol",
      "óculos escuros",
      "oculos escuros"
    ]
  },
  {
    "value": "sunscreen",
    "synonyms": [
      "protetor solar",
      "filtro solar"
    ]
  },
  {
    "value": "wool gloves",
    "synonyms": [
      "luvas de lã",
      "luvas quentes"
    ]
  },
  {
    "value": "swimmswear",
    "synonyms": [
      "sunga"
    ]
  },
  {
    "value": "gloves",
    "synonyms": [
      "luvas"
    ]
  },
  {
    "value": "bikini",
    "synonyms": [
      "bikini"
    ]
  },
  {
    "value": "umbrella",
    "synonyms": [
      "guarda-chuva",
      "guarda chuva",
      "guarda chuvas"
    ]
  },
  {
    "value": "jacket",
    "synonyms": [
      "jaqueta"
    ]
  }
]