[
  {
    "value": "De",
    "synonyms": [
      "De",
      "Delisle"
    ]
  },
  {
    "value": "F",
    "synonyms": [
      "F",
      "Fahrenheit"
    ]
  },
  {
    "value": "Re",
    "synonyms": [
      "Re",
      "Réaumur"
    ]
  },
  {
    "value": "Ra",
    "synonyms": [
      "Ra",
      "Rankine"
    ]
  },
  {
    "value": "Ro",
    "synonyms": [
      "Ro",
      "Rømer"
    ]
  },
  {
    "value": "N",
    "synonyms": [
      "N",
      "Newton"
    ]
  },
  {
    "value": "C",
    "synonyms": [
      "C",
      "Celsius",
      "centígrado",
      "centígrados"
    ]
  }
]