[
  {
    "value": "shower",
    "synonyms": [
      "averse",
      "averses"
    ]
  },
  {
    "value": "smoke",
    "synonyms": [
      "fumée"
    ]
  },
  {
    "value": "snow",
    "synonyms": [
      "neige",
      "il neige",
      "neige-t-il",
      "neigera-t-il"
    ]
  },
  {
    "value": "wind",
    "synonyms": [
      "vent",
      "venteaux"
    ]
  },
  {
    "value": "clouds",
    "synonyms": [
      "nuages",
      "nuageux",
      "couvert"
    ]
  },
  {
    "value": "fog",
    "synonyms": [
      "brouillard",
      "brume"
    ]
  },
  {
    "value": "ice",
    "synonyms": [
      "glace"
    ]
  },
  {
    "value": "sun",
    "synonyms": [
      "soleil",
      "ensoleillé"
    ]
  },
  {
    "value": "thunderstorm",
    "synonyms": [
      "orage"
    ]
  },
  {
    "value": "haze",
    "synonyms": [
      "brume"
    ]
  },
  {
    "value": "rain",
    "synonyms": [
      "pluie",
      "il pleut",
      "pleut-il",
      "pleuvoir",
      "pleuvra",
      "pleuvra-t-il"
    ]
  }
]