[
  {
    "value": "hail",
    "synonyms": [
      "град",
      "града",
      "градом",
      "градинка",
      "градина",
      "градины"
    ]
  },
  {
    "value": "rain",
    "synonyms": [
      "дождь",
      "дождик",
      "дождливо"
    ]
  },
  {
    "value": "snow",
    "synonyms": [
      "снег",
      "снежно",
      "снегопад"
    ]
  },
  {
    "value": "clear sky",
    "synonyms": [
      "ясно",
      "безоблачно",
      "ясное небо",
      "безоблачное небо",
      "ясного неба",
      "безоблачного неба"
    ]
  },
  {
    "value": "foggy",
    "synonyms": [
      "туманный",
      "в тумане",
      "мглистый",
      "густой туман"
    ]
  },
  {
    "value": "wind",
    "synonyms": [
      "ветер",
      "ветренно",
      "ветренный"
    ]
  },
  {
    "value": "ice",
    "synonyms": [
      "лёд",
      "ледяной",
      "скользко"
    ]
  },
  {
    "value": "volcano eruption",
    "synonyms": [
      "извержение вулкана"
    ]
  },
  {
    "value": "freezing rain",
    "synonyms": [
      "изморось"
    ]
  },
  {
    "value": "shower",
    "synonyms": [
      "ливень",
      "ливни",
      "льёт как из ведра"
    ]
  },
  {
    "value": "whirlwind",
    "synonyms": [
      "смерчь",
      "смерчи"
    ]
  },
  {
    "value": "drought",
    "synonyms": [
      "засуха",
      "засухи",
      "засухой"
    ]
  },
  {
    "value": "sun",
    "synonyms": [
      "солнце",
      "солнечно",
      "солнечный"
    ]
  },
  {
    "value": "drizzle",
    "synonyms": [
      "мелкий дождь",
      "моросящий дождь",
      "моросит",
      "моросило",
      "моросить"
    ]
  },
  {
    "value": "blizzard",
    "synonyms": [
      "метель",
      "метели"
    ]
  },
  {
    "value": "frost",
    "synonyms": [
      "стужа",
      "мороз",
      "заморозки"
    ]
  },
  {
    "value": "fog",
    "synonyms": [
      "туман",
      "туманно"
    ]
  },
  {
    "value": "haze",
    "synonyms": [
      "лёгкий туман",
      "дымка"
    ]
  },
  {
    "value": "storm",
    "synonyms": [
      "буря",
      "гроза",
      "ураган",
      "шквал ветра",
      "вьюга"
    ]
  },
  {
    "value": "thunderstorm",
    "synonyms": [
      "гроза"
    ]
  },
  {
    "value": "smoke",
    "synonyms": [
      "смог"
    ]
  },
  {
    "value": "overcast",
    "synonyms": [
      "сильная облачность",
      "значительная облачность",
      "сплошная облачность",
      "неба не видно"
    ]
  },
  {
    "value": "hurricane",
    "synonyms": [
      "ураган",
      "ураганы"
    ]
  },
  {
    "value": "tornadoe",
    "synonyms": [
      "торнадо"
    ]
  },
  {
    "value": "flood",
    "synonyms": [
      "наводнение",
      "наводнения"
    ]
  },
  {
    "value": "scattered clouds",
    "synonyms": [
      "рассеянные облака",
      "незначительная облачность"
    ]
  },
  {
    "value": "clouds",
    "synonyms": [
      "облако",
      "облака",
      "облачность",
      "облачная"
    ]
  },
  {
    "value": "rain snow",
    "synonyms": [
      "дождь со снегом",
      "снег с дождём"
    ]
  },
  {
    "value": "glaze frost",
    "synonyms": [
      "гололёд",
      "гололедица",
      "гололед"
    ]
  }
]