[
  {
    "value": "sun",
    "synonyms": [
      "太陽",
      "晴朗"
    ]
  },
  {
    "value": "overcast",
    "synonyms": [
      "多雲"
    ]
  },
  {
    "value": "fog",
    "synonyms": [
      "煙霧"
    ]
  },
  {
    "value": "snow",
    "synonyms": [
      "陣雪",
      "下雪",
      "雪",
      "雪域",
      "冰凍小雨",
      "冰凍"
    ]
  },
  {
    "value": "rain",
    "synonyms": [
      "下雨",
      "陰雨",
      "陣雨",
      "凍雨",
      "降雨",
      "小雨",
      "細雨"
    ]
  },
  {
    "value": "storm",
    "synonyms": [
      "雷雨",
      "風暴",
      "雷暴",
      "風雨"
    ]
  },
  {
    "value": "wind",
    "synonyms": [
      "多風",
      "風",
      "刮風"
    ]
  }
]