[
  {
    "value": "VK",
    "synonyms": [
      "VK"
    ]
  },
  {
    "value": "Ask.fm",
    "synonyms": [
      "Ask.fm",
      "askfm"
    ]
  },
  {
    "value": "Tumblr",
    "synonyms": [
      "Tumblr"
    ]
  },
  {
    "value": "Facebook",
    "synonyms": [
      "facebook",
      "fb"
    ]
  },
  {
    "value": "Google+",
    "synonyms": [
      "google",
      "google+",
      "google plus"
    ]
  },
  {
    "value": "LiveJournal",
    "synonyms": [
      "LiveJournal"
    ]
  },
  {
    "value": "Meetup",
    "synonyms": [
      "Meetup"
    ]
  },
  {
    "value": "LinkedIn",
    "synonyms": [
      "LinkedIn"
    ]
  },
  {
    "value": "Pinterest",
    "synonyms": [
      "Pinterest"
    ]
  },
  {
    "value": "YouTube",
    "synonyms": [
      "YouTube"
    ]
  },
  {
    "value": "ClassMates",
    "synonyms": [
      "ClassMates"
    ]
  },
  {
    "value": "Twitter",
    "synonyms": [
      "twitter"
    ]
  },
  {
    "value": "Instagram",
    "synonyms": [
      "instagram"
    ]
  },
  {
    "value": "Flickr",
    "synonyms": [
      "Flickr"
    ]
  },
  {
    "value": "Reddit",
    "synonyms": [
      "Reddit"
    ]
  },
  {
    "value": "Vine",
    "synonyms": [
      "Vine"
    ]
  },
  {
    "value": "Myspace",
    "synonyms": [
      "Myspace"
    ]
  }
]