[
  {
    "value": "twitter",
    "synonyms": [
      "twitter",
      "微博",
      "推特"
    ]
  },
  {
    "value": "facebook",
    "synonyms": [
      "facebook",
      "fb",
      "脸书",
      "面书"
    ]
  },
  {
    "value": "instagram",
    "synonyms": [
      "instagram"
    ]
  },
  {
    "value": "google",
    "synonyms": [
      "google",
      "谷歌"
    ]
  },
  {
    "value": "Academia",
    "synonyms": [
      "Academia"
    ]
  },
  {
    "value": "Advogato",
    "synonyms": [
      "Advogato"
    ]
  },
  {
    "value": "Bebo",
    "synonyms": [
      "Bebo"
    ]
  },
  {
    "value": "CafeMom",
    "synonyms": [
      "CafeMom"
    ]
  },
  {
    "value": "Care2",
    "synonyms": [
      "Care2"
    ]
  },
  {
    "value": "Classmates",
    "synonyms": [
      "Classmates"
    ]
  },
  {
    "value": "CouchSurfing",
    "synonyms": [
      "CouchSurfing"
    ]
  },
  {
    "value": "Cyworld",
    "synonyms": [
      "Cyworld"
    ]
  },
  {
    "value": "delicious",
    "synonyms": [
      "delicious"
    ]
  },
  {
    "value": "deviantART",
    "synonyms": [
      "deviantART"
    ]
  },
  {
    "value": "豆瓣",
    "synonyms": [
      "豆瓣"
    ]
  },
  {
    "value": "丁香园",
    "synonyms": [
      "丁香园"
    ]
  },
  {
    "value": "eToro",
    "synonyms": [
      "eToro"
    ]
  },
  {
    "value": "Experience Project",
    "synonyms": [
      "Experience Project"
    ]
  },
  {
    "value": "Flixster",
    "synonyms": [
      "Flixster"
    ]
  },
  {
    "value": "Flickr",
    "synonyms": [
      "Flickr"
    ]
  },
  {
    "value": "Foursquare",
    "synonyms": [
      "Foursquare"
    ]
  },
  {
    "value": "Gaia Online",
    "synonyms": [
      "Gaia Online"
    ]
  },
  {
    "value": "Goodreads",
    "synonyms": [
      "Goodreads"
    ]
  },
  {
    "value": "hi5",
    "synonyms": [
      "hi5"
    ]
  },
  {
    "value": "italki",
    "synonyms": [
      "italki"
    ]
  },
  {
    "value": "街旁",
    "synonyms": [
      "街旁"
    ]
  },
  {
    "value": "开心网",
    "synonyms": [
      "开心网"
    ]
  },
  {
    "value": "Last fm",
    "synonyms": [
      "Last fm"
    ]
  },
  {
    "value": "LibraryThing",
    "synonyms": [
      "LibraryThing"
    ]
  },
  {
    "value": "LiveJournal",
    "synonyms": [
      "LiveJournal"
    ]
  },
  {
    "value": "Livemocha",
    "synonyms": [
      "Livemocha"
    ]
  },
  {
    "value": "Meetup",
    "synonyms": [
      "Meetup"
    ]
  },
  {
    "value": "mixi",
    "synonyms": [
      "mixi"
    ]
  },
  {
    "value": "Myspace",
    "synonyms": [
      "Myspace"
    ]
  },
  {
    "value": "Netlog",
    "synonyms": [
      "Netlog"
    ]
  },
  {
    "value": "Orkut",
    "synonyms": [
      "Orkut"
    ]
  },
  {
    "value": "Plurk",
    "synonyms": [
      "Plurk"
    ]
  },
  {
    "value": "QQ空间",
    "synonyms": [
      "QQ空间"
    ]
  },
  {
    "value": "人人网",
    "synonyms": [
      "人人网"
    ]
  },
  {
    "value": "ScienceStage",
    "synonyms": [
      "ScienceStage"
    ]
  },
  {
    "value": "新浪微博",
    "synonyms": [
      "新浪微博"
    ]
  },
  {
    "value": "SoundCloud",
    "synonyms": [
      "SoundCloud"
    ]
  },
  {
    "value": "StumbleUpon",
    "synonyms": [
      "StumbleUpon"
    ]
  },
  {
    "value": "Vkontakte",
    "synonyms": [
      "Vkontakte"
    ]
  },
  {
    "value": "Wiser org",
    "synonyms": [
      "Wiser org"
    ]
  },
  {
    "value": "XING",
    "synonyms": [
      "XING"
    ]
  },
  {
    "value": "Yelp",
    "synonyms": [
      "Yelp"
    ]
  }
]