{
  "rasa_nlu_data": {
    "common_examples": [
      {
        "intent": "translate.text - context:translate-text - comment: from language",
        "entities": [
          {
            "start": 0,
            "end": 5,
            "value": "salut",
            "entity": "text"
          },
          {
            "start": 11,
            "end": 17,
            "value": "French",
            "entity": "lang-from"
          }
        ],
        "text": "salut from French now"
      },
      {
        "intent": "translate.text - context:translate-text - comment: from language",
        "entities": [
          {
            "start": 9,
            "end": 16,
            "value": "Spanish",
            "entity": "lang-from"
          }
        ],
        "text": "now from Spanish"
      },
      {
        "intent": "translate.text - context:translate-text - comment: from language",
        "entities": [
          {
            "start": 10,
            "end": 15,
            "value": "hallo",
            "entity": "text"
          },
          {
            "start": 21,
            "end": 27,
            "value": "German",
            "entity": "lang-from"
          }
        ],
        "text": "how about hallo from German"
      },
      {
        "intent": "translate.text - context:translate-text - comment: from language",
        "entities": [
          {
            "start": 5,
            "end": 12,
            "value": "English",
            "entity": "lang-from"
          }
        ],
        "text": "from English"
      },
      {
        "intent": "translate.text - context:translate-text - comment: text",
        "entities": [
          {
            "start": 4,
            "end": 14,
            "value": "I love you",
            "entity": "text"
          }
        ],
        "text": "and I love you"
      },
      {
        "intent": "translate.text - context:translate-text - comment: text",
        "entities": [
          {
            "start": 4,
            "end": 13,
            "value": "what's up",
            "entity": "text"
          }
        ],
        "text": "now what's up"
      },
      {
        "intent": "translate.text - context:translate-text - comment: text",
        "entities": [
          {
            "start": 4,
            "end": 13,
            "value": "breakfast",
            "entity": "text"
          }
        ],
        "text": "now breakfast"
      },
      {
        "intent": "translate.text - context:translate-text - comment: text",
        "entities": [
          {
            "start": 0,
            "end": 9,
            "value": "je t'aime",
            "entity": "text"
          }
        ],
        "text": "je t'aime"
      },
      {
        "intent": "translate.text - context:translate-text - comment: text",
        "entities": [
          {
            "start": 0,
            "end": 10,
            "value": "I love you",
            "entity": "text"
          }
        ],
        "text": "I love you"
      },
      {
        "intent": "translate.text - context:translate-text - comment: text",
        "entities": [
          {
            "start": 4,
            "end": 11,
            "value": "bonjour",
            "entity": "text"
          }
        ],
        "text": "and bonjour"
      },
      {
        "intent": "translate.text - context:translate-text - comment: text",
        "entities": [
          {
            "start": 11,
            "end": 27,
            "value": "call me tomorrow",
            "entity": "text"
          }
        ],
        "text": "how to say call me tomorrow"
      },
      {
        "intent": "translate.text - context:translate-text - comment: text",
        "entities": [
          {
            "start": 14,
            "end": 25,
            "value": "how are you",
            "entity": "text"
          }
        ],
        "text": "now translate how are you"
      },
      {
        "intent": "translate.text - context:translate-text - comment: text",
        "entities": [
          {
            "start": 16,
            "end": 27,
            "value": "how is life",
            "entity": "text"
          }
        ],
        "text": "now translation how is life"
      },
      {
        "intent": "translate.text - context:translate-text - comment: text",
        "entities": [
          {
            "start": 0,
            "end": 5,
            "value": "hello",
            "entity": "text"
          }
        ],
        "text": "hello"
      },
      {
        "intent": "translate.text - context:translate-text - comment: to language",
        "entities": [
          {
            "start": 9,
            "end": 15,
            "value": "French",
            "entity": "lang-to"
          }
        ],
        "text": "now into French"
      },
      {
        "intent": "translate.text - context:translate-text - comment: to language",
        "entities": [
          {
            "start": 10,
            "end": 14,
            "value": "ciao",
            "entity": "text"
          },
          {
            "start": 18,
            "end": 24,
            "value": "French",
            "entity": "lang-to"
          }
        ],
        "text": "how about ciao to French"
      },
      {
        "intent": "translate.text - context:translate-text - comment: to language",
        "entities": [
          {
            "start": 0,
            "end": 5,
            "value": "hello",
            "entity": "text"
          },
          {
            "start": 11,
            "end": 18,
            "value": "Spanish",
            "entity": "lang-to"
          }
        ],
        "text": "hello into Spanish"
      },
      {
        "intent": "translate.text - context:translate-text - comment: to language",
        "entities": [
          {
            "start": 0,
            "end": 7,
            "value": "Spanish",
            "entity": "lang-to"
          }
        ],
        "text": "Spanish"
      },
      {
        "intent": "translate.text - context:translate-text - comment: to language",
        "entities": [
          {
            "start": 7,
            "end": 14,
            "value": "Spanish",
            "entity": "lang-to"
          }
        ],
        "text": "and to Spanish now"
      },
      {
        "intent": "translate.text - context:translate-text - comment: to language",
        "entities": [
          {
            "start": 10,
            "end": 16,
            "value": "French",
            "entity": "lang-to"
          }
        ],
        "text": "how about French"
      },
      {
        "intent": "translate.text - context:translate-text - comment: to language",
        "entities": [
          {
            "start": 3,
            "end": 9,
            "value": "French",
            "entity": "lang-to"
          }
        ],
        "text": "in French too"
      },
      {
        "intent": "translate.text - context:translate-text - comment: to language",
        "entities": [
          {
            "start": 5,
            "end": 12,
            "value": "Russian",
            "entity": "lang-to"
          }
        ],
        "text": "into Russian"
      },
      {
        "intent": "translate.text - context:translate-text - comment: to language",
        "entities": [
          {
            "start": 9,
            "end": 16,
            "value": "Italian",
            "entity": "lang-to"
          }
        ],
        "text": "and into Italian"
      },
      {
        "intent": "translate.text - context:translate-text - comment: to language",
        "entities": [
          {
            "start": 9,
            "end": 15,
            "value": "German",
            "entity": "lang-to"
          }
        ],
        "text": "now into German"
      },
      {
        "intent": "translate.text - context:translate-text - comment: to language",
        "entities": [
          {
            "start": 5,
            "end": 13,
            "value": "Japanese",
            "entity": "lang-to"
          }
        ],
        "text": "into Japanese as well"
      },
      {
        "intent": "translate.text - context:translate-text - comment: to language",
        "entities": [
          {
            "start": 7,
            "end": 14,
            "value": "Spanish",
            "entity": "lang-to"
          }
        ],
        "text": "and to Spanish"
      },
      {
        "intent": "translate.text - context:translate-text - comment: to language",
        "entities": [
          {
            "start": 10,
            "end": 16,
            "value": "German",
            "entity": "lang-to"
          }
        ],
        "text": "how about German"
      },
      {
        "intent": "translate.text - context:translate-text - comment: to language",
        "entities": [
          {
            "start": 4,
            "end": 8,
            "value": "nice",
            "entity": "text"
          },
          {
            "start": 12,
            "end": 19,
            "value": "Spanish",
            "entity": "lang-to"
          }
        ],
        "text": "and nice to Spanish"
      },
      {
        "intent": "translate.text - context:translate-text - comment: to language",
        "entities": [
          {
            "start": 7,
            "end": 14,
            "value": "Russian",
            "entity": "lang-to"
          }
        ],
        "text": "now to Russian"
      },
      {
        "intent": "translate.text - context:translate-text - comment: to language",
        "entities": [
          {
            "start": 10,
            "end": 15,
            "value": "hello",
            "entity": "text"
          },
          {
            "start": 19,
            "end": 25,
            "value": "French",
            "entity": "lang-to"
          }
        ],
        "text": "how about hello in French"
      },
      {
        "intent": "translate.text - context:translate-text - comment: to language",
        "entities": [
          {
            "start": 0,
            "end": 5,
            "value": "hello",
            "entity": "text"
          },
          {
            "start": 11,
            "end": 18,
            "value": "Russian",
            "entity": "lang-to"
          }
        ],
        "text": "hello into Russian"
      },
      {
        "intent": "translate.text - context:translate-text - comment: to language",
        "entities": [
          {
            "start": 7,
            "end": 13,
            "value": "French",
            "entity": "lang-to"
          }
        ],
        "text": "and in French"
      },
      {
        "intent": "translate.text - context:translate-text - comment: to language",
        "entities": [
          {
            "start": 13,
            "end": 20,
            "value": "Italian",
            "entity": "lang-to"
          }
        ],
        "text": "and now into Italian"
      },
      {
        "intent": "translate.text",
        "entities": [
          {
            "start": 15,
            "end": 22,
            "value": "English",
            "entity": "lang-from"
          },
          {
            "start": 26,
            "end": 32,
            "value": "French",
            "entity": "lang-to"
          }
        ],
        "text": "translate from English to French"
      },
      {
        "intent": "translate.text",
        "entities": [
          {
            "start": 24,
            "end": 31,
            "value": "so cool",
            "entity": "text"
          }
        ],
        "text": "read the translation of so cool"
      },
      {
        "intent": "translate.text",
        "entities": [
          {
            "start": 27,
            "end": 32,
            "value": "amour",
            "entity": "text"
          },
          {
            "start": 38,
            "end": 44,
            "value": "French",
            "entity": "lang-from"
          }
        ],
        "text": "I need the translation for amour from French"
      },
      {
        "intent": "translate.text",
        "entities": [
          {
            "start": 20,
            "end": 27,
            "value": "Bengali",
            "entity": "lang-from"
          }
        ],
        "text": "I need to translate Bengali"
      },
      {
        "intent": "translate.text",
        "entities": [
          {
            "start": 10,
            "end": 15,
            "value": "hello",
            "entity": "text"
          },
          {
            "start": 19,
            "end": 27,
            "value": "Filipino",
            "entity": "lang-to"
          }
        ],
        "text": "translate hello in Filipino"
      },
      {
        "intent": "translate.text",
        "entities": [
          {
            "start": 17,
            "end": 23,
            "value": "Polish",
            "entity": "lang-to"
          }
        ],
        "text": "translation into Polish"
      },
      {
        "intent": "translate.text",
        "entities": [
          {
            "start": 10,
            "end": 13,
            "value": "hey",
            "entity": "text"
          },
          {
            "start": 19,
            "end": 25,
            "value": "Somali",
            "entity": "lang-to"
          }
        ],
        "text": "translate hey into Somali"
      },
      {
        "intent": "translate.text",
        "entities": [
          {
            "start": 14,
            "end": 25,
            "value": "how are you",
            "entity": "text"
          }
        ],
        "text": "now translate how are you"
      },
      {
        "intent": "translate.text",
        "entities": [
          {
            "start": 15,
            "end": 26,
            "value": "Santa Claus",
            "entity": "text"
          },
          {
            "start": 30,
            "end": 37,
            "value": "Finnish",
            "entity": "lang-to"
          }
        ],
        "text": "how do you say Santa Claus in Finnish"
      },
      {
        "intent": "translate.text",
        "entities": [
          {
            "start": 20,
            "end": 27,
            "value": "English",
            "entity": "lang-to"
          }
        ],
        "text": "please translate in English"
      },
      {
        "intent": "translate.text",
        "entities": [
          {
            "start": 4,
            "end": 9,
            "value": "Hindi",
            "entity": "lang-to"
          },
          {
            "start": 25,
            "end": 34,
            "value": "frivolity",
            "entity": "text"
          }
        ],
        "text": "the Hindi translation of frivolity"
      },
      {
        "intent": "translate.text",
        "entities": [
          {
            "start": 21,
            "end": 30,
            "value": "je t'aime",
            "entity": "text"
          },
          {
            "start": 36,
            "end": 42,
            "value": "Hebrew",
            "entity": "lang-to"
          }
        ],
        "text": "translate the phrase je t'aime into Hebrew"
      },
      {
        "intent": "translate.text",
        "entities": [
          {
            "start": 10,
            "end": 27,
            "value": "send me a picture",
            "entity": "text"
          },
          {
            "start": 31,
            "end": 38,
            "value": "Chinese",
            "entity": "lang-to"
          }
        ],
        "text": "translate send me a picture in Chinese"
      },
      {
        "intent": "translate.text",
        "text": "translate a word"
      },
      {
        "intent": "translate.text",
        "entities": [
          {
            "start": 0,
            "end": 7,
            "value": "English",
            "entity": "lang-from"
          },
          {
            "start": 8,
            "end": 15,
            "value": "Russian",
            "entity": "lang-to"
          }
        ],
        "text": "English Russian translation"
      },
      {
        "intent": "translate.text",
        "entities": [
          {
            "start": 24,
            "end": 31,
            "value": "so cool",
            "entity": "text"
          },
          {
            "start": 37,
            "end": 44,
            "value": "Spanish",
            "entity": "lang-from"
          }
        ],
        "text": "read the translation of so cool from Spanish"
      },
      {
        "intent": "translate.text",
        "entities": [
          {
            "start": 13,
            "end": 19,
            "value": "French",
            "entity": "lang-to"
          }
        ],
        "text": "translate to French"
      },
      {
        "intent": "translate.text",
        "entities": [
          {
            "start": 10,
            "end": 14,
            "value": "hola",
            "entity": "text"
          },
          {
            "start": 20,
            "end": 27,
            "value": "Spanish",
            "entity": "lang-from"
          }
        ],
        "text": "translate hola from Spanish"
      },
      {
        "intent": "translate.text",
        "entities": [
          {
            "start": 10,
            "end": 19,
            "value": "offspring",
            "entity": "text"
          },
          {
            "start": 23,
            "end": 30,
            "value": "Tagalog",
            "entity": "lang-to"
          }
        ],
        "text": "translate offspring in Tagalog"
      },
      {
        "intent": "translate.text",
        "text": "translate"
      },
      {
        "intent": "translate.text",
        "entities": [
          {
            "start": 17,
            "end": 22,
            "value": "hello",
            "entity": "text"
          },
          {
            "start": 28,
            "end": 35,
            "value": "Spanish",
            "entity": "lang-to"
          }
        ],
        "text": "how to translate hello into Spanish"
      },
      {
        "intent": "translate.text",
        "entities": [
          {
            "start": 0,
            "end": 12,
            "value": "hola qué tal",
            "entity": "text"
          },
          {
            "start": 18,
            "end": 25,
            "value": "Spanish",
            "entity": "lang-from"
          },
          {
            "start": 31,
            "end": 39,
            "value": "Croatian",
            "entity": "lang-to"
          }
        ],
        "text": "hola qué tal from Spanish into Croatian"
      },
      {
        "intent": "translate.text",
        "entities": [
          {
            "start": 10,
            "end": 20,
            "value": "I love you",
            "entity": "text"
          },
          {
            "start": 26,
            "end": 33,
            "value": "English",
            "entity": "lang-from"
          },
          {
            "start": 39,
            "end": 46,
            "value": "Russian",
            "entity": "lang-to"
          }
        ],
        "text": "translate I love you from English into Russian"
      },
      {
        "intent": "translate.text",
        "text": "I need a translation"
      },
      {
        "intent": "translate.text",
        "text": "translate text"
      },
      {
        "intent": "translate.text",
        "entities": [
          {
            "start": 30,
            "end": 44,
            "value": "je t'aime bien",
            "entity": "text"
          },
          {
            "start": 50,
            "end": 56,
            "value": "French",
            "entity": "lang-from"
          }
        ],
        "text": "the translation of the phrase je t'aime bien from French"
      },
      {
        "intent": "translate.text",
        "entities": [
          {
            "start": 15,
            "end": 20,
            "value": "Greek",
            "entity": "lang-to"
          },
          {
            "start": 21,
            "end": 24,
            "value": "cat",
            "entity": "text"
          }
        ],
        "text": "translate into Greek cat"
      },
      {
        "intent": "translate.text",
        "entities": [
          {
            "start": 15,
            "end": 19,
            "value": "Urdu",
            "entity": "lang-to"
          }
        ],
        "text": "translate into Urdu language"
      },
      {
        "intent": "translate.text",
        "entities": [
          {
            "start": 10,
            "end": 33,
            "value": "how are you doing today",
            "entity": "text"
          },
          {
            "start": 37,
            "end": 44,
            "value": "Chinese",
            "entity": "lang-to"
          }
        ],
        "text": "translate how are you doing today in Chinese"
      },
      {
        "intent": "translate.text",
        "entities": [
          {
            "start": 12,
            "end": 17,
            "value": "Irish",
            "entity": "lang-to"
          },
          {
            "start": 34,
            "end": 38,
            "value": "beer",
            "entity": "text"
          }
        ],
        "text": "tell me the Irish translation for beer please"
      },
      {
        "intent": "translate.text",
        "entities": [
          {
            "start": 16,
            "end": 22,
            "value": "gutter",
            "entity": "text"
          },
          {
            "start": 26,
            "end": 36,
            "value": "Portuguese",
            "entity": "lang-to"
          }
        ],
        "text": "translation for gutter in Portuguese"
      },
      {
        "intent": "translate.text",
        "entities": [
          {
            "start": 10,
            "end": 20,
            "value": "I like you",
            "entity": "text"
          },
          {
            "start": 24,
            "end": 29,
            "value": "Malay",
            "entity": "lang-to"
          }
        ],
        "text": "translate I like you in Malay"
      },
      {
        "intent": "translate.text",
        "entities": [
          {
            "start": 13,
            "end": 19,
            "value": "German",
            "entity": "lang-to"
          },
          {
            "start": 20,
            "end": 32,
            "value": "terima kasih",
            "entity": "text"
          }
        ],
        "text": "translate to German terima kasih"
      },
      {
        "intent": "translate.text",
        "entities": [
          {
            "start": 15,
            "end": 22,
            "value": "English",
            "entity": "lang-to"
          },
          {
            "start": 23,
            "end": 32,
            "value": "le renard",
            "entity": "text"
          }
        ],
        "text": "translate into English le renard"
      },
      {
        "intent": "translate.text",
        "entities": [
          {
            "start": 15,
            "end": 20,
            "value": "hello",
            "entity": "text"
          }
        ],
        "text": "translate text hello"
      },
      {
        "intent": "translate.text",
        "entities": [
          {
            "start": 15,
            "end": 21,
            "value": "French",
            "entity": "lang-from"
          },
          {
            "start": 22,
            "end": 42,
            "value": "j aime les croissans",
            "entity": "text"
          }
        ],
        "text": "translate from French j aime les croissans"
      },
      {
        "intent": "translate.text",
        "entities": [
          {
            "start": 11,
            "end": 17,
            "value": "German",
            "entity": "lang-from"
          },
          {
            "start": 27,
            "end": 33,
            "value": "pencil",
            "entity": "text"
          }
        ],
        "text": "what's the German word for pencil"
      },
      {
        "intent": "translate.text",
        "entities": [
          {
            "start": 25,
            "end": 32,
            "value": "Chinese",
            "entity": "lang-from"
          }
        ],
        "text": "translate something from Chinese"
      },
      {
        "intent": "translate.text",
        "entities": [
          {
            "start": 25,
            "end": 31,
            "value": "French",
            "entity": "lang-to"
          }
        ],
        "text": "can you say something in French"
      },
      {
        "intent": "translate.text",
        "entities": [
          {
            "start": 4,
            "end": 13,
            "value": "I'm happy",
            "entity": "text"
          },
          {
            "start": 17,
            "end": 27,
            "value": "Portuguese",
            "entity": "lang-to"
          }
        ],
        "text": "say I'm happy in Portuguese"
      },
      {
        "intent": "translate.text",
        "entities": [
          {
            "start": 0,
            "end": 7,
            "value": "English",
            "entity": "lang-to"
          },
          {
            "start": 24,
            "end": 33,
            "value": "te quiero",
            "entity": "text"
          }
        ],
        "text": "English translation for te quiero"
      },
      {
        "intent": "translate.text",
        "text": "translate for me"
      },
      {
        "intent": "translate.text",
        "entities": [
          {
            "start": 10,
            "end": 43,
            "value": "we will go to the circus tomorrow",
            "entity": "text"
          },
          {
            "start": 49,
            "end": 58,
            "value": "Bulgarian",
            "entity": "lang-to"
          }
        ],
        "text": "translate we will go to the circus tomorrow into Bulgarian"
      },
      {
        "intent": "translate.text",
        "entities": [
          {
            "start": 15,
            "end": 29,
            "value": "cómo te llamas",
            "entity": "text"
          },
          {
            "start": 35,
            "end": 42,
            "value": "Spanish",
            "entity": "lang-from"
          },
          {
            "start": 48,
            "end": 55,
            "value": "English",
            "entity": "lang-to"
          }
        ],
        "text": "translation of cómo te llamas from Spanish into English"
      },
      {
        "intent": "translate.text",
        "entities": [
          {
            "start": 10,
            "end": 17,
            "value": "student",
            "entity": "text"
          },
          {
            "start": 23,
            "end": 30,
            "value": "Chinese",
            "entity": "lang-to"
          }
        ],
        "text": "translate student into Chinese"
      },
      {
        "intent": "translate.text",
        "entities": [
          {
            "start": 10,
            "end": 17,
            "value": "bonjour",
            "entity": "text"
          },
          {
            "start": 23,
            "end": 29,
            "value": "French",
            "entity": "lang-from"
          },
          {
            "start": 35,
            "end": 42,
            "value": "English",
            "entity": "lang-to"
          }
        ],
        "text": "translate bonjour from French into English"
      },
      {
        "intent": "translate.text",
        "entities": [
          {
            "start": 10,
            "end": 15,
            "value": "hello",
            "entity": "text"
          },
          {
            "start": 19,
            "end": 26,
            "value": "Spanish",
            "entity": "lang-to"
          },
          {
            "start": 32,
            "end": 39,
            "value": "English",
            "entity": "lang-from"
          }
        ],
        "text": "translate hello to Spanish from English"
      },
      {
        "intent": "translate.text",
        "entities": [
          {
            "start": 24,
            "end": 32,
            "value": "read out",
            "entity": "text"
          }
        ],
        "text": "show the translation of read out"
      },
      {
        "intent": "translate.text",
        "entities": [
          {
            "start": 10,
            "end": 20,
            "value": "I hate you",
            "entity": "text"
          },
          {
            "start": 24,
            "end": 33,
            "value": "Malayalam",
            "entity": "lang-to"
          }
        ],
        "text": "translate I hate you in Malayalam"
      },
      {
        "intent": "translate.text",
        "entities": [
          {
            "start": 28,
            "end": 33,
            "value": "hello",
            "entity": "text"
          },
          {
            "start": 37,
            "end": 45,
            "value": "Croatian",
            "entity": "lang-to"
          }
        ],
        "text": "tell me the translation for hello in Croatian"
      },
      {
        "intent": "translate.text",
        "entities": [
          {
            "start": 10,
            "end": 19,
            "value": "what's up",
            "entity": "text"
          },
          {
            "start": 25,
            "end": 32,
            "value": "Russian",
            "entity": "lang-to"
          }
        ],
        "text": "translate what's up into Russian"
      },
      {
        "intent": "translate.text",
        "entities": [
          {
            "start": 10,
            "end": 20,
            "value": "I love you",
            "entity": "text"
          },
          {
            "start": 26,
            "end": 33,
            "value": "English",
            "entity": "lang-from"
          },
          {
            "start": 39,
            "end": 47,
            "value": "Japanese",
            "entity": "lang-to"
          }
        ],
        "text": "translate I love you from English into Japanese"
      },
      {
        "intent": "translate.text",
        "entities": [
          {
            "start": 15,
            "end": 21,
            "value": "French",
            "entity": "lang-from"
          },
          {
            "start": 27,
            "end": 33,
            "value": "German",
            "entity": "lang-to"
          }
        ],
        "text": "translate from French into German"
      },
      {
        "intent": "translate.text",
        "entities": [
          {
            "start": 0,
            "end": 14,
            "value": "hi how are you",
            "entity": "text"
          },
          {
            "start": 20,
            "end": 27,
            "value": "Italian",
            "entity": "lang-to"
          }
        ],
        "text": "hi how are you into Italian"
      },
      {
        "intent": "translate.text",
        "entities": [
          {
            "start": 10,
            "end": 14,
            "value": "many",
            "entity": "text"
          },
          {
            "start": 20,
            "end": 27,
            "value": "English",
            "entity": "lang-from"
          },
          {
            "start": 31,
            "end": 37,
            "value": "French",
            "entity": "lang-to"
          }
        ],
        "text": "translate many from English to French"
      },
      {
        "intent": "translate.text",
        "entities": [
          {
            "start": 26,
            "end": 33,
            "value": "English",
            "entity": "lang-to"
          },
          {
            "start": 34,
            "end": 43,
            "value": "le renard",
            "entity": "text"
          }
        ],
        "text": "translate this words into English le renard"
      },
      {
        "intent": "translate.text",
        "entities": [
          {
            "start": 15,
            "end": 43,
            "value": "where's the nearest bus stop",
            "entity": "text"
          },
          {
            "start": 47,
            "end": 53,
            "value": "French",
            "entity": "lang-to"
          }
        ],
        "text": "how do you say where's the nearest bus stop in French"
      },
      {
        "intent": "translate.text",
        "entities": [
          {
            "start": 10,
            "end": 16,
            "value": "pencil",
            "entity": "text"
          },
          {
            "start": 20,
            "end": 27,
            "value": "Tagalog",
            "entity": "lang-to"
          }
        ],
        "text": "translate pencil to Tagalog"
      },
      {
        "intent": "translate.text",
        "text": "I'd like to translate a phrase"
      },
      {
        "intent": "translate.text",
        "entities": [
          {
            "start": 13,
            "end": 20,
            "value": "Serbian",
            "entity": "lang-to"
          }
        ],
        "text": "translate to Serbian"
      },
      {
        "intent": "translate.text",
        "entities": [
          {
            "start": 10,
            "end": 29,
            "value": "we go to the cinema",
            "entity": "text"
          },
          {
            "start": 35,
            "end": 42,
            "value": "Italian",
            "entity": "lang-to"
          }
        ],
        "text": "translate we go to the cinema into Italian"
      },
      {
        "intent": "translate.text",
        "entities": [
          {
            "start": 10,
            "end": 31,
            "value": "can you send me a pic",
            "entity": "text"
          },
          {
            "start": 35,
            "end": 42,
            "value": "Chinese",
            "entity": "lang-to"
          }
        ],
        "text": "translate can you send me a pic in Chinese"
      },
      {
        "intent": "translate.text",
        "entities": [
          {
            "start": 10,
            "end": 20,
            "value": "I love you",
            "entity": "text"
          },
          {
            "start": 26,
            "end": 32,
            "value": "French",
            "entity": "lang-to"
          }
        ],
        "text": "translate I love you into French"
      },
      {
        "intent": "translate.text",
        "entities": [
          {
            "start": 8,
            "end": 17,
            "value": "new shoes",
            "entity": "text"
          },
          {
            "start": 21,
            "end": 27,
            "value": "French",
            "entity": "lang-to"
          }
        ],
        "text": "what is new shoes in French"
      },
      {
        "intent": "translate.text",
        "entities": [
          {
            "start": 10,
            "end": 19,
            "value": "offspring",
            "entity": "text"
          },
          {
            "start": 23,
            "end": 31,
            "value": "Filipino",
            "entity": "lang-to"
          }
        ],
        "text": "translate offspring to Filipino"
      },
      {
        "intent": "translate.text",
        "entities": [
          {
            "start": 24,
            "end": 32,
            "value": "bismilla",
            "entity": "text"
          },
          {
            "start": 38,
            "end": 45,
            "value": "English",
            "entity": "lang-to"
          }
        ],
        "text": "translation of the word bismilla into English"
      },
      {
        "intent": "translate.text",
        "text": "translate something"
      },
      {
        "intent": "translate.text",
        "entities": [
          {
            "start": 18,
            "end": 23,
            "value": "Latin",
            "entity": "lang-from"
          }
        ],
        "text": "can you translate Latin"
      },
      {
        "intent": "translate.text",
        "entities": [
          {
            "start": 10,
            "end": 27,
            "value": "hello how are you",
            "entity": "text"
          },
          {
            "start": 31,
            "end": 38,
            "value": "Punjabi",
            "entity": "lang-to"
          }
        ],
        "text": "translate hello how are you in Punjabi"
      },
      {
        "intent": "translate.text",
        "entities": [
          {
            "start": 10,
            "end": 27,
            "value": "what is your name",
            "entity": "text"
          },
          {
            "start": 31,
            "end": 36,
            "value": "Tamil",
            "entity": "lang-to"
          }
        ],
        "text": "translate what is your name to Tamil"
      },
      {
        "intent": "translate.text",
        "entities": [
          {
            "start": 17,
            "end": 24,
            "value": "English",
            "entity": "lang-from"
          },
          {
            "start": 28,
            "end": 35,
            "value": "Italian",
            "entity": "lang-to"
          }
        ],
        "text": "translation from English to Italian"
      },
      {
        "intent": "translate.text",
        "entities": [
          {
            "start": 10,
            "end": 24,
            "value": "Happy New Year",
            "entity": "text"
          },
          {
            "start": 30,
            "end": 37,
            "value": "Spanish",
            "entity": "lang-to"
          }
        ],
        "text": "translate Happy New Year into Spanish"
      },
      {
        "intent": "translate.text",
        "entities": [
          {
            "start": 18,
            "end": 23,
            "value": "hello",
            "entity": "text"
          },
          {
            "start": 29,
            "end": 35,
            "value": "German",
            "entity": "lang-to"
          }
        ],
        "text": "can you translate hello into German"
      },
      {
        "intent": "translate.text",
        "entities": [
          {
            "start": 10,
            "end": 17,
            "value": "Spanish",
            "entity": "lang-from"
          },
          {
            "start": 23,
            "end": 33,
            "value": "trabajador",
            "entity": "text"
          },
          {
            "start": 39,
            "end": 46,
            "value": "English",
            "entity": "lang-to"
          }
        ],
        "text": "translate Spanish word trabajador into English"
      },
      {
        "intent": "translate.text",
        "entities": [
          {
            "start": 12,
            "end": 20,
            "value": "Japanese",
            "entity": "lang-to"
          },
          {
            "start": 37,
            "end": 48,
            "value": "how are you",
            "entity": "text"
          }
        ],
        "text": "tell me the Japanese translation for how are you"
      },
      {
        "intent": "translate.text",
        "entities": [
          {
            "start": 10,
            "end": 21,
            "value": "like a boss",
            "entity": "text"
          },
          {
            "start": 27,
            "end": 32,
            "value": "Latin",
            "entity": "lang-to"
          }
        ],
        "text": "translate like a boss into Latin"
      },
      {
        "intent": "translate.text",
        "entities": [
          {
            "start": 11,
            "end": 16,
            "value": "hello",
            "entity": "text"
          },
          {
            "start": 20,
            "end": 27,
            "value": "Chinese",
            "entity": "lang-to"
          }
        ],
        "text": "how to say hello in Chinese"
      },
      {
        "intent": "translate.text",
        "entities": [
          {
            "start": 20,
            "end": 33,
            "value": "I love my job",
            "entity": "text"
          },
          {
            "start": 39,
            "end": 46,
            "value": "English",
            "entity": "lang-from"
          },
          {
            "start": 52,
            "end": 59,
            "value": "Italian",
            "entity": "lang-to"
          }
        ],
        "text": "could you translate I love my job from English into Italian"
      },
      {
        "intent": "translate.text",
        "entities": [
          {
            "start": 10,
            "end": 27,
            "value": "Quatro Sinko face",
            "entity": "text"
          },
          {
            "start": 31,
            "end": 38,
            "value": "English",
            "entity": "lang-to"
          }
        ],
        "text": "translate Quatro Sinko face to English"
      },
      {
        "intent": "translate.text",
        "entities": [
          {
            "start": 17,
            "end": 28,
            "value": "how are you",
            "entity": "text"
          },
          {
            "start": 34,
            "end": 41,
            "value": "Russian",
            "entity": "lang-from"
          },
          {
            "start": 45,
            "end": 52,
            "value": "English",
            "entity": "lang-to"
          }
        ],
        "text": "how to translate how are you from Russian to English"
      },
      {
        "intent": "translate.text",
        "entities": [
          {
            "start": 10,
            "end": 17,
            "value": "Russian",
            "entity": "lang-to"
          }
        ],
        "text": "translate Russian"
      },
      {
        "intent": "translate.text",
        "entities": [
          {
            "start": 0,
            "end": 7,
            "value": "English",
            "entity": "lang-from"
          },
          {
            "start": 8,
            "end": 15,
            "value": "Russian",
            "entity": "lang-to"
          }
        ],
        "text": "English-Russian translation"
      },
      {
        "intent": "translate.text",
        "entities": [
          {
            "start": 15,
            "end": 24,
            "value": "le renard",
            "entity": "text"
          },
          {
            "start": 30,
            "end": 37,
            "value": "English",
            "entity": "lang-to"
          }
        ],
        "text": "translate word le renard into English"
      },
      {
        "intent": "translate.text",
        "entities": [
          {
            "start": 10,
            "end": 15,
            "value": "table",
            "entity": "text"
          },
          {
            "start": 21,
            "end": 27,
            "value": "German",
            "entity": "lang-to"
          }
        ],
        "text": "translate table into German"
      },
      {
        "intent": "translate.text",
        "entities": [
          {
            "start": 10,
            "end": 30,
            "value": "to come home tonight",
            "entity": "text"
          },
          {
            "start": 34,
            "end": 43,
            "value": "Afrikaans",
            "entity": "lang-to"
          }
        ],
        "text": "translate to come home tonight in Afrikaans"
      },
      {
        "intent": "translate.text",
        "entities": [
          {
            "start": 29,
            "end": 39,
            "value": "tu es beau",
            "entity": "text"
          },
          {
            "start": 45,
            "end": 51,
            "value": "French",
            "entity": "lang-from"
          }
        ],
        "text": "I also need a translation of tu es beau from French"
      },
      {
        "intent": "translate.text",
        "entities": [
          {
            "start": 10,
            "end": 26,
            "value": "now I'm going on",
            "entity": "text"
          }
        ],
        "text": "translate now I'm going on"
      },
      {
        "intent": "translate.text",
        "entities": [
          {
            "start": 15,
            "end": 23,
            "value": "Tigrinya",
            "entity": "lang-from"
          },
          {
            "start": 29,
            "end": 35,
            "value": "Breton",
            "entity": "lang-to"
          }
        ],
        "text": "translate from Tigrinya into Breton language"
      },
      {
        "intent": "translate.text",
        "entities": [
          {
            "start": 10,
            "end": 13,
            "value": "cat",
            "entity": "text"
          },
          {
            "start": 17,
            "end": 23,
            "value": "German",
            "entity": "lang-to"
          },
          {
            "start": 29,
            "end": 37,
            "value": "Croatian",
            "entity": "lang-from"
          }
        ],
        "text": "translate cat to German from Croatian"
      },
      {
        "intent": "translate.text",
        "text": "could you translate a word"
      },
      {
        "intent": "translate.text",
        "entities": [
          {
            "start": 11,
            "end": 17,
            "value": "German",
            "entity": "lang-to"
          },
          {
            "start": 27,
            "end": 36,
            "value": "breakfast",
            "entity": "text"
          }
        ],
        "text": "what's the German word for breakfast"
      },
      {
        "intent": "translate.text",
        "entities": [
          {
            "start": 10,
            "end": 17,
            "value": "ceiling",
            "entity": "text"
          },
          {
            "start": 21,
            "end": 27,
            "value": "Hebrew",
            "entity": "lang-to"
          }
        ],
        "text": "translate ceiling to Hebrew"
      },
      {
        "intent": "translate.text",
        "entities": [
          {
            "start": 23,
            "end": 30,
            "value": "English",
            "entity": "lang-to"
          }
        ],
        "text": "can you translate into English"
      },
      {
        "intent": "translate.text",
        "entities": [
          {
            "start": 15,
            "end": 21,
            "value": "French",
            "entity": "lang-to"
          }
        ],
        "text": "translate into French"
      },
      {
        "intent": "translate.text",
        "entities": [
          {
            "start": 29,
            "end": 36,
            "value": "Italian",
            "entity": "lang-from"
          }
        ],
        "text": "now I want to translate from Italian"
      },
      {
        "intent": "translate.text",
        "entities": [
          {
            "start": 10,
            "end": 12,
            "value": "hi",
            "entity": "text"
          },
          {
            "start": 18,
            "end": 25,
            "value": "Spanish",
            "entity": "lang-to"
          }
        ],
        "text": "translate hi into Spanish"
      },
      {
        "intent": "translate.text",
        "entities": [
          {
            "start": 7,
            "end": 28,
            "value": "hello what a good day",
            "entity": "text"
          },
          {
            "start": 32,
            "end": 38,
            "value": "German",
            "entity": "lang-to"
          }
        ],
        "text": "what's hello what a good day in German"
      },
      {
        "intent": "translate.text",
        "entities": [
          {
            "start": 0,
            "end": 10,
            "value": "I like you",
            "entity": "text"
          },
          {
            "start": 14,
            "end": 20,
            "value": "French",
            "entity": "lang-to"
          }
        ],
        "text": "I like you in French"
      },
      {
        "intent": "translate.text",
        "text": "translation"
      },
      {
        "intent": "translate.text",
        "entities": [
          {
            "start": 10,
            "end": 15,
            "value": "party",
            "entity": "text"
          },
          {
            "start": 21,
            "end": 28,
            "value": "Spanish",
            "entity": "lang-to"
          }
        ],
        "text": "translate party into Spanish"
      },
      {
        "intent": "translate.text",
        "entities": [
          {
            "start": 7,
            "end": 15,
            "value": "terrific",
            "entity": "text"
          },
          {
            "start": 19,
            "end": 25,
            "value": "German",
            "entity": "lang-to"
          }
        ],
        "text": "what's terrific in German"
      },
      {
        "intent": "translate.text",
        "entities": [
          {
            "start": 15,
            "end": 25,
            "value": "trabajador",
            "entity": "text"
          },
          {
            "start": 31,
            "end": 38,
            "value": "English",
            "entity": "lang-to"
          }
        ],
        "text": "translate word trabajador into English"
      },
      {
        "intent": "translate.text",
        "entities": [
          {
            "start": 15,
            "end": 22,
            "value": "Spanish",
            "entity": "lang-from"
          }
        ],
        "text": "translate from Spanish"
      },
      {
        "intent": "translate.text",
        "text": "translate a phrase"
      },
      {
        "intent": "translate.text",
        "entities": [
          {
            "start": 13,
            "end": 20,
            "value": "Spanish",
            "entity": "lang-to"
          },
          {
            "start": 21,
            "end": 41,
            "value": "will never be rivals",
            "entity": "text"
          }
        ],
        "text": "translate to Spanish will never be rivals"
      }
    ],
    "regex_features": [],
    "entity_synonyms": []
  }
}