[
  {
    "id": "beb21547-7280-4abd-9d69-11dcb42fc27e",
    "data": [
      {
        "text": "你的应用程序怎么叫",
        "userDefined": false
      }
    ],
    "isTemplate": false,
    "count": 1,
    "updated": 0
  },
  {
    "id": "0e422050-b11f-4e4e-a362-35798decfbe9",
    "data": [
      {
        "text": "我想知道您的应用程序的名称",
        "userDefined": false
      }
    ],
    "isTemplate": false,
    "count": 0,
    "updated": 0
  },
  {
    "id": "84d9549f-99cd-41e9-a4e0-5f060f85e0ae",
    "data": [
      {
        "text": "应用程式的名称是什么",
        "userDefined": false
      }
    ],
    "isTemplate": false,
    "count": 0,
    "updated": 0
  },
  {
    "id": "d0346364-de1a-47d9-bc11-9291254957c0",
    "data": [
      {
        "text": "我怎么知道您的应用程序的名称",
        "userDefined": false
      }
    ],
    "isTemplate": false,
    "count": 1,
    "updated": 0
  },
  {
    "id": "e879ec9c-dbf6-44c3-b78a-fd8f44228dab",
    "data": [
      {
        "text": "应用程式名称",
        "userDefined": false
      }
    ],
    "isTemplate": false,
    "count": 0,
    "updated": 0
  },
  {
    "id": "3cbeeae1-db4d-43cb-9f00-e6b98d10887f",
    "data": [
      {
        "text": "你的应用程序名称是什么",
        "userDefined": false
      }
    ],
    "isTemplate": false,
    "count": 0,
    "updated": 0
  },
  {
    "id": "b70a7ef9-8a24-4472-be50-9da4e220076f",
    "data": [
      {
        "text": "告诉我你的应用程序名称",
        "userDefined": false
      }
    ],
    "isTemplate": false,
    "count": 1,
    "updated": 0
  },
  {
    "id": "c0fb8d48-784e-4ce3-ba2f-da3c48143b23",
    "data": [
      {
        "text": "你的应用程序的名称是什么",
        "userDefined": false
      }
    ],
    "isTemplate": false,
    "count": 0,
    "updated": 0
  },
  {
    "id": "ead51cbf-7b68-4a43-82bc-7470bb2b59ca",
    "data": [
      {
        "text": "你程序的",
        "userDefined": false
      },
      {
        "text": "名字",
        "meta": "@sys.ignore",
        "userDefined": true
      }
    ],
    "isTemplate": false,
    "count": 0,
    "updated": 0
  },
  {
    "id": "e74edcda-023f-45d6-80d0-a131d6203ae4",
    "data": [
      {
        "text": "程序的",
        "userDefined": false
      },
      {
        "text": "名字",
        "meta": "@sys.ignore",
        "userDefined": true
      }
    ],
    "isTemplate": false,
    "count": 0,
    "updated": 0
  },
  {
    "id": "da0bbb93-824b-47b1-82ee-0486c6c4b62f",
    "data": [
      {
        "text": "程序",
        "userDefined": false
      },
      {
        "text": "名字",
        "meta": "@sys.ignore",
        "userDefined": true
      }
    ],
    "isTemplate": false,
    "count": 0,
    "updated": 0
  }
]