[
  {
    "id": "600dfede-6c03-4a94-90ed-f50ef9542852",
    "data": [
      {
        "text": "还",
        "userDefined": false
      },
      {
        "text": "我爱你",
        "alias": "message",
        "meta": "@sys.any",
        "userDefined": true
      }
    ],
    "isTemplate": false,
    "count": 0,
    "updated": 0
  },
  {
    "id": "36224ca4-c14b-4c3d-8934-c0b4b07f71d4",
    "data": [
      {
        "text": "并且",
        "userDefined": false
      },
      {
        "text": "麦克风故障",
        "alias": "message",
        "meta": "@sys.any",
        "userDefined": true
      }
    ],
    "isTemplate": false,
    "count": 0,
    "updated": 0
  },
  {
    "id": "383ad5e3-18d6-4d84-b291-9a6d627207d1",
    "data": [
      {
        "text": "关",
        "meta": "@sys.ignore",
        "userDefined": true
      },
      {
        "text": "于",
        "userDefined": false
      },
      {
        "text": "麦克风故障",
        "alias": "message",
        "meta": "@sys.any",
        "userDefined": true
      }
    ],
    "isTemplate": false,
    "count": 0,
    "updated": 0
  },
  {
    "id": "cee00b43-4382-4d23-a578-1ce866e9fe49",
    "data": [
      {
        "text": "并",
        "userDefined": false
      },
      {
        "text": "麦克风故障",
        "alias": "message",
        "meta": "@sys.any",
        "userDefined": true
      }
    ],
    "isTemplate": false,
    "count": 0,
    "updated": 0
  },
  {
    "id": "4fb3f2c0-246b-4666-afd1-bc7897455a07",
    "data": [
      {
        "text": "现在",
        "userDefined": false
      },
      {
        "text": "语音识别也不准确",
        "alias": "message",
        "meta": "@sys.any",
        "userDefined": true
      }
    ],
    "isTemplate": false,
    "count": 0,
    "updated": 0
  },
  {
    "id": "773d18a3-3504-4e8f-9e03-eadf2e8a769c",
    "data": [
      {
        "text": "现在还一个问题",
        "userDefined": false
      }
    ],
    "isTemplate": false,
    "count": 0,
    "updated": 0
  },
  {
    "id": "9ff05d2d-6a28-40fb-8951-5a316235f91b",
    "data": [
      {
        "text": "现在还",
        "userDefined": false
      },
      {
        "text": "很难让他了解我说的话",
        "alias": "message",
        "meta": "@sys.any",
        "userDefined": true
      }
    ],
    "isTemplate": false,
    "count": 0,
    "updated": 0
  },
  {
    "id": "12bb478a-80df-491b-b432-91795d5d5dc7",
    "data": [
      {
        "text": "并",
        "userDefined": false
      },
      {
        "text": "我有问题",
        "alias": "message",
        "meta": "@sys.any",
        "userDefined": true
      }
    ],
    "isTemplate": false,
    "count": 0,
    "updated": 0
  }
]