{
  "id": "5edf3c60-e45c-489d-8257-148023f72fab",
  "name": "support.contacts - context:support-contacts - comment:website",
  "auto": true,
  "contexts": [
    "support-contacts"
  ],
  "responses": [
    {
      "resetContexts": true,
      "action": "support.contacts.website",
      "affectedContexts": [
        {
          "name": "support-contacts",
          "parameters": {},
          "lifespan": 5
        }
      ],
      "parameters": [],
      "defaultResponsePlatforms": {},
      "speech": []
    }
  ],
  "priority": 500000,
  "webhookUsed": false,
  "webhookForSlotFilling": false,
  "lastUpdate": 1493720700095,
  "fallbackIntent": false,
  "events": []
}