[
  {
    "id": "41f53346-4dcd-4cf0-bfc9-801fdfc7548b",
    "data": [
      {
        "text": "你",
        "userDefined": false
      },
      {
        "text": "的",
        "meta": "@sys.ignore",
        "userDefined": false
      },
      {
        "text": "开发",
        "meta": "@sys.ignore",
        "userDefined": false
      },
      {
        "text": "人员",
        "userDefined": false
      },
      {
        "text": "的地址",
        "meta": "@sys.ignore",
        "userDefined": false
      }
    ],
    "isTemplate": false,
    "count": 0,
    "updated": 0
  },
  {
    "id": "6899fc93-ec2f-456d-8d17-481947be2c2a",
    "data": [
      {
        "text": "你",
        "userDefined": false
      },
      {
        "text": "的",
        "meta": "@sys.ignore",
        "userDefined": false
      },
      {
        "text": "开发",
        "meta": "@sys.ignore",
        "userDefined": false
      },
      {
        "text": "人员住在哪儿",
        "userDefined": false
      }
    ],
    "isTemplate": false,
    "count": 0,
    "updated": 0
  },
  {
    "id": "7b43635e-aadc-4122-85f4-fbc26848cb87",
    "data": [
      {
        "text": "给我你的开发者的地址",
        "userDefined": false
      }
    ],
    "isTemplate": false,
    "count": 0,
    "updated": 0
  },
  {
    "id": "d7d7c0ce-5d07-4da1-b48b-700edfa9837e",
    "data": [
      {
        "text": "我需要你的公司地址",
        "userDefined": false
      }
    ],
    "isTemplate": false,
    "count": 0,
    "updated": 0
  },
  {
    "id": "e640bfa8-d3d0-422e-83bc-95548fc7c709",
    "data": [
      {
        "text": "在哪里可以找到你公司的地址",
        "userDefined": false
      }
    ],
    "isTemplate": false,
    "count": 0,
    "updated": 0
  },
  {
    "id": "38e6a9a5-866f-4040-8c3b-2c3da137ee84",
    "data": [
      {
        "text": "我想知道你公司的主要办公室在哪里",
        "userDefined": false
      }
    ],
    "isTemplate": false,
    "count": 0,
    "updated": 0
  },
  {
    "id": "887c5c8f-95ca-41c8-acbc-d0baab87c416",
    "data": [
      {
        "text": "你能给我你的开发者地址吗",
        "userDefined": false
      }
    ],
    "isTemplate": false,
    "count": 0,
    "updated": 0
  },
  {
    "id": "b2bc9b13-e8ca-4374-a54d-4b4dce8c7f30",
    "data": [
      {
        "text": "向我提供开发人员的地址",
        "userDefined": false
      }
    ],
    "isTemplate": false,
    "count": 0,
    "updated": 0
  },
  {
    "id": "abe6d9d3-a577-4dfe-ad71-6bbcc5a9fc68",
    "data": [
      {
        "text": "你的开发人员在哪里工作",
        "userDefined": false
      }
    ],
    "isTemplate": false,
    "count": 0,
    "updated": 0
  },
  {
    "id": "ca21c7d0-1033-4481-8f6a-5fcad084c02b",
    "data": [
      {
        "text": "告诉我你的开发者地址",
        "userDefined": false
      }
    ],
    "isTemplate": false,
    "count": 0,
    "updated": 0
  },
  {
    "id": "c252cdaa-4d9f-4df3-84dc-669d80548efc",
    "data": [
      {
        "text": "告诉我你的开发人员的办公室在哪里",
        "userDefined": false
      }
    ],
    "isTemplate": false,
    "count": 0,
    "updated": 0
  },
  {
    "id": "8688e440-6c4e-4909-8abf-977835f7f1fd",
    "data": [
      {
        "text": "你的开发者办公室的地址",
        "userDefined": false
      }
    ],
    "isTemplate": false,
    "count": 0,
    "updated": 0
  },
  {
    "id": "35b96c3d-94af-440d-b3d3-2a649a0ac46c",
    "data": [
      {
        "text": "你的开发者的地址是什么",
        "userDefined": false
      }
    ],
    "isTemplate": false,
    "count": 0,
    "updated": 0
  },
  {
    "id": "3d25de9c-7773-4051-9853-fc78288f9da6",
    "data": [
      {
        "text": "你的开发者的地址",
        "userDefined": false
      }
    ],
    "isTemplate": false,
    "count": 0,
    "updated": 0
  },
  {
    "id": "6de56d80-8aff-4ab2-a800-d3e007c6d79f",
    "data": [
      {
        "text": "你公司在哪里",
        "userDefined": false
      }
    ],
    "isTemplate": false,
    "count": 0,
    "updated": 0
  },
  {
    "id": "586dbb67-fe43-4877-b672-d73f16c528cc",
    "data": [
      {
        "text": "你的开发人员住在哪里",
        "userDefined": false
      }
    ],
    "isTemplate": false,
    "count": 0,
    "updated": 0
  },
  {
    "id": "0ec33401-3280-4ab1-b45d-a4ce0249b5ff",
    "data": [
      {
        "text": "你的创作者在哪里",
        "userDefined": false
      }
    ],
    "isTemplate": false,
    "count": 0,
    "updated": 0
  },
  {
    "id": "a753db9a-88a2-4d9e-b8ec-0ebf40d0a327",
    "data": [
      {
        "text": "你的开发人员在哪里",
        "userDefined": false
      }
    ],
    "isTemplate": false,
    "count": 0,
    "updated": 0
  },
  {
    "id": "d6227a36-21ba-479e-899b-24189c639a0b",
    "data": [
      {
        "text": "您的开发人员的位置",
        "userDefined": false
      }
    ],
    "isTemplate": false,
    "count": 0,
    "updated": 0
  }
]