[
  {
    "id": "7eaea749-4c66-469d-97ee-b113754eb6d0",
    "data": [
      {
        "text": "添加",
        "userDefined": false
      },
      {
        "text": "不能脱机工作",
        "alias": "message",
        "meta": "@sys.any",
        "userDefined": true
      }
    ],
    "isTemplate": false,
    "count": 0,
    "updated": 0
  },
  {
    "id": "f244228b-c708-413c-820c-dad1594c55af",
    "data": [
      {
        "text": "并且",
        "userDefined": false
      },
      {
        "text": "来电显示不工作",
        "alias": "message",
        "meta": "@sys.any",
        "userDefined": true
      }
    ],
    "isTemplate": false,
    "count": 0,
    "updated": 0
  },
  {
    "id": "aff350ee-4cdf-4215-a1e8-47f4eea69855",
    "data": [
      {
        "text": "麦克风",
        "alias": "message",
        "meta": "@sys.any",
        "userDefined": true
      },
      {
        "text": "也不行",
        "userDefined": false
      }
    ],
    "isTemplate": false,
    "count": 0,
    "updated": 0
  },
  {
    "id": "c2be1b24-7b8e-4ec2-acec-f266acd79ac9",
    "data": [
      {
        "text": "还有",
        "userDefined": false
      },
      {
        "text": "麦克风问题",
        "alias": "message",
        "meta": "@sys.any",
        "userDefined": true
      }
    ],
    "isTemplate": false,
    "count": 0,
    "updated": 0
  },
  {
    "id": "9bca345a-fc6f-485b-b714-ef4405c81d52",
    "data": [
      {
        "text": "和",
        "userDefined": false
      },
      {
        "text": "麦克风问题",
        "alias": "message",
        "meta": "@sys.any",
        "userDefined": true
      }
    ],
    "isTemplate": false,
    "count": 0,
    "updated": 0
  },
  {
    "id": "a92329ca-83e4-474a-a57e-5869b5673e0b",
    "data": [
      {
        "text": "并且",
        "userDefined": false
      },
      {
        "text": "没有离线模式",
        "alias": "message",
        "meta": "@sys.any",
        "userDefined": true
      }
    ],
    "isTemplate": false,
    "count": 0,
    "updated": 0
  },
  {
    "id": "b040acfb-f484-456d-b375-15cd33c563a6",
    "data": [
      {
        "text": "补充说",
        "userDefined": false
      },
      {
        "text": "我需要一个离线模式",
        "alias": "message",
        "meta": "@sys.any",
        "userDefined": true
      }
    ],
    "isTemplate": false,
    "count": 0,
    "updated": 0
  },
  {
    "id": "654237fc-409b-4b2f-8711-6603f1afe6b9",
    "data": [
      {
        "text": "而且",
        "userDefined": false
      },
      {
        "text": "你只能在线工作",
        "alias": "message",
        "meta": "@sys.any",
        "userDefined": true
      }
    ],
    "isTemplate": false,
    "count": 0,
    "updated": 0
  },
  {
    "id": "9850b5cd-5ea8-417c-9aca-7fdd167e22a7",
    "data": [
      {
        "text": "麦克风也不起作用",
        "userDefined": false
      }
    ],
    "isTemplate": false,
    "count": 0,
    "updated": 0
  },
  {
    "id": "6e75838c-d81a-483c-8bb5-4aed40b8c721",
    "data": [
      {
        "text": "并且",
        "userDefined": false
      },
      {
        "text": "我有问题",
        "meta": "@sys.ignore",
        "userDefined": true
      }
    ],
    "isTemplate": false,
    "count": 0,
    "updated": 0
  }
]