{
  "id": "449f3b30-7c62-433f-a368-749ef2bd6ebe",
  "name": "support.contacts.website",
  "auto": true,
  "contexts": [],
  "responses": [
    {
      "resetContexts": false,
      "action": "support.contacts.website",
      "affectedContexts": [
        {
          "name": "support-contacts",
          "parameters": {},
          "lifespan": 5
        }
      ],
      "parameters": [],
      "defaultResponsePlatforms": {},
      "speech": []
    }
  ],
  "priority": 500000,
  "webhookUsed": false,
  "webhookForSlotFilling": false,
  "lastUpdate": 1493720700146,
  "fallbackIntent": false,
  "events": []
}