[
  {
    "id": "77c3fad7-e911-4d69-b4fe-46617451e906",
    "data": [
      {
        "text": "我想加入 Beta 版测试组",
        "userDefined": false
      }
    ],
    "isTemplate": false,
    "count": 0,
    "updated": 0
  },
  {
    "id": "b37b3e95-ac28-481a-90e5-c7fb4ebeac44",
    "data": [
      {
        "text": "显示您的测试版本",
        "userDefined": false
      }
    ],
    "isTemplate": false,
    "count": 0,
    "updated": 0
  },
  {
    "id": "d759946b-f952-445f-8fcc-ca99c3f6853c",
    "data": [
      {
        "text": "你有测试版本吗",
        "userDefined": false
      }
    ],
    "isTemplate": false,
    "count": 0,
    "updated": 0
  },
  {
    "id": "1247a6b5-21cc-4a7e-b7be-269e357f956d",
    "data": [
      {
        "text": "你的测试版",
        "userDefined": false
      }
    ],
    "isTemplate": false,
    "count": 0,
    "updated": 0
  },
  {
    "id": "584c6dff-4f1a-45c5-9c02-56782ed462a0",
    "data": [
      {
        "text": "关于测试版",
        "userDefined": false
      }
    ],
    "isTemplate": false,
    "count": 0,
    "updated": 0
  },
  {
    "id": "964bb6b7-ed14-4687-9771-6ba5cd35fa90",
    "data": [
      {
        "text": "你有测试版吗",
        "userDefined": false
      }
    ],
    "isTemplate": false,
    "count": 0,
    "updated": 0
  },
  {
    "id": "a76ecd74-7323-448f-98b4-f0af3b63ab4a",
    "data": [
      {
        "text": "你有没有测试版",
        "userDefined": false
      }
    ],
    "isTemplate": false,
    "count": 0,
    "updated": 0
  },
  {
    "id": "8f433e68-ab5f-4c29-9872-322149ab97ed",
    "data": [
      {
        "text": "你有这测试版吗",
        "userDefined": false
      }
    ],
    "isTemplate": false,
    "count": 0,
    "updated": 0
  },
  {
    "id": "524b7a1e-342c-42e4-b976-4766c32c712e",
    "data": [
      {
        "text": "如何下载你的测试版",
        "userDefined": false
      }
    ],
    "isTemplate": false,
    "count": 0,
    "updated": 0
  },
  {
    "id": "e71d73ae-2c43-464b-b517-a6d22aa24a05",
    "data": [
      {
        "text": "你的测试版在哪里",
        "userDefined": false
      }
    ],
    "isTemplate": false,
    "count": 0,
    "updated": 0
  },
  {
    "id": "f7db8807-66f4-4784-b6a0-500ace2d731c",
    "data": [
      {
        "text": "下载捏的测试版",
        "userDefined": false
      }
    ],
    "isTemplate": false,
    "count": 0,
    "updated": 0
  },
  {
    "id": "d66cb8f5-0000-4c63-be35-fc424ef287e0",
    "data": [
      {
        "text": "在哪里可以找到你的测试版本",
        "userDefined": false
      }
    ],
    "isTemplate": false,
    "count": 0,
    "updated": 0
  },
  {
    "id": "40db576b-1ee2-4bc1-8964-91cf42d01475",
    "data": [
      {
        "text": "我想测试你的测试版本",
        "userDefined": false
      }
    ],
    "isTemplate": false,
    "count": 0,
    "updated": 0
  },
  {
    "id": "1a17fec4-cf12-4c2a-8096-3b89fafe3b28",
    "data": [
      {
        "text": "搜索您的测试版本",
        "userDefined": false
      }
    ],
    "isTemplate": false,
    "count": 0,
    "updated": 0
  },
  {
    "id": "9462430e-59a9-4e05-936c-4e4fe71e3da3",
    "data": [
      {
        "text": "你的测试版本",
        "userDefined": false
      }
    ],
    "isTemplate": false,
    "count": 0,
    "updated": 0
  },
  {
    "id": "5460019f-644a-4f1f-b75e-99283c3131ef",
    "data": [
      {
        "text": "测试版本的应用程序",
        "userDefined": false
      }
    ],
    "isTemplate": false,
    "count": 0,
    "updated": 0
  },
  {
    "id": "bd091815-6009-4bc0-b7c0-70063f099cf6",
    "data": [
      {
        "text": "测试版本",
        "userDefined": false
      }
    ],
    "isTemplate": false,
    "count": 0,
    "updated": 0
  },
  {
    "id": "9af582b1-6fbb-463f-a330-0f2abb788174",
    "data": [
      {
        "text": "我想成为您的测试人员",
        "userDefined": false
      }
    ],
    "isTemplate": false,
    "count": 0,
    "updated": 0
  },
  {
    "id": "8b07d855-990d-4fb5-9561-08e7751f43fb",
    "data": [
      {
        "text": "搜索你的测试版",
        "userDefined": false
      }
    ],
    "isTemplate": false,
    "count": 0,
    "updated": 0
  },
  {
    "id": "d2fcde64-a959-485c-b732-656162cea5f5",
    "data": [
      {
        "text": "显示你的测试版",
        "userDefined": false
      }
    ],
    "isTemplate": false,
    "count": 0,
    "updated": 0
  },
  {
    "id": "c6eff4df-536f-4560-8171-c4747d39bfa4",
    "data": [
      {
        "text": "参加你的测试版",
        "userDefined": false
      }
    ],
    "isTemplate": false,
    "count": 0,
    "updated": 0
  },
  {
    "id": "7f069759-8986-4b87-ab83-3daeaeac2b5b",
    "data": [
      {
        "text": "我想参加你的测试版",
        "userDefined": false
      }
    ],
    "isTemplate": false,
    "count": 0,
    "updated": 0
  }
]