[
  {
    "id": "246c6253-4fdf-490e-a965-129ce669eaec",
    "data": [
      {
        "text": "报告错误：",
        "userDefined": false
      },
      {
        "text": "无法正常运行",
        "alias": "message",
        "meta": "@sys.any",
        "userDefined": true
      }
    ],
    "isTemplate": false,
    "count": 0,
    "updated": 0
  },
  {
    "id": "5f324ebf-df9e-4cb7-8329-a7c64a632676",
    "data": [
      {
        "text": "报告错误",
        "userDefined": false
      }
    ],
    "isTemplate": false,
    "count": 1,
    "updated": 0
  },
  {
    "id": "4e0b3d07-10a1-40bc-ac40-ee7aa928b3e9",
    "data": [
      {
        "text": "报告",
        "userDefined": false
      },
      {
        "text": "我有问题",
        "alias": "message",
        "meta": "@sys.any",
        "userDefined": true
      }
    ],
    "isTemplate": false,
    "count": 0,
    "updated": 0
  },
  {
    "id": "48db506f-d902-4744-ba21-8264f75f6592",
    "data": [
      {
        "text": "向你的开发人员发送错误报告",
        "userDefined": false
      },
      {
        "text": "语音激活不起作用",
        "alias": "message",
        "meta": "@sys.any",
        "userDefined": true
      }
    ],
    "isTemplate": false,
    "count": 0,
    "updated": 0
  },
  {
    "id": "6c25ac90-722f-43c1-b38f-f0f10574215b",
    "data": [
      {
        "text": "你能帮我解决问题吗",
        "userDefined": false
      }
    ],
    "isTemplate": false,
    "count": 0,
    "updated": 0
  },
  {
    "id": "de5672d1-6474-4a33-8f5f-c4bda3bfdf01",
    "data": [
      {
        "text": "发送错误报告",
        "userDefined": false
      }
    ],
    "isTemplate": false,
    "count": 0,
    "updated": 0
  },
  {
    "id": "97cc7cfa-1f43-48fd-9262-ade4005ef7fd",
    "data": [
      {
        "text": "我有",
        "userDefined": false
      },
      {
        "text": "麦克风",
        "alias": "message",
        "meta": "@sys.any",
        "userDefined": true
      },
      {
        "text": "的问题",
        "userDefined": false
      }
    ],
    "isTemplate": false,
    "count": 0,
    "updated": 0
  },
  {
    "id": "0a0fe0d2-3400-46a5-bf90-f5f871a35f45",
    "data": [
      {
        "text": "你犯了很多错误",
        "userDefined": false
      }
    ],
    "isTemplate": false,
    "count": 0,
    "updated": 0
  },
  {
    "id": "eb2dca09-5b83-464a-a73b-8ac45435e864",
    "data": [
      {
        "text": "告诉你的开发者有个臭虫",
        "userDefined": false
      }
    ],
    "isTemplate": false,
    "count": 0,
    "updated": 0
  },
  {
    "id": "41fc909c-440c-4034-b289-131ebb23b7d8",
    "data": [
      {
        "text": "我想向你的开发人员显示错误",
        "userDefined": false
      }
    ],
    "isTemplate": false,
    "count": 0,
    "updated": 0
  },
  {
    "id": "398413ce-72fb-49d8-9f95-2c05b7fc40e7",
    "data": [
      {
        "text": "我有关于你的问题",
        "userDefined": false
      }
    ],
    "isTemplate": false,
    "count": 0,
    "updated": 0
  },
  {
    "id": "250737ac-7cd1-4d3c-b17e-66f2da890ce5",
    "data": [
      {
        "text": "你理解了我的问题没有",
        "userDefined": false
      }
    ],
    "isTemplate": false,
    "count": 0,
    "updated": 0
  },
  {
    "id": "1840147f-9bf1-4870-9d28-8ee3a1ab8bde",
    "data": [
      {
        "text": "我需要报告一个错误",
        "userDefined": false
      }
    ],
    "isTemplate": false,
    "count": 0,
    "updated": 0
  },
  {
    "id": "c88dd551-c4dd-4893-ad2c-703fc1e94c20",
    "data": [
      {
        "text": "告诉开发人员我有了关错误",
        "userDefined": false
      }
    ],
    "isTemplate": false,
    "count": 0,
    "updated": 0
  },
  {
    "id": "7a1fecca-e973-4926-9e4d-c6c6e66321b1",
    "data": [
      {
        "text": "将错误信息发送给开发人员",
        "userDefined": false
      }
    ],
    "isTemplate": false,
    "count": 0,
    "updated": 0
  },
  {
    "id": "d908b2b7-5d97-4386-b258-9333307a687c",
    "data": [
      {
        "text": "我发现了错误",
        "userDefined": false
      }
    ],
    "isTemplate": false,
    "count": 0,
    "updated": 0
  },
  {
    "id": "34282201-6bc0-4ecf-a6d1-f6b70495d326",
    "data": [
      {
        "text": "发送有关你的问题的报告",
        "userDefined": false
      }
    ],
    "isTemplate": false,
    "count": 0,
    "updated": 0
  },
  {
    "id": "6b4dac7c-4fd3-4adc-b318-c02a14e3e752",
    "data": [
      {
        "text": "告诉你的开发者他们应该解决这个问题",
        "userDefined": false
      }
    ],
    "isTemplate": false,
    "count": 0,
    "updated": 0
  },
  {
    "id": "8284709b-6b4d-4180-ac35-078443477860",
    "data": [
      {
        "text": "告诉你的开发者他们应该修复错误",
        "userDefined": false
      }
    ],
    "isTemplate": false,
    "count": 0,
    "updated": 0
  },
  {
    "id": "c8fb481f-b800-4901-8a55-da1270ecfbfe",
    "data": [
      {
        "text": "向你的创建者发送错误报告",
        "userDefined": false
      }
    ],
    "isTemplate": false,
    "count": 0,
    "updated": 0
  },
  {
    "id": "4b15aa03-a881-4a6f-b208-c2f653b470f2",
    "data": [
      {
        "text": "向开发人员报告错误",
        "userDefined": false
      }
    ],
    "isTemplate": false,
    "count": 0,
    "updated": 0
  },
  {
    "id": "aafd2266-c30c-4e5e-b104-4eb61b535bb9",
    "data": [
      {
        "text": "告诉你的开发员",
        "userDefined": false
      },
      {
        "text": "我有麦克风的问题",
        "alias": "message",
        "meta": "@sys.any",
        "userDefined": true
      }
    ],
    "isTemplate": false,
    "count": 0,
    "updated": 0
  },
  {
    "id": "2a7e9e14-f037-41f4-87a9-40f88e9d23e0",
    "data": [
      {
        "text": "我需要报告一下我发现的问题",
        "userDefined": false
      }
    ],
    "isTemplate": false,
    "count": 0,
    "updated": 0
  },
  {
    "id": "e24ecc08-8a75-46cb-a98e-6242c4ee1dd0",
    "data": [
      {
        "text": "向你的开发人员发送问题报告",
        "userDefined": false
      }
    ],
    "isTemplate": false,
    "count": 0,
    "updated": 0
  },
  {
    "id": "a2777b82-db7f-44e0-95fd-0dc9a7652973",
    "data": [
      {
        "text": "向开发人员发送问题报告",
        "userDefined": false
      }
    ],
    "isTemplate": false,
    "count": 0,
    "updated": 0
  },
  {
    "id": "85c990da-1f93-41b6-b0f0-f23ab73735ba",
    "data": [
      {
        "text": "有了一个臭虫",
        "userDefined": false
      }
    ],
    "isTemplate": false,
    "count": 0,
    "updated": 0
  },
  {
    "id": "bdd1a926-4bb9-497d-b590-8b338537f81f",
    "data": [
      {
        "text": "告诉你的开发者他们应该修复你",
        "userDefined": false
      }
    ],
    "isTemplate": false,
    "count": 0,
    "updated": 0
  },
  {
    "id": "b8af2c30-696d-40a9-a394-fca417c0544f",
    "data": [
      {
        "text": "我需要报告你的错误",
        "userDefined": false
      }
    ],
    "isTemplate": false,
    "count": 0,
    "updated": 0
  },
  {
    "id": "b6d9f3c6-9b5d-4464-bc2f-2e913773b530",
    "data": [
      {
        "text": "你有臭虫",
        "userDefined": false
      }
    ],
    "isTemplate": false,
    "count": 0,
    "updated": 0
  }
]