[
  {
    "id": "ea284cfe-25ec-4b4b-a55e-636c225b1bbf",
    "data": [
      {
        "text": "电话",
        "meta": "@sys.ignore",
        "userDefined": false
      }
    ],
    "isTemplate": false,
    "count": 0,
    "updated": 0
  },
  {
    "id": "4f0f2fc3-88a1-4d76-abed-4a6bdd95f569",
    "data": [
      {
        "text": "他们",
        "userDefined": false
      },
      {
        "text": "的",
        "meta": "@sys.ignore",
        "userDefined": false
      },
      {
        "text": "电话",
        "meta": "@sys.ignore",
        "userDefined": false
      }
    ],
    "isTemplate": false,
    "count": 0,
    "updated": 0
  },
  {
    "id": "62e22cd5-c7eb-4887-a78a-bff4e10288cb",
    "data": [
      {
        "text": "还要电话号码",
        "userDefined": false
      }
    ],
    "isTemplate": false,
    "count": 0,
    "updated": 0
  },
  {
    "id": "92bef017-e2ad-4f0b-ace6-fe2911969376",
    "data": [
      {
        "text": "关于电话号码",
        "userDefined": false
      }
    ],
    "isTemplate": false,
    "count": 0,
    "updated": 0
  },
  {
    "id": "2b66538d-2f7a-49df-96a3-de55f8b630bc",
    "data": [
      {
        "text": "现在电话号码",
        "userDefined": false
      }
    ],
    "isTemplate": false,
    "count": 0,
    "updated": 0
  },
  {
    "id": "7287209d-f484-483b-89b7-e328c7422119",
    "data": [
      {
        "text": "我还要电话号码",
        "userDefined": false
      }
    ],
    "isTemplate": false,
    "count": 0,
    "updated": 0
  },
  {
    "id": "535a5668-4ea2-4f5b-89d8-8ce2b6df913d",
    "data": [
      {
        "text": "会不会电话号码",
        "userDefined": false
      }
    ],
    "isTemplate": false,
    "count": 0,
    "updated": 0
  },
  {
    "id": "d384bf17-9e90-4435-b465-355047b67a88",
    "data": [
      {
        "text": "怎么能电话号码",
        "userDefined": false
      }
    ],
    "isTemplate": false,
    "count": 0,
    "updated": 0
  },
  {
    "id": "dac3083c-09c8-4b02-9be8-56cd70bc0ad6",
    "data": [
      {
        "text": "能不能电话号码",
        "userDefined": false
      }
    ],
    "isTemplate": false,
    "count": 0,
    "updated": 0
  },
  {
    "id": "d3d33d56-99c8-468e-b9ae-82d59dfcbab0",
    "data": [
      {
        "text": "还能不能电话号码",
        "userDefined": false
      }
    ],
    "isTemplate": false,
    "count": 0,
    "updated": 0
  },
  {
    "id": "3234ce0c-64ae-469a-b280-613fb1a868a4",
    "data": [
      {
        "text": "还需要电话号码",
        "userDefined": false
      }
    ],
    "isTemplate": false,
    "count": 0,
    "updated": 0
  },
  {
    "id": "89dd9c0d-f25f-4a75-9ace-19530bd95f76",
    "data": [
      {
        "text": "我还很想电话号码",
        "userDefined": false
      }
    ],
    "isTemplate": false,
    "count": 0,
    "updated": 0
  }
]