{
  "id": "08298dc1-7230-44cc-a944-7a621d74b098",
  "name": "support.contacts - context:support-contacts - comment:phone",
  "auto": true,
  "contexts": [
    "support-contacts"
  ],
  "responses": [
    {
      "resetContexts": true,
      "action": "support.contacts.phone",
      "affectedContexts": [
        {
          "name": "support-contacts",
          "parameters": {},
          "lifespan": 5
        }
      ],
      "parameters": [],
      "defaultResponsePlatforms": {},
      "speech": []
    }
  ],
  "priority": 500000,
  "webhookUsed": false,
  "webhookForSlotFilling": false,
  "lastUpdate": 1493720700090,
  "fallbackIntent": false,
  "events": []
}