[
  {
    "id": "96f2fbb6-97d2-4636-8da0-15853678115f",
    "data": [
      {
        "text": "给我介绍你公司的开发人员",
        "userDefined": false
      }
    ],
    "isTemplate": false,
    "count": 1,
    "updated": 0
  },
  {
    "id": "70b07826-7d0a-4688-b80c-4ffa5ba4e609",
    "data": [
      {
        "text": "请你给我介绍你公司的开发人员",
        "userDefined": false
      }
    ],
    "isTemplate": false,
    "count": 0,
    "updated": 0
  },
  {
    "id": "1ceafb70-e32d-4758-8992-1bf661b4881d",
    "data": [
      {
        "text": "我需要了解贵公司的开发人员",
        "userDefined": false
      }
    ],
    "isTemplate": false,
    "count": 0,
    "updated": 0
  },
  {
    "id": "61f081a8-4a82-4602-b35f-17ce557d8914",
    "data": [
      {
        "text": "你的开发者有更多的应用程序",
        "userDefined": false
      }
    ],
    "isTemplate": false,
    "count": 0,
    "updated": 0
  },
  {
    "id": "a3ba9838-d061-468f-9d41-44a798a4a124",
    "data": [
      {
        "text": "你的公司团队在做什么工作",
        "userDefined": false
      }
    ],
    "isTemplate": false,
    "count": 0,
    "updated": 0
  },
  {
    "id": "f42b4ae6-3c37-435e-bceb-53ac5feedb78",
    "data": [
      {
        "text": "你们公司开发什么",
        "userDefined": false
      }
    ],
    "isTemplate": false,
    "count": 0,
    "updated": 0
  },
  {
    "id": "08be5cb6-69bc-4545-98d9-4734fd7aff49",
    "data": [
      {
        "text": "贵公司是否开发任何其他产品",
        "userDefined": false
      }
    ],
    "isTemplate": false,
    "count": 0,
    "updated": 0
  },
  {
    "id": "8e96ce6b-5dd4-4530-bc29-794f754a4251",
    "data": [
      {
        "text": "贵公司是否有更多的应用程式",
        "userDefined": false
      }
    ],
    "isTemplate": false,
    "count": 0,
    "updated": 0
  },
  {
    "id": "ff1520df-7663-44ad-8593-47295e5f9da8",
    "data": [
      {
        "text": "贵公司是否有其他产品",
        "userDefined": false
      }
    ],
    "isTemplate": false,
    "count": 0,
    "updated": 0
  },
  {
    "id": "05d7ebf3-86bb-46ea-9ea6-60a9d9c9253c",
    "data": [
      {
        "text": "你的开发人员还有什么",
        "userDefined": false
      }
    ],
    "isTemplate": false,
    "count": 0,
    "updated": 0
  },
  {
    "id": "636a391e-d804-4f70-b369-e23bc02cc2df",
    "data": [
      {
        "text": "开发人员有关的信息",
        "userDefined": false
      }
    ],
    "isTemplate": false,
    "count": 0,
    "updated": 0
  },
  {
    "id": "fa644147-3b2b-45ae-aeff-6eee7b5a2cbc",
    "data": [
      {
        "text": "你的开发人员创造别的东西吗",
        "userDefined": false
      }
    ],
    "isTemplate": false,
    "count": 0,
    "updated": 0
  },
  {
    "id": "a40e4709-ef58-4476-94d0-61e8b3faa1d8",
    "data": [
      {
        "text": "你的开发者做什么",
        "userDefined": false
      }
    ],
    "isTemplate": false,
    "count": 0,
    "updated": 0
  },
  {
    "id": "87837809-e232-43ce-b815-2b134f712da4",
    "data": [
      {
        "text": "你公司最畅销的产品是什么",
        "userDefined": false
      }
    ],
    "isTemplate": false,
    "count": 0,
    "updated": 0
  },
  {
    "id": "f89b3468-5ff4-468f-bf0f-a46069a72594",
    "data": [
      {
        "text": "给我介绍你",
        "userDefined": false
      },
      {
        "text": "的开发人员",
        "meta": "@sys.ignore",
        "userDefined": false
      }
    ],
    "isTemplate": false,
    "count": 0,
    "updated": 0
  },
  {
    "id": "d8bccdd6-4bdf-4233-bbe9-ca327a3d257d",
    "data": [
      {
        "text": "关于你的开发员",
        "userDefined": false
      }
    ],
    "isTemplate": false,
    "count": 0,
    "updated": 0
  },
  {
    "id": "117d52f8-ebdb-4a48-97f0-a1528f0ea355",
    "data": [
      {
        "text": "你的开发员是谁",
        "userDefined": false
      }
    ],
    "isTemplate": false,
    "count": 0,
    "updated": 0
  },
  {
    "id": "d4ddf277-7c4c-4132-9ab0-5484dc219b81",
    "data": [
      {
        "text": "你的开发员是什么人",
        "userDefined": false
      }
    ],
    "isTemplate": false,
    "count": 0,
    "updated": 0
  },
  {
    "id": "e58576b5-5722-4e4c-8202-6b65c19b8378",
    "data": [
      {
        "text": "你的开发员消息",
        "userDefined": false
      }
    ],
    "isTemplate": false,
    "count": 0,
    "updated": 0
  },
  {
    "id": "43361e6c-bed8-48d7-a0f4-d1257a55d7b9",
    "data": [
      {
        "text": "关于你的开发员消息",
        "userDefined": false
      }
    ],
    "isTemplate": false,
    "count": 0,
    "updated": 0
  }
]