[
  {
    "id": "a5dae8b8-3066-4248-9adf-15fff3d294bc",
    "data": [
      {
        "text": "他们的电子邮件",
        "userDefined": false
      }
    ],
    "isTemplate": false,
    "count": 0,
    "updated": 0
  },
  {
    "id": "b729ed6d-02fa-4719-aac1-de2437ff2111",
    "data": [
      {
        "text": "现在为了他们的电子邮件",
        "userDefined": false
      }
    ],
    "isTemplate": false,
    "count": 0,
    "updated": 0
  },
  {
    "id": "ef39b1b5-0318-4eff-8545-74a0ac52e115",
    "data": [
      {
        "text": "现在要他们的电子邮件",
        "userDefined": false
      }
    ],
    "isTemplate": false,
    "count": 0,
    "updated": 0
  },
  {
    "id": "1c6a6686-432a-46fe-8217-c4b9a649d9b8",
    "data": [
      {
        "text": "现在他们的电子邮件",
        "userDefined": false
      }
    ],
    "isTemplate": false,
    "count": 0,
    "updated": 0
  },
  {
    "id": "9b67c4f4-1d55-41bd-8bc0-ec449fda941a",
    "data": [
      {
        "text": "为了他们的电子邮件",
        "userDefined": false
      }
    ],
    "isTemplate": false,
    "count": 0,
    "updated": 0
  },
  {
    "id": "2ec11230-61f6-4d44-b8d0-87085cdb9dfc",
    "data": [
      {
        "text": "关于他们的电子邮件",
        "userDefined": false
      }
    ],
    "isTemplate": false,
    "count": 0,
    "updated": 0
  },
  {
    "id": "45590ed0-0b6b-4803-86db-09b7deaf0387",
    "data": [
      {
        "text": "在要他们的电子邮件",
        "userDefined": false
      }
    ],
    "isTemplate": false,
    "count": 0,
    "updated": 0
  },
  {
    "id": "901466a1-953a-4be6-99c2-b0948d38fe85",
    "data": [
      {
        "text": "为他们的电子邮件",
        "userDefined": false
      }
    ],
    "isTemplate": false,
    "count": 0,
    "updated": 0
  },
  {
    "id": "29cbb7e3-8a7d-46d3-bd03-f41d72d6e691",
    "data": [
      {
        "text": "还要发邮件",
        "userDefined": false
      }
    ],
    "isTemplate": false,
    "count": 0,
    "updated": 0
  },
  {
    "id": "9d3deeb7-af42-4c08-86ee-24b211963ee0",
    "data": [
      {
        "text": "关于发邮件",
        "userDefined": false
      }
    ],
    "isTemplate": false,
    "count": 0,
    "updated": 0
  },
  {
    "id": "41b8b087-fcd1-4409-a419-c72ab65e3228",
    "data": [
      {
        "text": "现在发邮件",
        "userDefined": false
      }
    ],
    "isTemplate": false,
    "count": 0,
    "updated": 0
  },
  {
    "id": "3401ff52-cac2-42f5-ac2e-6c4fe3edb1b2",
    "data": [
      {
        "text": "我还要发邮件",
        "userDefined": false
      }
    ],
    "isTemplate": false,
    "count": 0,
    "updated": 0
  },
  {
    "id": "aebb9e61-fb1a-4c71-a3b6-ba1d161edd95",
    "data": [
      {
        "text": "会不会发邮件",
        "userDefined": false
      }
    ],
    "isTemplate": false,
    "count": 0,
    "updated": 0
  },
  {
    "id": "914b0cd0-a991-472f-899f-aeeb86cd3778",
    "data": [
      {
        "text": "怎么能发邮件",
        "userDefined": false
      }
    ],
    "isTemplate": false,
    "count": 0,
    "updated": 0
  },
  {
    "id": "dad1701d-66ee-4cb2-b367-a1fd1741ba54",
    "data": [
      {
        "text": "能不能发邮件",
        "userDefined": false
      }
    ],
    "isTemplate": false,
    "count": 0,
    "updated": 0
  },
  {
    "id": "5139366e-b59f-411b-8442-2f50ecaad3ff",
    "data": [
      {
        "text": "还能不能发邮件",
        "userDefined": false
      }
    ],
    "isTemplate": false,
    "count": 0,
    "updated": 0
  },
  {
    "id": "8911c43b-8f8e-479e-ae36-e2fc4c7287f4",
    "data": [
      {
        "text": "还需要发邮件",
        "userDefined": false
      }
    ],
    "isTemplate": false,
    "count": 0,
    "updated": 0
  },
  {
    "id": "f50faf37-9309-4d29-856b-2d745ac4b970",
    "data": [
      {
        "text": "我还很想发邮件",
        "userDefined": false
      }
    ],
    "isTemplate": false,
    "count": 0,
    "updated": 0
  }
]