[
  {
    "id": "0b1c8d5e-4ac1-4ffc-88e4-1ca7f17134fe",
    "data": [
      {
        "text": "你的开发者的电子邮件地址是什么",
        "userDefined": false
      }
    ],
    "isTemplate": false,
    "count": 1,
    "updated": 0
  },
  {
    "id": "8f6a016c-122c-457a-9506-2044bab534bf",
    "data": [
      {
        "text": "你的开发人员的电子邮件是什么",
        "userDefined": false
      }
    ],
    "isTemplate": false,
    "count": 0,
    "updated": 0
  },
  {
    "id": "ac7f9f73-f679-49db-b9e4-16e8f587276b",
    "data": [
      {
        "text": "你的开发人员电子邮件",
        "userDefined": false
      }
    ],
    "isTemplate": false,
    "count": 0,
    "updated": 0
  },
  {
    "id": "0022269d-12df-4d08-aa52-64ecc88a6681",
    "data": [
      {
        "text": "怎么联系你的开发人员电子邮件",
        "userDefined": false
      }
    ],
    "isTemplate": false,
    "count": 0,
    "updated": 0
  },
  {
    "id": "ae36621b-425f-42db-b5cc-790bbef865ab",
    "data": [
      {
        "text": "如何联系你的开发人员电子邮件",
        "userDefined": false
      }
    ],
    "isTemplate": false,
    "count": 0,
    "updated": 0
  },
  {
    "id": "0c4ac331-3aba-4c7b-975a-23fa8193992c",
    "data": [
      {
        "text": "联系你的开发人员电子邮件",
        "userDefined": false
      }
    ],
    "isTemplate": false,
    "count": 0,
    "updated": 0
  },
  {
    "id": "7a28ea11-8e1b-4434-a1f1-7e2daa02912b",
    "data": [
      {
        "text": "我要联系你的开发人员电子邮件",
        "userDefined": false
      }
    ],
    "isTemplate": false,
    "count": 0,
    "updated": 0
  },
  {
    "id": "a61dbfaf-2f9d-43f5-a5ee-79ddb6171aaf",
    "data": [
      {
        "text": "我想要联系你的开发人员电子邮件",
        "userDefined": false
      }
    ],
    "isTemplate": false,
    "count": 0,
    "updated": 0
  },
  {
    "id": "77f7b91f-8c73-4d36-af42-a0eb29bb28e7",
    "data": [
      {
        "text": "告诉我怎联系你的开发人员电子邮件",
        "userDefined": false
      }
    ],
    "isTemplate": false,
    "count": 0,
    "updated": 0
  },
  {
    "id": "ee1f240b-574e-4905-bc6d-c34d3a83c3b2",
    "data": [
      {
        "text": "你能给我开发者的电子邮件地址吗",
        "userDefined": false
      }
    ],
    "isTemplate": false,
    "count": 0,
    "updated": 0
  },
  {
    "id": "cd2ffe75-ef8e-4b62-9884-63628b84f68b",
    "data": [
      {
        "text": "给我你的开发人员的电子邮件地址",
        "userDefined": false
      }
    ],
    "isTemplate": false,
    "count": 0,
    "updated": 0
  },
  {
    "id": "6034a1cf-b4a0-4125-9068-7997b5d9195b",
    "data": [
      {
        "text": "我想给你的开发者写一封电子邮件",
        "userDefined": false
      }
    ],
    "isTemplate": false,
    "count": 0,
    "updated": 0
  },
  {
    "id": "20e309ec-125c-4bb4-bb5a-5acc413b4217",
    "data": [
      {
        "text": "你的开发者有什么电子邮件",
        "userDefined": false
      }
    ],
    "isTemplate": false,
    "count": 0,
    "updated": 0
  },
  {
    "id": "d35678e7-3bd1-421e-99b0-070aaaa268f6",
    "data": [
      {
        "text": "您的开发人员发邮",
        "userDefined": false
      }
    ],
    "isTemplate": false,
    "count": 0,
    "updated": 0
  },
  {
    "id": "631ae6d2-e77b-4adc-bcdc-c0ce550254ca",
    "data": [
      {
        "text": "给我你的开发者电子邮件",
        "userDefined": false
      }
    ],
    "isTemplate": false,
    "count": 0,
    "updated": 0
  },
  {
    "id": "216da728-ebff-48c4-b93f-85261fee654f",
    "data": [
      {
        "text": "我想通过电子邮件与您的开发人员联系",
        "userDefined": false
      }
    ],
    "isTemplate": false,
    "count": 0,
    "updated": 0
  }
]