[
  {
    "id": "bcacd4cd-6a1b-422d-96cb-8f4f0ee8706b",
    "data": [
      {
        "text": "你的开发者联系信息是什么",
        "userDefined": false
      }
    ],
    "isTemplate": false,
    "count": 0,
    "updated": 0
  },
  {
    "id": "8f5b3864-bd72-45f1-a363-035231bd4da8",
    "data": [
      {
        "text": "您的开发人员的联系方式是什么",
        "userDefined": false
      }
    ],
    "isTemplate": false,
    "count": 0,
    "updated": 0
  },
  {
    "id": "f07c6fd8-c3e6-45ef-be20-e6b1a28c374e",
    "data": [
      {
        "text": "我想联系您的开发人员",
        "userDefined": false
      }
    ],
    "isTemplate": false,
    "count": 0,
    "updated": 0
  },
  {
    "id": "d8e5f044-b78e-444b-b9aa-b457dcb7d2dd",
    "data": [
      {
        "text": "联系给你的开发人员",
        "userDefined": false
      }
    ],
    "isTemplate": false,
    "count": 0,
    "updated": 0
  },
  {
    "id": "2008ff65-e38e-4619-a819-aad42f5b78fa",
    "data": [
      {
        "text": "我可以联系您的开发人员吗",
        "userDefined": false
      }
    ],
    "isTemplate": false,
    "count": 0,
    "updated": 0
  },
  {
    "id": "627c99de-4109-4e19-9bcc-6b758809f459",
    "data": [
      {
        "text": "我想联系你的开发人员",
        "userDefined": false
      }
    ],
    "isTemplate": false,
    "count": 0,
    "updated": 0
  },
  {
    "id": "6215248f-84c9-4063-b667-1502920ad2f2",
    "data": [
      {
        "text": "给你联系方式是什么",
        "userDefined": false
      }
    ],
    "isTemplate": false,
    "count": 0,
    "updated": 0
  },
  {
    "id": "bd3ad091-92b8-48a0-8037-28c00b143435",
    "data": [
      {
        "text": "让我给你的开发人员联系",
        "userDefined": false
      }
    ],
    "isTemplate": false,
    "count": 0,
    "updated": 0
  },
  {
    "id": "ddea69bf-78fc-4369-98c3-7cfc678bc5fd",
    "data": [
      {
        "text": "如何联系您的开发人员",
        "userDefined": false
      }
    ],
    "isTemplate": false,
    "count": 0,
    "updated": 0
  },
  {
    "id": "feead056-8e66-4748-a18a-819931857643",
    "data": [
      {
        "text": "联系您的创作者",
        "userDefined": false
      }
    ],
    "isTemplate": false,
    "count": 0,
    "updated": 0
  },
  {
    "id": "8c68179a-ba04-4447-a2d9-89e42c2fa1ab",
    "data": [
      {
        "text": "联系你",
        "userDefined": false
      },
      {
        "text": "的",
        "meta": "@sys.ignore",
        "userDefined": true
      },
      {
        "text": "开发",
        "meta": "@sys.ignore",
        "userDefined": true
      },
      {
        "text": "人员",
        "userDefined": false
      }
    ],
    "isTemplate": false,
    "count": 0,
    "updated": 0
  },
  {
    "id": "09a6bb10-e2c3-4c8f-abd5-d8e7c67f6301",
    "data": [
      {
        "text": "怎么联系你的开发人员",
        "userDefined": false
      }
    ],
    "isTemplate": false,
    "count": 0,
    "updated": 0
  },
  {
    "id": "13b2ed5f-8e04-45d0-8071-a0935a589cc5",
    "data": [
      {
        "text": "如何联系你的开发人员",
        "userDefined": false
      }
    ],
    "isTemplate": false,
    "count": 0,
    "updated": 0
  },
  {
    "id": "2db207ea-12d5-4c8c-8e10-b886d93de380",
    "data": [
      {
        "text": "我要联系你的开发人员",
        "userDefined": false
      }
    ],
    "isTemplate": false,
    "count": 0,
    "updated": 0
  },
  {
    "id": "7ee22f2d-f305-4f17-a438-cdf730e86588",
    "data": [
      {
        "text": "我想要联系你的开发人员",
        "userDefined": false
      }
    ],
    "isTemplate": false,
    "count": 0,
    "updated": 0
  },
  {
    "id": "2fa08917-5d6f-4b28-afab-f7fc5b5d8ee5",
    "data": [
      {
        "text": "告诉我怎联系你的开发人员",
        "userDefined": false
      }
    ],
    "isTemplate": false,
    "count": 0,
    "updated": 0
  }
]