[
  {
    "id": "bfd567c3-7eb3-44f7-8b54-b05ed6b5f011",
    "data": [
      {
        "text": "你",
        "userDefined": false
      },
      {
        "text": "的",
        "meta": "@sys.ignore",
        "userDefined": false
      },
      {
        "text": "网",
        "userDefined": false
      },
      {
        "text": "站",
        "meta": "@sys.ignore",
        "userDefined": false
      }
    ],
    "isTemplate": false,
    "count": 0,
    "updated": 0
  },
  {
    "id": "f01330f6-5dbe-4af3-a625-1b93eaa2ed7d",
    "data": [
      {
        "text": "你",
        "userDefined": false
      },
      {
        "text": "的",
        "meta": "@sys.ignore",
        "userDefined": false
      },
      {
        "text": "网络",
        "userDefined": false
      }
    ],
    "isTemplate": false,
    "count": 0,
    "updated": 0
  },
  {
    "id": "3dc01140-ad76-4045-906f-42945d093db5",
    "data": [
      {
        "text": "请显示你的开发者网站",
        "userDefined": false
      }
    ],
    "isTemplate": false,
    "count": 0,
    "updated": 0
  },
  {
    "id": "d624a8cf-d4dd-40c0-8a01-f4a75896be8e",
    "data": [
      {
        "text": "打开你公司的网站",
        "userDefined": false
      }
    ],
    "isTemplate": false,
    "count": 0,
    "updated": 0
  },
  {
    "id": "92315e8f-5c24-41a8-95ef-ed20a61442ad",
    "data": [
      {
        "text": "你有自己的网站吗",
        "userDefined": false
      }
    ],
    "isTemplate": false,
    "count": 0,
    "updated": 0
  },
  {
    "id": "5fa18d64-4196-41a3-ac7f-dc942d5117e9",
    "data": [
      {
        "text": "你的网站在哪里",
        "userDefined": false
      }
    ],
    "isTemplate": false,
    "count": 0,
    "updated": 0
  },
  {
    "id": "42cb9dca-38a0-4c0d-8950-96cd569b68a2",
    "data": [
      {
        "text": "为我打开你的网站",
        "userDefined": false
      }
    ],
    "isTemplate": false,
    "count": 0,
    "updated": 0
  },
  {
    "id": "4b8342d6-ad2f-4bec-8db1-0c7192cd6dcf",
    "data": [
      {
        "text": "如何访问你的网站",
        "userDefined": false
      }
    ],
    "isTemplate": false,
    "count": 0,
    "updated": 0
  },
  {
    "id": "a3572796-cfdc-44b3-a44b-2d2d80701e5d",
    "data": [
      {
        "text": "你能打开你的网站吗",
        "userDefined": false
      }
    ],
    "isTemplate": false,
    "count": 0,
    "updated": 0
  },
  {
    "id": "83bd8890-1900-4d37-be3a-57fd26b17e6c",
    "data": [
      {
        "text": "你的网页",
        "userDefined": false
      }
    ],
    "isTemplate": false,
    "count": 0,
    "updated": 0
  },
  {
    "id": "c9fe10e1-f2e1-478b-99e2-691bfa888e9c",
    "data": [
      {
        "text": "给我看你的网站",
        "userDefined": false
      }
    ],
    "isTemplate": false,
    "count": 0,
    "updated": 0
  },
  {
    "id": "08516350-acd0-47ae-ac7d-48d92283d9f0",
    "data": [
      {
        "text": "找到你的网站",
        "userDefined": false
      }
    ],
    "isTemplate": false,
    "count": 0,
    "updated": 0
  },
  {
    "id": "a4914a3d-f647-4098-a552-b9dca86c7225",
    "data": [
      {
        "text": "你有网站吗",
        "userDefined": false
      }
    ],
    "isTemplate": false,
    "count": 0,
    "updated": 0
  },
  {
    "id": "1eeabfa1-7575-4f7b-bc84-13c29f718d90",
    "data": [
      {
        "text": "你的开发者有网站吗",
        "userDefined": false
      }
    ],
    "isTemplate": false,
    "count": 0,
    "updated": 0
  },
  {
    "id": "1ec31f40-71cf-46cc-a32d-7e7e281d2a7d",
    "data": [
      {
        "text": "你的开发者的网站",
        "userDefined": false
      }
    ],
    "isTemplate": false,
    "count": 0,
    "updated": 0
  }
]