[
  {
    "id": "16d912f3-355b-485b-bad2-5a1533025951",
    "data": [
      {
        "text": "搜索你的开发者的电话号码",
        "userDefined": false
      }
    ],
    "isTemplate": false,
    "count": 1,
    "updated": 0
  },
  {
    "id": "57dd51de-cab7-4d96-a7de-6bb0b47c75f6",
    "data": [
      {
        "text": "你的开发人员的电话",
        "userDefined": false
      }
    ],
    "isTemplate": false,
    "count": 0,
    "updated": 0
  },
  {
    "id": "434ab124-faf3-42b6-8c04-57cd98fbd741",
    "data": [
      {
        "text": "你的开发者电话",
        "userDefined": false
      }
    ],
    "isTemplate": false,
    "count": 0,
    "updated": 0
  },
  {
    "id": "35fd8909-2bbd-4922-8d31-439eee8ca2b3",
    "data": [
      {
        "text": "告诉我你的开发者电话",
        "userDefined": false
      }
    ],
    "isTemplate": false,
    "count": 0,
    "updated": 0
  },
  {
    "id": "f600db63-9d01-403a-bbe0-67986f825539",
    "data": [
      {
        "text": "我要知道你的开发者电话",
        "userDefined": false
      }
    ],
    "isTemplate": false,
    "count": 0,
    "updated": 0
  },
  {
    "id": "fce20aac-8334-4df3-af54-e75345b7f5c3",
    "data": [
      {
        "text": "我先知道你的开发者电话",
        "userDefined": false
      }
    ],
    "isTemplate": false,
    "count": 0,
    "updated": 0
  },
  {
    "id": "32b80a0e-c8ec-4bd7-b714-d11e2a8858bb",
    "data": [
      {
        "text": "请你告诉我你的开发者电话",
        "userDefined": false
      }
    ],
    "isTemplate": false,
    "count": 0,
    "updated": 0
  },
  {
    "id": "9e6d53b6-8d36-47d9-be95-f2ff6964f88c",
    "data": [
      {
        "text": "我需要您的开发人员的电话号码",
        "userDefined": false
      }
    ],
    "isTemplate": false,
    "count": 0,
    "updated": 0
  },
  {
    "id": "29bfa0bc-eb25-4619-9499-1b134264a17d",
    "data": [
      {
        "text": "给我你的开发者电话号码",
        "userDefined": false
      }
    ],
    "isTemplate": false,
    "count": 0,
    "updated": 0
  },
  {
    "id": "b1f2e245-8e0c-42a9-b011-53dfd55c01f7",
    "data": [
      {
        "text": "你的开发者的手机号码",
        "userDefined": false
      }
    ],
    "isTemplate": false,
    "count": 0,
    "updated": 0
  },
  {
    "id": "c468cf99-4c1c-456d-bfbe-267adfc448db",
    "data": [
      {
        "text": "你的开发者电话号码",
        "userDefined": false
      }
    ],
    "isTemplate": false,
    "count": 0,
    "updated": 0
  },
  {
    "id": "a8e85c31-cb28-4bfe-b4f2-3b4575e385dc",
    "data": [
      {
        "text": "告诉我你的开发者号码",
        "userDefined": false
      }
    ],
    "isTemplate": false,
    "count": 0,
    "updated": 0
  },
  {
    "id": "1836d337-6e2c-4196-afa6-440b76770044",
    "data": [
      {
        "text": "找到你的开发者号码",
        "userDefined": false
      }
    ],
    "isTemplate": false,
    "count": 0,
    "updated": 0
  },
  {
    "id": "faecb5f9-3386-415d-9be0-c7f1ebed669f",
    "data": [
      {
        "text": "搜索您的开发者电话号码",
        "userDefined": false
      }
    ],
    "isTemplate": false,
    "count": 0,
    "updated": 0
  },
  {
    "id": "7229d2d5-66a4-4650-956f-c66d082ca2b4",
    "data": [
      {
        "text": "告诉我你的开发者电话号码我想和他们谈谈",
        "userDefined": false
      }
    ],
    "isTemplate": false,
    "count": 0,
    "updated": 0
  },
  {
    "id": "e394f5c0-75ca-467a-ba08-69b97f45e211",
    "data": [
      {
        "text": "我可以打电话给你的开发者吗",
        "userDefined": false
      }
    ],
    "isTemplate": false,
    "count": 0,
    "updated": 0
  },
  {
    "id": "5ca7c1e2-53d7-4c7e-8b09-4442b7383b5b",
    "data": [
      {
        "text": "请你能给我开发者的电话号码",
        "userDefined": false
      }
    ],
    "isTemplate": false,
    "count": 0,
    "updated": 0
  },
  {
    "id": "723923e2-cf65-4e98-a2e1-f520c5ceba1c",
    "data": [
      {
        "text": "我可以通过电话与开发人员联系吗",
        "userDefined": false
      }
    ],
    "isTemplate": false,
    "count": 0,
    "updated": 0
  }
]