[
  {
    "id": "d8ac8904-32d1-4a7a-8d99-f2e69dfe040f",
    "data": [
      {
        "text": "我还很想看你的",
        "userDefined": false
      },
      {
        "text": "新浪微博",
        "alias": "media",
        "meta": "@media",
        "userDefined": false
      }
    ],
    "isTemplate": false,
    "count": 0,
    "updated": 0
  },
  {
    "id": "229ffe9e-d80a-4244-b504-10ae5f9c9c84",
    "data": [
      {
        "text": "还能不能给我看你的",
        "userDefined": false
      },
      {
        "text": "开心网",
        "alias": "media",
        "meta": "@media",
        "userDefined": false
      }
    ],
    "isTemplate": false,
    "count": 0,
    "updated": 0
  },
  {
    "id": "0ca85df8-c307-47c3-a3d6-59b30b374bf4",
    "data": [
      {
        "text": "能不能给我看你的",
        "userDefined": false
      },
      {
        "text": "街旁",
        "alias": "media",
        "meta": "@media",
        "userDefined": false
      }
    ],
    "isTemplate": false,
    "count": 0,
    "updated": 0
  },
  {
    "id": "4c700a2e-16f6-4358-8458-4a96c78d995d",
    "data": [
      {
        "text": "怎么能给我看你的",
        "userDefined": false
      },
      {
        "text": "丁香园",
        "alias": "media",
        "meta": "@media",
        "userDefined": false
      }
    ],
    "isTemplate": false,
    "count": 0,
    "updated": 0
  },
  {
    "id": "0072a3ba-4a76-4bcd-9fd4-168fc96c48b7",
    "data": [
      {
        "text": "会不会给我看你的",
        "userDefined": false
      },
      {
        "text": "豆瓣",
        "alias": "media",
        "meta": "@media",
        "userDefined": false
      }
    ],
    "isTemplate": false,
    "count": 0,
    "updated": 0
  },
  {
    "id": "5a185e3a-169c-45da-a2c3-f60e37339ee7",
    "data": [
      {
        "text": "我还要你的",
        "userDefined": false
      },
      {
        "text": "instagram",
        "alias": "media",
        "meta": "@media",
        "userDefined": false
      }
    ],
    "isTemplate": false,
    "count": 0,
    "updated": 0
  },
  {
    "id": "1ec600d3-cab3-4b7f-bd24-db8d77f729fa",
    "data": [
      {
        "text": "现在你的",
        "userDefined": false
      },
      {
        "text": "脸书",
        "alias": "media",
        "meta": "@media",
        "userDefined": false
      }
    ],
    "isTemplate": false,
    "count": 0,
    "updated": 0
  },
  {
    "id": "59bf0eb1-ad1f-4fe7-9439-b6af11aec0da",
    "data": [
      {
        "text": "关于你的",
        "userDefined": false
      },
      {
        "text": "推特",
        "alias": "media",
        "meta": "@media",
        "userDefined": false
      }
    ],
    "isTemplate": false,
    "count": 0,
    "updated": 0
  },
  {
    "id": "8235664a-1e45-4f0b-8d25-36e399e174ca",
    "data": [
      {
        "text": "还要你的",
        "userDefined": false
      },
      {
        "text": "微博",
        "alias": "media",
        "meta": "@media",
        "userDefined": false
      }
    ],
    "isTemplate": false,
    "count": 0,
    "updated": 0
  },
  {
    "id": "26d518ca-2ef0-4d43-a742-95e22a90b17d",
    "data": [
      {
        "text": "你",
        "userDefined": false
      },
      {
        "text": "的",
        "meta": "@sys.ignore",
        "userDefined": false
      },
      {
        "text": "脸书",
        "alias": "media",
        "meta": "@media",
        "userDefined": true
      }
    ],
    "isTemplate": false,
    "count": 0,
    "updated": 0
  },
  {
    "id": "40ca7075-41de-432d-983c-6055ac7ad616",
    "data": [
      {
        "text": "你的",
        "userDefined": false
      },
      {
        "text": "推特",
        "alias": "media",
        "meta": "@media",
        "userDefined": true
      }
    ],
    "isTemplate": false,
    "count": 0,
    "updated": 0
  }
]