[
  {
    "id": "d8c7d818-a4c4-49eb-ba37-72a8db4342d8",
    "data": [
      {
        "text": "你",
        "userDefined": false
      },
      {
        "text": "的",
        "meta": "@sys.ignore",
        "userDefined": false
      },
      {
        "text": "网络",
        "userDefined": false
      }
    ],
    "isTemplate": false,
    "count": 0,
    "updated": 0
  },
  {
    "id": "e03d60ea-063d-48e6-9276-df16270080fa",
    "data": [
      {
        "text": "你",
        "userDefined": false
      },
      {
        "text": "的",
        "meta": "@sys.ignore",
        "userDefined": false
      },
      {
        "text": "网",
        "userDefined": false
      },
      {
        "text": "站",
        "meta": "@sys.ignore",
        "userDefined": false
      }
    ],
    "isTemplate": false,
    "count": 0,
    "updated": 0
  },
  {
    "id": "1b7a82f8-c58a-4aa1-a6a0-af9538d0b220",
    "data": [
      {
        "text": "还要网站",
        "userDefined": false
      }
    ],
    "isTemplate": false,
    "count": 0,
    "updated": 0
  },
  {
    "id": "c3b4eb22-3eaa-4d05-8ace-2ffd52fd6b7d",
    "data": [
      {
        "text": "关于网站",
        "userDefined": false
      }
    ],
    "isTemplate": false,
    "count": 0,
    "updated": 0
  },
  {
    "id": "49ad3ea3-9917-417f-a89f-cc61c3f88545",
    "data": [
      {
        "text": "现在网站",
        "userDefined": false
      }
    ],
    "isTemplate": false,
    "count": 0,
    "updated": 0
  },
  {
    "id": "359aec5d-3496-47b0-b952-c3328aaf76e3",
    "data": [
      {
        "text": "我还要网站",
        "userDefined": false
      }
    ],
    "isTemplate": false,
    "count": 0,
    "updated": 0
  },
  {
    "id": "d5271601-24e5-4595-ad31-e0dbbe2e72f6",
    "data": [
      {
        "text": "会不会网站",
        "userDefined": false
      }
    ],
    "isTemplate": false,
    "count": 0,
    "updated": 0
  },
  {
    "id": "082cffa4-8d46-4348-8497-c18387a1237e",
    "data": [
      {
        "text": "怎么能网站",
        "userDefined": false
      }
    ],
    "isTemplate": false,
    "count": 0,
    "updated": 0
  },
  {
    "id": "cc8accd1-4a20-4cb4-a40a-185d86bcc341",
    "data": [
      {
        "text": "能不能网站",
        "userDefined": false
      }
    ],
    "isTemplate": false,
    "count": 0,
    "updated": 0
  },
  {
    "id": "16c569c4-a883-4326-9ea6-cbc68640af66",
    "data": [
      {
        "text": "还能不能网站",
        "userDefined": false
      }
    ],
    "isTemplate": false,
    "count": 0,
    "updated": 0
  },
  {
    "id": "df6b1fbe-f404-4707-978e-baa7f0e3fa40",
    "data": [
      {
        "text": "还需要网站",
        "userDefined": false
      }
    ],
    "isTemplate": false,
    "count": 0,
    "updated": 0
  },
  {
    "id": "5d359e02-0aee-48f3-885a-3346ed8a2053",
    "data": [
      {
        "text": "我还很想网站",
        "userDefined": false
      }
    ],
    "isTemplate": false,
    "count": 0,
    "updated": 0
  }
]