[
  {
    "id": "be6f4759-5c31-459a-92fb-efdcd916529a",
    "data": [
      {
        "text": "你有 ",
        "userDefined": false
      },
      {
        "text": "Instagram",
        "alias": "media",
        "meta": "@media",
        "userDefined": false
      },
      {
        "text": " 帐号吗",
        "userDefined": false
      }
    ],
    "isTemplate": false,
    "count": 1,
    "updated": 0
  },
  {
    "id": "7e5f1b84-7027-4a4d-90a9-42f709e9156c",
    "data": [
      {
        "text": "你的 ",
        "userDefined": false
      },
      {
        "text": "Facebook",
        "alias": "media",
        "meta": "@media",
        "userDefined": false
      },
      {
        "text": " 主页网址是什么？",
        "userDefined": false
      }
    ],
    "isTemplate": false,
    "count": 0,
    "updated": 0
  },
  {
    "id": "d0c10cc4-9513-4b0e-b952-10b6656eb94c",
    "data": [
      {
        "text": "给我介绍你",
        "userDefined": false
      },
      {
        "text": "的",
        "meta": "@sys.ignore",
        "userDefined": false
      },
      {
        "text": "推特",
        "alias": "media",
        "meta": "@media",
        "userDefined": false
      }
    ],
    "isTemplate": false,
    "count": 0,
    "updated": 0
  },
  {
    "id": "97816efb-96b8-4800-aded-50885851374a",
    "data": [
      {
        "text": "给我说你",
        "userDefined": false
      },
      {
        "text": "的",
        "meta": "@sys.ignore",
        "userDefined": false
      },
      {
        "text": "脸书",
        "alias": "media",
        "meta": "@media",
        "userDefined": false
      }
    ],
    "isTemplate": false,
    "count": 0,
    "updated": 0
  },
  {
    "id": "b2f58702-a852-49ae-b30a-e0628c587bdc",
    "data": [
      {
        "text": "你的社交网站 你那一个",
        "userDefined": false
      }
    ],
    "isTemplate": false,
    "count": 0,
    "updated": 0
  },
  {
    "id": "a7c38b1d-ab0b-48a1-ac30-6402490d83b5",
    "data": [
      {
        "text": "你的社交网站",
        "userDefined": false
      }
    ],
    "isTemplate": false,
    "count": 0,
    "updated": 0
  },
  {
    "id": "ef4fb28e-f5b4-4e8e-bc81-75415eeb34ad",
    "data": [
      {
        "text": "我想知道你的社交网站",
        "userDefined": false
      }
    ],
    "isTemplate": false,
    "count": 0,
    "updated": 0
  },
  {
    "id": "e9304958-9a6f-4c34-a645-8dea4a64f7ba",
    "data": [
      {
        "text": "你有社交网站吗",
        "userDefined": false
      }
    ],
    "isTemplate": false,
    "count": 0,
    "updated": 0
  },
  {
    "id": "1a5034e1-f736-4ad8-9d28-80191dd40aa4",
    "data": [
      {
        "text": "你有没有社交网站",
        "userDefined": false
      }
    ],
    "isTemplate": false,
    "count": 0,
    "updated": 0
  },
  {
    "id": "135f5000-88f8-4536-88c1-61b06c7451bf",
    "data": [
      {
        "text": "我要知道你有社交网站对不对",
        "userDefined": false
      }
    ],
    "isTemplate": false,
    "count": 0,
    "updated": 0
  },
  {
    "id": "bb6302fb-045b-49b7-b1d3-8c172e3f0b0c",
    "data": [
      {
        "text": "你的脸书页面在哪里",
        "userDefined": false
      }
    ],
    "isTemplate": false,
    "count": 0,
    "updated": 0
  },
  {
    "id": "82ab5e3b-3090-43c6-88c2-6e91b31c7c89",
    "data": [
      {
        "text": "你的微博",
        "userDefined": false
      }
    ],
    "isTemplate": false,
    "count": 0,
    "updated": 0
  },
  {
    "id": "cdaf7ebd-9aef-4307-993b-d99a97931360",
    "data": [
      {
        "text": "告诉我你的社交网站",
        "userDefined": false
      }
    ],
    "isTemplate": false,
    "count": 0,
    "updated": 0
  },
  {
    "id": "dfe2e3b7-2e01-41e3-92ef-09a9cf450c73",
    "data": [
      {
        "text": "你有用",
        "userDefined": false
      },
      {
        "text": "微博",
        "alias": "media",
        "meta": "@media",
        "userDefined": true
      },
      {
        "text": "吗",
        "userDefined": false
      }
    ],
    "isTemplate": false,
    "count": 0,
    "updated": 0
  },
  {
    "id": "12097d96-f7b1-4d21-8f18-7a611f043998",
    "data": [
      {
        "text": "你有",
        "userDefined": false
      },
      {
        "text": "脸书",
        "alias": "media",
        "meta": "@media",
        "userDefined": true
      },
      {
        "text": "页面吗",
        "userDefined": false
      }
    ],
    "isTemplate": false,
    "count": 0,
    "updated": 0
  },
  {
    "id": "0fb1ee57-71fd-445e-a16a-d7c09bb6077f",
    "data": [
      {
        "text": "你有",
        "userDefined": false
      },
      {
        "text": "instagram",
        "alias": "media",
        "meta": "@media",
        "userDefined": true
      },
      {
        "text": "帐号吗",
        "userDefined": false
      }
    ],
    "isTemplate": false,
    "count": 0,
    "updated": 0
  },
  {
    "id": "d5e6ef70-6893-4725-a6ed-5f66c90b4f68",
    "data": [
      {
        "text": "告诉我你的",
        "userDefined": false
      },
      {
        "text": "微博",
        "alias": "media",
        "meta": "@media",
        "userDefined": true
      },
      {
        "text": "页面",
        "userDefined": false
      }
    ],
    "isTemplate": false,
    "count": 0,
    "updated": 0
  },
  {
    "id": "d699c589-403d-427d-b287-45402b59f8c1",
    "data": [
      {
        "text": "你的",
        "userDefined": false
      },
      {
        "text": "脸书",
        "alias": "media",
        "meta": "@media",
        "userDefined": true
      },
      {
        "text": "页面是什么",
        "userDefined": false
      }
    ],
    "isTemplate": false,
    "count": 0,
    "updated": 0
  },
  {
    "id": "d47e7239-326a-4419-b7d5-fb97dc41bbcb",
    "data": [
      {
        "text": "我想访问你的",
        "userDefined": false
      },
      {
        "text": "instagram",
        "alias": "media",
        "meta": "@media",
        "userDefined": true
      },
      {
        "text": "网站",
        "userDefined": false
      }
    ],
    "isTemplate": false,
    "count": 0,
    "updated": 0
  },
  {
    "id": "e6437b2b-efe2-4453-9e09-9d4a73f03d43",
    "data": [
      {
        "text": "打开你的",
        "userDefined": false
      },
      {
        "text": "脸书",
        "alias": "media",
        "meta": "@media",
        "userDefined": true
      },
      {
        "text": "页面",
        "userDefined": false
      }
    ],
    "isTemplate": false,
    "count": 0,
    "updated": 0
  },
  {
    "id": "f5839e89-2993-4f14-b594-4fe8033f24cb",
    "data": [
      {
        "text": "你有",
        "userDefined": false
      },
      {
        "text": "微博",
        "alias": "media",
        "meta": "@media",
        "userDefined": true
      },
      {
        "text": "帐号吗",
        "userDefined": false
      }
    ],
    "isTemplate": false,
    "count": 0,
    "updated": 0
  },
  {
    "id": "68b9515e-0cd2-42a9-8829-24ff10c62dbe",
    "data": [
      {
        "text": "你的页面在",
        "userDefined": false
      },
      {
        "text": "脸书",
        "alias": "media",
        "meta": "@media",
        "userDefined": true
      }
    ],
    "isTemplate": false,
    "count": 0,
    "updated": 0
  }
]