{
  "id": "45061ab2-94b1-4996-9f9c-46e5510369e2",
  "name": "support.contacts - context:support-contacts - comment:email",
  "auto": true,
  "contexts": [
    "support-contacts"
  ],
  "responses": [
    {
      "resetContexts": true,
      "action": "support.contacts.email",
      "affectedContexts": [
        {
          "name": "support-contacts",
          "parameters": {},
          "lifespan": 5
        }
      ],
      "parameters": [],
      "defaultResponsePlatforms": {},
      "speech": []
    }
  ],
  "priority": 500000,
  "webhookUsed": false,
  "webhookForSlotFilling": false,
  "lastUpdate": 1493720700087,
  "fallbackIntent": false,
  "events": []
}