[
  {
    "id": "8bc78d94-8383-49cc-bde4-dd77dfa0522b",
    "data": [
      {
        "text": "你的开发者是谁",
        "userDefined": false
      }
    ],
    "isTemplate": false,
    "count": 1,
    "updated": 0
  },
  {
    "id": "8e167e34-3ad7-4f16-95d8-07a29b068067",
    "data": [
      {
        "text": "你",
        "userDefined": false
      },
      {
        "text": "的",
        "meta": "@sys.ignore",
        "userDefined": false
      },
      {
        "text": "开发",
        "meta": "@sys.ignore",
        "userDefined": false
      },
      {
        "text": "人员",
        "userDefined": false
      }
    ],
    "isTemplate": false,
    "count": 0,
    "updated": 0
  },
  {
    "id": "f967ca5e-3010-4f2e-8e47-bb0283ef8a3e",
    "data": [
      {
        "text": "你",
        "userDefined": false
      },
      {
        "text": "的",
        "meta": "@sys.ignore",
        "userDefined": false
      },
      {
        "text": "开发",
        "meta": "@sys.ignore",
        "userDefined": false
      },
      {
        "text": "人员是谁",
        "userDefined": false
      }
    ],
    "isTemplate": false,
    "count": 0,
    "updated": 0
  },
  {
    "id": "95e238db-9457-47c9-8f86-e7bca2bd2a8f",
    "data": [
      {
        "text": "你的开发者名称是什么",
        "userDefined": false
      }
    ],
    "isTemplate": false,
    "count": 0,
    "updated": 0
  },
  {
    "id": "ec19786c-6230-45d1-bd49-eaaa680bc9b5",
    "data": [
      {
        "text": "谁是你的程序员",
        "userDefined": false
      }
    ],
    "isTemplate": false,
    "count": 0,
    "updated": 0
  },
  {
    "id": "0d3ea1bb-9160-4ec6-b054-1ab538512da1",
    "data": [
      {
        "text": "你的创作者的名字是什么",
        "userDefined": false
      }
    ],
    "isTemplate": false,
    "count": 0,
    "updated": 0
  },
  {
    "id": "c47ec028-5db5-427b-b7d6-3200837ca6e3",
    "data": [
      {
        "text": "谁是你的创作者",
        "userDefined": false
      }
    ],
    "isTemplate": false,
    "count": 0,
    "updated": 0
  },
  {
    "id": "f30ebe32-9e3f-45fd-9fb4-d4fb2a40216e",
    "data": [
      {
        "text": "你的老师是谁",
        "userDefined": false
      }
    ],
    "isTemplate": false,
    "count": 0,
    "updated": 0
  },
  {
    "id": "edff8c88-8efc-44d4-804e-5e29c09395cc",
    "data": [
      {
        "text": "你能不能告诉我你的创作者",
        "userDefined": false
      }
    ],
    "isTemplate": false,
    "count": 0,
    "updated": 0
  },
  {
    "id": "e732ca1a-1a62-4232-afe0-517bf2d068aa",
    "data": [
      {
        "text": "你能告诉我你创造你的人吗",
        "userDefined": false
      }
    ],
    "isTemplate": false,
    "count": 0,
    "updated": 0
  },
  {
    "id": "40ea4619-bfb1-4a6e-94c0-372a4d23697c",
    "data": [
      {
        "text": "你的开发者的名字是什么",
        "userDefined": false
      }
    ],
    "isTemplate": false,
    "count": 0,
    "updated": 0
  },
  {
    "id": "7ff8ac4b-5e4a-4f96-a1e1-e949f78cfb80",
    "data": [
      {
        "text": "你知道谁制造你吗",
        "userDefined": false
      }
    ],
    "isTemplate": false,
    "count": 0,
    "updated": 0
  },
  {
    "id": "7153c365-1130-4fb6-bc16-ea6610725f1c",
    "data": [
      {
        "text": "谁创作你",
        "userDefined": false
      }
    ],
    "isTemplate": false,
    "count": 0,
    "updated": 0
  },
  {
    "id": "3c7d7441-b2f7-4d37-bf80-f2fbd04795cf",
    "data": [
      {
        "text": "谁是你的创始人",
        "userDefined": false
      }
    ],
    "isTemplate": false,
    "count": 0,
    "updated": 0
  },
  {
    "id": "475e5cba-9ade-43b3-aab2-c59d72559741",
    "data": [
      {
        "text": "你知道谁做了你",
        "userDefined": false
      }
    ],
    "isTemplate": false,
    "count": 0,
    "updated": 0
  },
  {
    "id": "14c9b9c8-26b3-4b07-b9ff-ea0521d41cc4",
    "data": [
      {
        "text": "谁创造了你",
        "userDefined": false
      }
    ],
    "isTemplate": false,
    "count": 0,
    "updated": 0
  },
  {
    "id": "c4ed6aaa-4c04-4e5a-aaf4-9bfb452aab91",
    "data": [
      {
        "text": "谁是你的开发者",
        "userDefined": false
      }
    ],
    "isTemplate": false,
    "count": 0,
    "updated": 0
  },
  {
    "id": "45217e26-5b85-4390-b9cd-585571c4de4a",
    "data": [
      {
        "text": "你知道你的创作者吗",
        "userDefined": false
      }
    ],
    "isTemplate": false,
    "count": 0,
    "updated": 0
  },
  {
    "id": "cb8efc57-6b9a-4e01-80d4-3e1cd793585a",
    "data": [
      {
        "text": "我想知道是谁造你的",
        "userDefined": false
      }
    ],
    "isTemplate": false,
    "count": 0,
    "updated": 0
  },
  {
    "id": "af4a59f9-3a84-438a-9d89-d81120582a62",
    "data": [
      {
        "text": "你的创造者的名字是什么",
        "userDefined": false
      }
    ],
    "isTemplate": false,
    "count": 0,
    "updated": 0
  },
  {
    "id": "cdcb2667-a8bc-4d6e-abd1-b282a2469ec9",
    "data": [
      {
        "text": "你老师的名字是什么",
        "userDefined": false
      }
    ],
    "isTemplate": false,
    "count": 0,
    "updated": 0
  },
  {
    "id": "1b1a1206-8f55-4595-a37a-55fac0fe3da1",
    "data": [
      {
        "text": "谁创造你",
        "userDefined": false
      }
    ],
    "isTemplate": false,
    "count": 0,
    "updated": 0
  },
  {
    "id": "69185b4f-892b-4be6-ba3d-f95922f34bd9",
    "data": [
      {
        "text": "你知道谁创造了你吗",
        "userDefined": false
      }
    ],
    "isTemplate": false,
    "count": 0,
    "updated": 0
  },
  {
    "id": "0217c731-91ec-4330-bdc9-4813e76689ec",
    "data": [
      {
        "text": "谁发明了你",
        "userDefined": false
      }
    ],
    "isTemplate": false,
    "count": 0,
    "updated": 0
  },
  {
    "id": "7453c796-13f4-4034-bef9-4acd4a9a323d",
    "data": [
      {
        "text": "谁是你的创造者",
        "userDefined": false
      }
    ],
    "isTemplate": false,
    "count": 0,
    "updated": 0
  },
  {
    "id": "db891c23-6246-4f25-a743-d4bfed526716",
    "data": [
      {
        "text": "你的开发者名字是什么",
        "userDefined": false
      }
    ],
    "isTemplate": false,
    "count": 0,
    "updated": 0
  },
  {
    "id": "86c487b4-a802-4c94-a86b-e49a947efed2",
    "data": [
      {
        "text": "你的开发者",
        "userDefined": false
      }
    ],
    "isTemplate": false,
    "count": 0,
    "updated": 0
  },
  {
    "id": "62a314e9-dbc8-4b09-a0ba-995f8551cc86",
    "data": [
      {
        "text": "你的程序员的名字是什么",
        "userDefined": false
      }
    ],
    "isTemplate": false,
    "count": 0,
    "updated": 0
  },
  {
    "id": "27d3bdb4-4519-4807-a67a-53cf554797a3",
    "data": [
      {
        "text": "我想知道你开发者的名字",
        "userDefined": false
      }
    ],
    "isTemplate": false,
    "count": 0,
    "updated": 0
  },
  {
    "id": "af41f1df-644c-4b35-87cb-9fcc3673aff0",
    "data": [
      {
        "text": "我想知道是谁造你",
        "userDefined": false
      }
    ],
    "isTemplate": false,
    "count": 0,
    "updated": 0
  }
]