[
  {
    "id": "3a7af006-15f6-413e-8e2b-2bedb01cc21f",
    "data": [
      {
        "text": "我还很想",
        "userDefined": false
      },
      {
        "text": "阵雪",
        "alias": "condition",
        "meta": "@weather-condition",
        "userDefined": false
      }
    ],
    "isTemplate": false,
    "count": 0,
    "updated": 0
  },
  {
    "id": "aab97b5e-2fd4-46ad-855d-3ee8e8c7198b",
    "data": [
      {
        "text": "关于",
        "userDefined": false
      },
      {
        "text": "风",
        "alias": "condition",
        "meta": "@weather-condition",
        "userDefined": false
      }
    ],
    "isTemplate": false,
    "count": 0,
    "updated": 0
  },
  {
    "id": "13552263-7f5d-4cc5-965f-303a0d89d672",
    "data": [
      {
        "text": "还要",
        "userDefined": false
      },
      {
        "text": "多风",
        "alias": "condition",
        "meta": "@weather-condition",
        "userDefined": false
      }
    ],
    "isTemplate": false,
    "count": 0,
    "updated": 0
  },
  {
    "id": "3a67ec28-5536-458a-aced-f0fbad98966a",
    "data": [
      {
        "text": "我还要",
        "userDefined": false
      },
      {
        "text": "细雨",
        "alias": "condition",
        "meta": "@weather-condition",
        "userDefined": false
      }
    ],
    "isTemplate": false,
    "count": 0,
    "updated": 0
  },
  {
    "id": "086bb724-a7c2-4c0d-bbbf-ed375141aa5d",
    "data": [
      {
        "text": "烟雾",
        "alias": "condition",
        "meta": "@weather-condition",
        "userDefined": false
      },
      {
        "text": "呢",
        "userDefined": false
      }
    ],
    "isTemplate": false,
    "count": 1,
    "updated": 0
  },
  {
    "id": "48b0d658-1455-4b82-964d-1a1f5e699481",
    "data": [
      {
        "text": "怎么能",
        "userDefined": false
      },
      {
        "text": "雷雨",
        "alias": "condition",
        "meta": "@weather-condition",
        "userDefined": false
      }
    ],
    "isTemplate": false,
    "count": 0,
    "updated": 0
  },
  {
    "id": "324eb2b3-733d-4dc3-b57d-48c25e6ad75c",
    "data": [
      {
        "text": "会不会",
        "userDefined": false
      },
      {
        "text": "多云",
        "alias": "condition",
        "meta": "@weather-condition",
        "userDefined": false
      }
    ],
    "isTemplate": false,
    "count": 0,
    "updated": 0
  },
  {
    "id": "ea986ba8-d0d1-4f73-8ab9-9b8029a77545",
    "data": [
      {
        "text": "还需要",
        "userDefined": false
      },
      {
        "text": "晴朗",
        "alias": "condition",
        "meta": "@weather-condition",
        "userDefined": false
      }
    ],
    "isTemplate": false,
    "count": 0,
    "updated": 0
  },
  {
    "id": "3e64d236-d10d-4466-a3de-60f461fa1a6a",
    "data": [
      {
        "text": "还能不能",
        "userDefined": false
      },
      {
        "text": "太阳",
        "alias": "condition",
        "meta": "@weather-condition",
        "userDefined": false
      }
    ],
    "isTemplate": false,
    "count": 0,
    "updated": 0
  },
  {
    "id": "3223dcb6-9ef3-4c35-8d54-b64aa1560d41",
    "data": [
      {
        "text": "现在",
        "userDefined": false
      },
      {
        "text": "下雨",
        "alias": "condition",
        "meta": "@weather-condition",
        "userDefined": false
      }
    ],
    "isTemplate": false,
    "count": 0,
    "updated": 0
  },
  {
    "id": "10fdd76e-e996-4d27-bec8-425698624112",
    "data": [
      {
        "text": "能不能",
        "userDefined": false
      },
      {
        "text": "雷暴",
        "alias": "condition",
        "meta": "@weather-condition",
        "userDefined": false
      }
    ],
    "isTemplate": false,
    "count": 0,
    "updated": 0
  }
]