[
  {
    "id": "4d105b78-3b85-4397-b8d1-31a06f5fe5d2",
    "data": [
      {
        "text": "还需要",
        "userDefined": false
      },
      {
        "text": "自行车",
        "alias": "activity",
        "meta": "@activity",
        "userDefined": false
      }
    ],
    "isTemplate": false,
    "count": 0,
    "updated": 0
  },
  {
    "id": "e32ca2c0-231d-4113-868c-d0bf01863c3a",
    "data": [
      {
        "text": "现在",
        "userDefined": false
      },
      {
        "text": "冲浪",
        "alias": "activity",
        "meta": "@activity",
        "userDefined": false
      }
    ],
    "isTemplate": false,
    "count": 0,
    "updated": 0
  },
  {
    "id": "7ac6b3f3-9007-4298-af44-858e9391479c",
    "data": [
      {
        "text": "能不能",
        "userDefined": false
      },
      {
        "text": "攀登",
        "alias": "activity",
        "meta": "@activity",
        "userDefined": false
      }
    ],
    "isTemplate": false,
    "count": 0,
    "updated": 0
  },
  {
    "id": "e98785db-f442-4a66-92a2-647efeed6cab",
    "data": [
      {
        "text": "关",
        "meta": "@sys.ignore",
        "userDefined": false
      },
      {
        "text": "于",
        "userDefined": false
      },
      {
        "text": "步行",
        "alias": "activity",
        "meta": "@activity",
        "userDefined": false
      }
    ],
    "isTemplate": false,
    "count": 0,
    "updated": 0
  },
  {
    "id": "b0f89a59-ed55-4f1b-92af-50c0d3685756",
    "data": [
      {
        "text": "还能不能",
        "userDefined": false
      },
      {
        "text": "打雪仗",
        "alias": "activity",
        "meta": "@activity",
        "userDefined": false
      }
    ],
    "isTemplate": false,
    "count": 0,
    "updated": 0
  },
  {
    "id": "29ae13ce-4f2c-480e-b7c1-c3717fdf8114",
    "data": [
      {
        "text": "我还要",
        "userDefined": false
      },
      {
        "text": "单板滑雪",
        "alias": "activity",
        "meta": "@activity",
        "userDefined": false
      }
    ],
    "isTemplate": false,
    "count": 0,
    "updated": 0
  },
  {
    "id": "b698b4da-b284-456c-a29d-e6a7e1527e03",
    "data": [
      {
        "text": "还要",
        "userDefined": false
      },
      {
        "text": "滑雪",
        "alias": "activity",
        "meta": "@activity",
        "userDefined": false
      }
    ],
    "isTemplate": false,
    "count": 0,
    "updated": 0
  },
  {
    "id": "f6517429-5103-448f-87c9-a10003bebb0e",
    "data": [
      {
        "text": "怎么能",
        "userDefined": false
      },
      {
        "text": "滑翔伞",
        "alias": "activity",
        "meta": "@activity",
        "userDefined": false
      }
    ],
    "isTemplate": false,
    "count": 0,
    "updated": 0
  },
  {
    "id": "bd6b170e-213c-4a4c-85d3-421ac97754a0",
    "data": [
      {
        "text": "我还很想",
        "userDefined": false
      },
      {
        "text": "跑步",
        "alias": "activity",
        "meta": "@activity",
        "userDefined": false
      }
    ],
    "isTemplate": false,
    "count": 0,
    "updated": 0
  },
  {
    "id": "e30b1833-0b7e-48ce-bd0c-719cc123d22d",
    "data": [
      {
        "text": "会不会",
        "userDefined": false
      },
      {
        "text": "游泳",
        "alias": "activity",
        "meta": "@activity",
        "userDefined": false
      }
    ],
    "isTemplate": false,
    "count": 0,
    "updated": 0
  }
]