[
  {
    "id": "25b61ef3-c57c-435b-bf46-db47f0040bc7",
    "data": [
      {
        "text": "我还要穿",
        "userDefined": false
      },
      {
        "text": "毛衣",
        "alias": "outfit",
        "meta": "@outfit",
        "userDefined": false
      }
    ],
    "isTemplate": false,
    "count": 0,
    "updated": 0
  },
  {
    "id": "f0720cc6-af37-47db-a9fa-50056509b135",
    "data": [
      {
        "text": "关于",
        "userDefined": false
      },
      {
        "text": "胶皮靴",
        "alias": "outfit",
        "meta": "@outfit",
        "userDefined": false
      }
    ],
    "isTemplate": false,
    "count": 0,
    "updated": 0
  },
  {
    "id": "b84a05fa-3be0-4997-9364-f56c5a63a59a",
    "data": [
      {
        "text": "怎么能穿",
        "userDefined": false
      },
      {
        "text": "围巾",
        "alias": "outfit",
        "meta": "@outfit",
        "userDefined": false
      }
    ],
    "isTemplate": false,
    "count": 0,
    "updated": 0
  },
  {
    "id": "967eece7-589b-47d1-a666-5d5e7a3d0157",
    "data": [
      {
        "text": "会不会穿",
        "userDefined": false
      },
      {
        "text": "雨裤",
        "alias": "outfit",
        "meta": "@outfit",
        "userDefined": false
      }
    ],
    "isTemplate": false,
    "count": 0,
    "updated": 0
  },
  {
    "id": "3d0c402d-71e7-46be-9646-ac50cd1a38df",
    "data": [
      {
        "text": "能不能穿",
        "userDefined": false
      },
      {
        "text": "墨镜",
        "alias": "outfit",
        "meta": "@outfit",
        "userDefined": false
      }
    ],
    "isTemplate": false,
    "count": 0,
    "updated": 0
  },
  {
    "id": "2cce6cc3-e2d5-408b-ae0d-f29fc3c7202a",
    "data": [
      {
        "text": "我还很想穿",
        "userDefined": false
      },
      {
        "text": "毛线帽",
        "alias": "outfit",
        "meta": "@outfit",
        "userDefined": false
      }
    ],
    "isTemplate": false,
    "count": 0,
    "updated": 0
  },
  {
    "id": "7ac28e2e-9616-41eb-aecd-c29f31fda192",
    "data": [
      {
        "text": "还需要带",
        "userDefined": false
      },
      {
        "text": "雨伞",
        "alias": "outfit",
        "meta": "@outfit",
        "userDefined": false
      },
      {
        "text": "吗",
        "userDefined": false
      }
    ],
    "isTemplate": false,
    "count": 0,
    "updated": 0
  },
  {
    "id": "7bcf7db8-27ed-4284-a7de-7f9c4e2c8674",
    "data": [
      {
        "text": "还能不能穿",
        "userDefined": false
      },
      {
        "text": "防晒霜",
        "alias": "outfit",
        "meta": "@outfit",
        "userDefined": false
      }
    ],
    "isTemplate": false,
    "count": 1,
    "updated": 0
  },
  {
    "id": "007f1295-8f40-4e18-8c57-77562b150784",
    "data": [
      {
        "text": "雨衣",
        "alias": "outfit",
        "meta": "@outfit",
        "userDefined": false
      }
    ],
    "isTemplate": false,
    "count": 0,
    "updated": 0
  },
  {
    "id": "e15e5801-4783-4f58-8ed7-aecb4c829f55",
    "data": [
      {
        "text": "还要穿",
        "userDefined": false
      },
      {
        "text": "手套",
        "alias": "outfit",
        "meta": "@outfit",
        "userDefined": false
      }
    ],
    "isTemplate": false,
    "count": 0,
    "updated": 0
  },
  {
    "id": "eef11e9d-3263-4f94-9e44-38a5420e7f21",
    "data": [
      {
        "text": "关",
        "meta": "@sys.ignore",
        "userDefined": false
      },
      {
        "text": "于",
        "userDefined": false
      },
      {
        "text": "雨衣",
        "alias": "outfit",
        "meta": "@outfit",
        "userDefined": false
      }
    ],
    "isTemplate": false,
    "count": 0,
    "updated": 0
  },
  {
    "id": "a6f105f2-c093-4a58-820a-9d7abb2c5aa7",
    "data": [
      {
        "text": "现在要穿",
        "userDefined": false
      },
      {
        "text": "夹克",
        "alias": "outfit",
        "meta": "@outfit",
        "userDefined": false
      },
      {
        "text": "吗",
        "userDefined": false
      }
    ],
    "isTemplate": false,
    "count": 0,
    "updated": 0
  }
]