[
  {
    "id": "b4101fea-fa0e-4461-b4d9-63ff33a66d1a",
    "data": [
      {
        "text": "稍后",
        "userDefined": false
      },
      {
        "text": "晚上",
        "alias": "date-time",
        "meta": "@sys.date-time",
        "userDefined": false
      },
      {
        "text": "会",
        "userDefined": false
      },
      {
        "text": "下雨",
        "alias": "condition",
        "meta": "@weather-condition",
        "userDefined": false
      },
      {
        "text": "吗",
        "userDefined": false
      }
    ],
    "isTemplate": false,
    "count": 0,
    "updated": 0
  },
  {
    "id": "b7328c40-95dd-48ce-aa42-142756d34469",
    "data": [
      {
        "text": "北京",
        "alias": "address",
        "meta": "@sys.address",
        "userDefined": false
      },
      {
        "text": "里面会不会",
        "userDefined": false
      },
      {
        "text": "阴雨",
        "alias": "condition",
        "meta": "@weather-condition",
        "userDefined": false
      }
    ],
    "isTemplate": false,
    "count": 0,
    "updated": 0
  },
  {
    "id": "e2cd32b6-bb4d-40cd-920b-8d9bcb36f667",
    "data": [
      {
        "text": "三天后",
        "alias": "date-time",
        "meta": "@sys.date-time",
        "userDefined": false
      },
      {
        "text": "杭州",
        "alias": "address",
        "meta": "@sys.address",
        "userDefined": false
      },
      {
        "text": "多云",
        "alias": "condition",
        "meta": "@weather-condition",
        "userDefined": true
      },
      {
        "text": "吗",
        "userDefined": false
      }
    ],
    "isTemplate": false,
    "count": 0,
    "updated": 0
  },
  {
    "id": "9c07da24-4c88-40f6-8707-71f5a45ccd23",
    "data": [
      {
        "text": "十月三号",
        "alias": "date-time",
        "meta": "@sys.date-time",
        "userDefined": false
      },
      {
        "text": "沈阳",
        "alias": "address",
        "meta": "@sys.address",
        "userDefined": false
      },
      {
        "text": "会",
        "userDefined": false
      },
      {
        "text": "下雨",
        "alias": "condition",
        "meta": "@weather-condition",
        "userDefined": false
      },
      {
        "text": "吗",
        "userDefined": false
      }
    ],
    "isTemplate": false,
    "count": 0,
    "updated": 0
  },
  {
    "id": "c7206501-3721-49d1-87d8-d5d2a2db200a",
    "data": [
      {
        "text": "今天",
        "alias": "date-time",
        "meta": "@sys.date-time",
        "userDefined": false
      },
      {
        "text": "会不会",
        "userDefined": false
      },
      {
        "text": "晴朗",
        "alias": "condition",
        "meta": "@weather-condition",
        "userDefined": false
      },
      {
        "text": "吗",
        "userDefined": false
      }
    ],
    "isTemplate": false,
    "count": 0,
    "updated": 0
  },
  {
    "id": "c30c17c2-4192-4bf8-a794-c33c2a7d66f9",
    "data": [
      {
        "text": "天津",
        "alias": "address",
        "meta": "@sys.address",
        "userDefined": false
      },
      {
        "text": "里面会不会",
        "userDefined": false
      },
      {
        "text": "风暴",
        "alias": "condition",
        "meta": "@weather-condition",
        "userDefined": false
      }
    ],
    "isTemplate": false,
    "count": 0,
    "updated": 0
  },
  {
    "id": "eb53ff70-6501-465e-a1af-9d89939ba6a4",
    "data": [
      {
        "text": "五天后",
        "alias": "date-time",
        "meta": "@sys.date-time",
        "userDefined": false
      },
      {
        "text": "广州",
        "alias": "address",
        "meta": "@sys.address",
        "userDefined": true
      },
      {
        "text": "会不会",
        "userDefined": false
      },
      {
        "text": "雷暴",
        "alias": "condition",
        "meta": "@weather-condition",
        "userDefined": false
      },
      {
        "text": "吗",
        "userDefined": false
      }
    ],
    "isTemplate": false,
    "count": 0,
    "updated": 0
  },
  {
    "id": "c86a09b3-d0e0-49b5-9814-3fb22ca45868",
    "data": [
      {
        "text": "两天前",
        "alias": "date-time",
        "meta": "@sys.date-time",
        "userDefined": false
      },
      {
        "text": "冻雨",
        "alias": "condition",
        "meta": "@weather-condition",
        "userDefined": false
      },
      {
        "text": "吗",
        "userDefined": false
      }
    ],
    "isTemplate": false,
    "count": 0,
    "updated": 0
  },
  {
    "id": "cb8be239-4a82-41f7-ac26-37d6ca410c77",
    "data": [
      {
        "text": "一个星期以后",
        "alias": "date-time",
        "meta": "@sys.date-time",
        "userDefined": false
      },
      {
        "text": "在",
        "userDefined": false
      },
      {
        "text": "上海",
        "alias": "address",
        "meta": "@sys.address",
        "userDefined": true
      },
      {
        "text": "雪域",
        "alias": "condition",
        "meta": "@weather-condition",
        "userDefined": false
      },
      {
        "text": "吗",
        "userDefined": false
      }
    ],
    "isTemplate": false,
    "count": 0,
    "updated": 0
  },
  {
    "id": "4a33393f-0118-44ee-9aa6-6b536b93b61e",
    "data": [
      {
        "text": "明天",
        "alias": "date-time",
        "meta": "@sys.date-time",
        "userDefined": false
      },
      {
        "text": "阵雪",
        "alias": "condition",
        "meta": "@weather-condition",
        "userDefined": false
      },
      {
        "text": "吗",
        "userDefined": false
      }
    ],
    "isTemplate": false,
    "count": 0,
    "updated": 0
  },
  {
    "id": "8a5e7c0f-529b-4ce8-bff3-1527771bf11a",
    "data": [
      {
        "text": "明天",
        "alias": "date-time",
        "meta": "@sys.date-time",
        "userDefined": false
      },
      {
        "text": "青岛",
        "alias": "address",
        "meta": "@sys.address",
        "userDefined": true
      },
      {
        "text": "会不会",
        "userDefined": false
      },
      {
        "text": "刮风",
        "alias": "condition",
        "meta": "@weather-condition",
        "userDefined": false
      },
      {
        "text": "吗",
        "userDefined": false
      }
    ],
    "isTemplate": false,
    "count": 0,
    "updated": 0
  },
  {
    "id": "ab6d6b27-1106-4dd8-b320-9f5c96695f85",
    "data": [
      {
        "text": "明天",
        "alias": "date-time",
        "meta": "@sys.date-time",
        "userDefined": false
      },
      {
        "text": "冰冻小雨",
        "alias": "condition",
        "meta": "@weather-condition",
        "userDefined": false
      },
      {
        "text": "吗",
        "userDefined": false
      }
    ],
    "isTemplate": false,
    "count": 0,
    "updated": 0
  },
  {
    "id": "2912cc5d-2968-4fa0-bcf9-8eb9a9f38054",
    "data": [
      {
        "text": "明天",
        "alias": "date-time",
        "meta": "@sys.date-time",
        "userDefined": false
      },
      {
        "text": "会不会",
        "userDefined": false
      },
      {
        "text": "雷雨",
        "alias": "condition",
        "meta": "@weather-condition",
        "userDefined": false
      },
      {
        "text": "吗",
        "userDefined": false
      }
    ],
    "isTemplate": false,
    "count": 0,
    "updated": 0
  },
  {
    "id": "027f498b-af4d-4e41-897e-25863d069e51",
    "data": [
      {
        "text": "今天",
        "alias": "date-time",
        "meta": "@sys.date-time",
        "userDefined": false
      },
      {
        "text": "会不会",
        "userDefined": false
      },
      {
        "text": "降雨",
        "alias": "condition",
        "meta": "@weather-condition",
        "userDefined": false
      },
      {
        "text": "吗",
        "userDefined": false
      }
    ],
    "isTemplate": false,
    "count": 0,
    "updated": 0
  },
  {
    "id": "56e57561-d433-4754-9d16-c0e8076018b9",
    "data": [
      {
        "text": "今天",
        "alias": "date-time",
        "meta": "@sys.date-time",
        "userDefined": false
      },
      {
        "text": "下雨",
        "alias": "condition",
        "meta": "@weather-condition",
        "userDefined": false
      },
      {
        "text": "吗",
        "userDefined": false
      }
    ],
    "isTemplate": false,
    "count": 0,
    "updated": 0
  },
  {
    "id": "65b85b0c-ae42-47e9-a5af-3783e50499cc",
    "data": [
      {
        "text": "今天",
        "alias": "date-time",
        "meta": "@sys.date-time",
        "userDefined": false
      },
      {
        "text": "风暴",
        "alias": "condition",
        "meta": "@weather-condition",
        "userDefined": false
      },
      {
        "text": "吗",
        "userDefined": false
      }
    ],
    "isTemplate": false,
    "count": 0,
    "updated": 0
  },
  {
    "id": "a0bfc932-ad88-484b-87cb-601a0a570fce",
    "data": [
      {
        "text": "一月一号",
        "alias": "date-time",
        "meta": "@sys.date-time",
        "userDefined": false
      },
      {
        "text": "天",
        "meta": "@sys.ignore",
        "userDefined": false
      },
      {
        "text": "气",
        "userDefined": false
      },
      {
        "text": "晴朗",
        "alias": "condition",
        "meta": "@weather-condition",
        "userDefined": false
      }
    ],
    "isTemplate": false,
    "count": 0,
    "updated": 0
  },
  {
    "id": "c45b7936-f72d-4d53-b079-e9e91bd5983c",
    "data": [
      {
        "text": "明天",
        "alias": "date-time",
        "meta": "@sys.date-time",
        "userDefined": false
      },
      {
        "text": "在",
        "userDefined": false
      },
      {
        "text": "台北",
        "alias": "address",
        "meta": "@sys.address",
        "userDefined": false
      },
      {
        "text": "会",
        "userDefined": false
      },
      {
        "text": "阴雨",
        "alias": "condition",
        "meta": "@weather-condition",
        "userDefined": false
      },
      {
        "text": "吗",
        "userDefined": false
      }
    ],
    "isTemplate": false,
    "count": 0,
    "updated": 0
  },
  {
    "id": "fc08ffd3-43e5-46bc-8677-e06179de981d",
    "data": [
      {
        "text": "后天",
        "alias": "date-time",
        "meta": "@sys.date-time",
        "userDefined": false
      },
      {
        "text": "武汉",
        "alias": "address",
        "meta": "@sys.address",
        "userDefined": false
      },
      {
        "text": "里面",
        "userDefined": false
      },
      {
        "text": "太阳",
        "alias": "condition",
        "meta": "@weather-condition",
        "userDefined": false
      },
      {
        "text": "吗",
        "userDefined": false
      }
    ],
    "isTemplate": false,
    "count": 0,
    "updated": 0
  },
  {
    "id": "42c41291-ed5c-43f1-8c46-c28c8701ca3b",
    "data": [
      {
        "text": "后天",
        "alias": "date-time",
        "meta": "@sys.date-time",
        "userDefined": false
      },
      {
        "text": "郑州",
        "alias": "address",
        "meta": "@sys.address",
        "userDefined": true
      },
      {
        "text": "下雨",
        "alias": "condition",
        "meta": "@weather-condition",
        "userDefined": false
      },
      {
        "text": "吗",
        "userDefined": false
      }
    ],
    "isTemplate": false,
    "count": 0,
    "updated": 0
  },
  {
    "id": "18e22f0b-7ff7-4302-b1b9-4d2501bd54ad",
    "data": [
      {
        "text": "今天",
        "alias": "date-time",
        "meta": "@sys.date-time",
        "userDefined": false
      },
      {
        "text": "会",
        "userDefined": false
      },
      {
        "text": "烟雾",
        "alias": "condition",
        "meta": "@weather-condition",
        "userDefined": false
      },
      {
        "text": "吗",
        "userDefined": false
      }
    ],
    "isTemplate": false,
    "count": 0,
    "updated": 0
  },
  {
    "id": "3a0bd942-bb5f-4e93-adda-f846ac6e012d",
    "data": [
      {
        "text": "苏州",
        "alias": "address",
        "meta": "@sys.address",
        "userDefined": false
      },
      {
        "text": "里面",
        "userDefined": false
      },
      {
        "text": "多风",
        "alias": "condition",
        "meta": "@weather-condition",
        "userDefined": false
      },
      {
        "text": "吗",
        "userDefined": false
      }
    ],
    "isTemplate": false,
    "count": 0,
    "updated": 0
  },
  {
    "id": "d286e1a9-02bc-4593-90f8-ad74ff26247a",
    "data": [
      {
        "text": "两个星期后",
        "alias": "date-time",
        "meta": "@sys.date-time",
        "userDefined": false
      },
      {
        "text": "宁波",
        "alias": "address",
        "meta": "@sys.address",
        "userDefined": true
      },
      {
        "text": "里面会不会",
        "userDefined": false
      },
      {
        "text": "下雨",
        "alias": "condition",
        "meta": "@weather-condition",
        "userDefined": false
      },
      {
        "text": "吗",
        "userDefined": false
      }
    ],
    "isTemplate": false,
    "count": 0,
    "updated": 0
  }
]