[
  {
    "id": "bef9de02-ba45-460b-a71d-1727f9291cbb",
    "data": [
      {
        "text": "告诉我在",
        "userDefined": false
      },
      {
        "text": "广州",
        "alias": "address",
        "meta": "@sys.address",
        "userDefined": false
      },
      {
        "text": "怎么样",
        "userDefined": false
      }
    ],
    "isTemplate": false,
    "count": 0,
    "updated": 0
  },
  {
    "id": "32d32c34-24e0-4f74-b785-fc776390292c",
    "data": [
      {
        "text": "告诉我在",
        "userDefined": false
      },
      {
        "text": "广州",
        "alias": "address",
        "meta": "@sys.address",
        "userDefined": false
      }
    ],
    "isTemplate": false,
    "count": 0,
    "updated": 0
  },
  {
    "id": "889e7717-3e08-4dfd-869c-fa818b4cf09b",
    "data": [
      {
        "text": "在",
        "userDefined": false
      },
      {
        "text": "辽宁",
        "alias": "address",
        "meta": "@sys.address",
        "userDefined": false
      },
      {
        "text": "吗",
        "userDefined": false
      }
    ],
    "isTemplate": false,
    "count": 0,
    "updated": 0
  },
  {
    "id": "ec1583bf-82c1-4167-995b-29c08ada0ffd",
    "data": [
      {
        "text": "在",
        "userDefined": false
      },
      {
        "text": "北京",
        "alias": "address",
        "meta": "@sys.address",
        "userDefined": false
      }
    ],
    "isTemplate": false,
    "count": 0,
    "updated": 0
  },
  {
    "id": "a3ae5725-1451-4256-9537-aaf8f0faeb9c",
    "data": [
      {
        "text": "关于",
        "userDefined": false
      },
      {
        "text": "厦门",
        "alias": "address",
        "meta": "@sys.address",
        "userDefined": false
      }
    ],
    "isTemplate": false,
    "count": 0,
    "updated": 0
  },
  {
    "id": "d317d8e3-b0e0-4368-916b-93c216e3aa2f",
    "data": [
      {
        "text": "还在",
        "userDefined": false
      },
      {
        "text": "武汉",
        "alias": "address",
        "meta": "@sys.address",
        "userDefined": false
      },
      {
        "text": "呢",
        "userDefined": false
      }
    ],
    "isTemplate": false,
    "count": 0,
    "updated": 0
  },
  {
    "id": "a0d70185-6460-4da4-9db9-8fbabe089ce8",
    "data": [
      {
        "text": "在",
        "userDefined": false
      },
      {
        "text": "香港",
        "alias": "address",
        "meta": "@sys.address",
        "userDefined": false
      },
      {
        "text": "呢",
        "userDefined": false
      }
    ],
    "isTemplate": false,
    "count": 0,
    "updated": 0
  },
  {
    "id": "dcd8388f-e489-4f44-9937-eee096b5c7c1",
    "data": [
      {
        "text": "在",
        "userDefined": false
      },
      {
        "text": "杭州",
        "alias": "address",
        "meta": "@sys.address",
        "userDefined": true
      }
    ],
    "isTemplate": false,
    "count": 0,
    "updated": 0
  },
  {
    "id": "00db82c8-5c58-4985-9438-7c513bab56b9",
    "data": [
      {
        "text": "还在",
        "userDefined": false
      },
      {
        "text": "上海",
        "alias": "address",
        "meta": "@sys.address",
        "userDefined": true
      }
    ],
    "isTemplate": false,
    "count": 0,
    "updated": 0
  },
  {
    "id": "71f5f7f2-a309-4ee8-b9d4-f0831cb56c93",
    "data": [
      {
        "text": "还在",
        "userDefined": false
      },
      {
        "text": "宁波",
        "alias": "address",
        "meta": "@sys.address",
        "userDefined": true
      }
    ],
    "isTemplate": false,
    "count": 0,
    "updated": 0
  }
]