{
  "rasa_nlu_data": {
    "common_examples": [
      {
        "intent": "weather - context:weather - comment: address & date-time",
        "entities": [
          {
            "start": 0,
            "end": 8,
            "value": "tomorrow",
            "entity": "date-time"
          },
          {
            "start": 12,
            "end": 18,
            "value": "Madrid",
            "entity": "location"
          }
        ],
        "text": "tomorrow in Madrid"
      },
      {
        "intent": "weather - context:weather - comment: address & date-time",
        "entities": [
          {
            "start": 3,
            "end": 9,
            "value": "Moscow",
            "entity": "location"
          },
          {
            "start": 10,
            "end": 22,
            "value": "this weekend",
            "entity": "date-time"
          }
        ],
        "text": "in Moscow this weekend"
      },
      {
        "intent": "weather - context:weather - comment: address & date-time",
        "entities": [
          {
            "start": 15,
            "end": 20,
            "value": "Paris",
            "entity": "location"
          },
          {
            "start": 21,
            "end": 32,
            "value": "next Friday",
            "entity": "date-time"
          }
        ],
        "text": "and what about Paris next Friday"
      },
      {
        "intent": "weather - context:weather - comment: address & date-time",
        "entities": [
          {
            "start": 10,
            "end": 17,
            "value": "tonight",
            "entity": "date-time"
          },
          {
            "start": 21,
            "end": 34,
            "value": "San Francisco",
            "entity": "location"
          }
        ],
        "text": "how about tonight in San Francisco"
      },
      {
        "intent": "weather - context:weather - comment: address & date-time",
        "entities": [
          {
            "start": 11,
            "end": 20,
            "value": "Princeton",
            "entity": "location"
          },
          {
            "start": 21,
            "end": 29,
            "value": "tomorrow",
            "entity": "date-time"
          }
        ],
        "text": "what about Princeton tomorrow"
      },
      {
        "intent": "weather - context:weather - comment: condition",
        "entities": [
          {
            "start": 4,
            "end": 8,
            "value": "rain",
            "entity": "condition"
          }
        ],
        "text": "and rain"
      },
      {
        "intent": "weather - context:weather - comment: condition",
        "entities": [
          {
            "start": 10,
            "end": 22,
            "value": "thunderstorm",
            "entity": "condition"
          }
        ],
        "text": "how about thunderstorm"
      },
      {
        "intent": "weather - context:weather - comment: condition",
        "entities": [
          {
            "start": 11,
            "end": 18,
            "value": "snowing",
            "entity": "condition"
          }
        ],
        "text": "what about snowing"
      },
      {
        "intent": "weather - context:weather - comment: date-time",
        "entities": [
          {
            "start": 11,
            "end": 16,
            "value": "today",
            "entity": "date-time"
          }
        ],
        "text": "what about today"
      },
      {
        "intent": "weather - context:weather - comment: date-time",
        "entities": [
          {
            "start": 11,
            "end": 20,
            "value": "next week",
            "entity": "date-time"
          }
        ],
        "text": "and during next week"
      },
      {
        "intent": "weather - context:weather - comment: date-time",
        "entities": [
          {
            "start": 15,
            "end": 22,
            "value": "at 5 pm",
            "entity": "date-time"
          }
        ],
        "text": "will it change at 5 pm"
      },
      {
        "intent": "weather - context:weather - comment: date-time",
        "entities": [
          {
            "start": 4,
            "end": 16,
            "value": "next weekend",
            "entity": "date-time"
          }
        ],
        "text": "and next weekend"
      },
      {
        "intent": "weather - context:weather - comment: date-time",
        "entities": [
          {
            "start": 0,
            "end": 14,
            "value": "for next month",
            "entity": "date-time"
          }
        ],
        "text": "for next month too"
      },
      {
        "intent": "weather - context:weather - comment: date-time",
        "entities": [
          {
            "start": 11,
            "end": 19,
            "value": "tomorrow",
            "entity": "date-time"
          }
        ],
        "text": "what about tomorrow"
      },
      {
        "intent": "weather - context:weather - comment: date-time",
        "entities": [
          {
            "start": 15,
            "end": 23,
            "value": "tomorrow",
            "entity": "date-time"
          }
        ],
        "text": "and what about tomorrow"
      },
      {
        "intent": "weather - context:weather - comment: date-time",
        "entities": [
          {
            "start": 10,
            "end": 18,
            "value": "Saturday",
            "entity": "date-time"
          }
        ],
        "text": "how about Saturday"
      },
      {
        "intent": "weather - context:weather - comment: date-time",
        "entities": [
          {
            "start": 0,
            "end": 12,
            "value": "this evening",
            "entity": "date-time"
          }
        ],
        "text": "this evening"
      },
      {
        "intent": "weather - context:weather - comment: date-time",
        "entities": [
          {
            "start": 3,
            "end": 12,
            "value": "Wednesday",
            "entity": "date-time"
          }
        ],
        "text": "on Wednesday"
      },
      {
        "intent": "weather - context:weather - comment: date-time",
        "entities": [
          {
            "start": 4,
            "end": 12,
            "value": "tomorrow",
            "entity": "date-time"
          }
        ],
        "text": "and tomorrow"
      },
      {
        "intent": "weather - context:weather - comment: date-time",
        "entities": [
          {
            "start": 10,
            "end": 21,
            "value": "next Monday",
            "entity": "date-time"
          }
        ],
        "text": "check for next Monday"
      },
      {
        "intent": "weather - context:weather - comment: date-time",
        "entities": [
          {
            "start": 6,
            "end": 15,
            "value": "next week",
            "entity": "date-time"
          }
        ],
        "text": "check next week"
      },
      {
        "intent": "weather - context:weather - comment: location",
        "entities": [
          {
            "start": 7,
            "end": 13,
            "value": "London",
            "entity": "address"
          }
        ],
        "text": "and in London"
      },
      {
        "intent": "weather - context:weather - comment: location",
        "entities": [
          {
            "start": 10,
            "end": 19,
            "value": "Sunnyvale",
            "entity": "address"
          }
        ],
        "text": "how about Sunnyvale"
      },
      {
        "intent": "weather - context:weather - comment: location",
        "entities": [
          {
            "start": 6,
            "end": 15,
            "value": "Cupertino",
            "entity": "address"
          }
        ],
        "text": "check Cupertino"
      },
      {
        "intent": "weather - context:weather - comment: location",
        "entities": [
          {
            "start": 11,
            "end": 24,
            "value": "San Francisco",
            "entity": "address"
          }
        ],
        "text": "what about San Francisco"
      },
      {
        "intent": "weather - context:weather - comment: location",
        "entities": [
          {
            "start": 7,
            "end": 12,
            "value": "Aspen",
            "entity": "address"
          }
        ],
        "text": "now in Aspen"
      },
      {
        "intent": "weather - context:weather - comment: location",
        "entities": [
          {
            "start": 11,
            "end": 16,
            "value": "Aspen",
            "entity": "address"
          }
        ],
        "text": "what about Aspen"
      },
      {
        "intent": "weather - context:weather - comment: location",
        "entities": [
          {
            "start": 14,
            "end": 21,
            "value": "Seattle",
            "entity": "address"
          }
        ],
        "text": "can you check Seattle"
      },
      {
        "intent": "weather - context:weather - comment: location",
        "entities": [
          {
            "start": 0,
            "end": 6,
            "value": "Moscow",
            "entity": "address"
          }
        ],
        "text": "Moscow"
      },
      {
        "intent": "weather - context:weather - comment: location",
        "entities": [
          {
            "start": 11,
            "end": 16,
            "value": "Paris",
            "entity": "address"
          }
        ],
        "text": "what about Paris"
      },
      {
        "intent": "weather - context:weather - comment: location",
        "entities": [
          {
            "start": 11,
            "end": 18,
            "value": "Oakland",
            "entity": "address"
          }
        ],
        "text": "what about Oakland"
      },
      {
        "intent": "weather.activity",
        "entities": [
          {
            "start": 27,
            "end": 44,
            "value": "snowball fighting",
            "entity": "activity"
          },
          {
            "start": 48,
            "end": 54,
            "value": "Friday",
            "entity": "date-time"
          }
        ],
        "text": "will it be cold enough for snowball fighting on Friday"
      },
      {
        "intent": "weather.activity",
        "entities": [
          {
            "start": 22,
            "end": 29,
            "value": "jogging",
            "entity": "activity"
          },
          {
            "start": 30,
            "end": 46,
            "value": "tomorrow morning",
            "entity": "date-time"
          },
          {
            "start": 50,
            "end": 63,
            "value": "Mountain View",
            "entity": "location"
          }
        ],
        "text": "how's the weather for jogging tomorrow morning in Mountain View"
      },
      {
        "intent": "weather.activity",
        "entities": [
          {
            "start": 24,
            "end": 32,
            "value": "swimming",
            "entity": "activity"
          }
        ],
        "text": "is it nice enough to go swimming"
      },
      {
        "intent": "weather.activity",
        "entities": [
          {
            "start": 15,
            "end": 21,
            "value": "picnic",
            "entity": "activity"
          },
          {
            "start": 26,
            "end": 37,
            "value": "this Sunday",
            "entity": "date-time"
          }
        ],
        "text": "I'm planning a picnic for this Sunday weather permitting"
      },
      {
        "intent": "weather.activity",
        "entities": [
          {
            "start": 33,
            "end": 41,
            "value": "climbing",
            "entity": "activity"
          },
          {
            "start": 45,
            "end": 51,
            "value": "Malaga",
            "entity": "location"
          }
        ],
        "text": "is the weather good enough to go climbing to Malaga"
      },
      {
        "intent": "weather.activity",
        "entities": [
          {
            "start": 33,
            "end": 44,
            "value": "sightseeing",
            "entity": "activity"
          },
          {
            "start": 45,
            "end": 50,
            "value": "today",
            "entity": "date-time"
          }
        ],
        "text": "is the weather nice enough to go sightseeing today"
      },
      {
        "intent": "weather.activity",
        "entities": [
          {
            "start": 9,
            "end": 15,
            "value": "skiing",
            "entity": "activity"
          },
          {
            "start": 19,
            "end": 25,
            "value": "Vienna",
            "entity": "location"
          }
        ],
        "text": "can I go skiing in Vienna"
      },
      {
        "intent": "weather.activity",
        "entities": [
          {
            "start": 33,
            "end": 40,
            "value": "surfing",
            "entity": "activity"
          }
        ],
        "text": "is the weather nice enough to go surfing"
      },
      {
        "intent": "weather.activity",
        "entities": [
          {
            "start": 21,
            "end": 28,
            "value": "jogging",
            "entity": "activity"
          },
          {
            "start": 29,
            "end": 41,
            "value": "this evening",
            "entity": "date-time"
          }
        ],
        "text": "will I be able to go jogging this evening"
      },
      {
        "intent": "weather.activity",
        "entities": [
          {
            "start": 24,
            "end": 31,
            "value": "camping",
            "entity": "activity"
          }
        ],
        "text": "is the weather good for camping"
      },
      {
        "intent": "weather.activity",
        "entities": [
          {
            "start": 27,
            "end": 34,
            "value": "cycling",
            "entity": "activity"
          },
          {
            "start": 38,
            "end": 44,
            "value": "Moscow",
            "entity": "location"
          }
        ],
        "text": "will the weather allow for cycling in Moscow"
      },
      {
        "intent": "weather.activity",
        "entities": [
          {
            "start": 26,
            "end": 33,
            "value": "cycling",
            "entity": "activity"
          }
        ],
        "text": "is the weather decent for cycling right now"
      },
      {
        "intent": "weather.activity",
        "entities": [
          {
            "start": 9,
            "end": 16,
            "value": "surfing",
            "entity": "activity"
          }
        ],
        "text": "can I go surfing"
      },
      {
        "intent": "weather.activity",
        "entities": [
          {
            "start": 15,
            "end": 18,
            "value": "run",
            "entity": "activity"
          }
        ],
        "text": "can I go for a run"
      },
      {
        "intent": "weather.activity",
        "entities": [
          {
            "start": 9,
            "end": 21,
            "value": "snowboarding",
            "entity": "activity"
          },
          {
            "start": 29,
            "end": 36,
            "value": "weekend",
            "entity": "date-time"
          }
        ],
        "text": "can I go snowboarding on the weekend"
      },
      {
        "intent": "weather.activity",
        "entities": [
          {
            "start": 24,
            "end": 31,
            "value": "walking",
            "entity": "activity"
          }
        ],
        "text": "is the weather good for walking"
      },
      {
        "intent": "weather.activity",
        "entities": [
          {
            "start": 31,
            "end": 38,
            "value": "cycling",
            "entity": "activity"
          }
        ],
        "text": "do you think the weather's for cycling"
      },
      {
        "intent": "weather.activity",
        "entities": [
          {
            "start": 3,
            "end": 9,
            "value": "hiking",
            "entity": "activity"
          }
        ],
        "text": "is hiking a good idea right now"
      },
      {
        "intent": "weather.activity",
        "entities": [
          {
            "start": 10,
            "end": 13,
            "value": "ski",
            "entity": "activity"
          },
          {
            "start": 14,
            "end": 19,
            "value": "today",
            "entity": "date-time"
          }
        ],
        "text": "I plan to ski today is it possible"
      },
      {
        "intent": "weather.condition",
        "entities": [
          {
            "start": 15,
            "end": 19,
            "value": "rain",
            "entity": "condition"
          },
          {
            "start": 20,
            "end": 31,
            "value": "this Friday",
            "entity": "date-time"
          }
        ],
        "text": "is it going to rain this Friday"
      },
      {
        "intent": "weather.condition",
        "entities": [
          {
            "start": 10,
            "end": 20,
            "value": "hurricanes",
            "entity": "condition"
          }
        ],
        "text": "are there hurricanes expected"
      },
      {
        "intent": "weather.condition",
        "entities": [
          {
            "start": 10,
            "end": 24,
            "value": "freezing rains",
            "entity": "condition"
          },
          {
            "start": 37,
            "end": 44,
            "value": "Glasgow",
            "entity": "address"
          }
        ],
        "text": "are there freezing rains expected in Glasgow"
      },
      {
        "intent": "weather.condition",
        "entities": [
          {
            "start": 11,
            "end": 16,
            "value": "storm",
            "entity": "condition"
          },
          {
            "start": 17,
            "end": 27,
            "value": "this month",
            "entity": "date-time"
          }
        ],
        "text": "chances of storm this month"
      },
      {
        "intent": "weather.condition",
        "entities": [
          {
            "start": 18,
            "end": 22,
            "value": "snow",
            "entity": "condition"
          },
          {
            "start": 26,
            "end": 32,
            "value": "Friday",
            "entity": "date-time"
          }
        ],
        "text": "is it supposed to snow on Friday"
      },
      {
        "intent": "weather.condition",
        "entities": [
          {
            "start": 15,
            "end": 19,
            "value": "snow",
            "entity": "condition"
          },
          {
            "start": 20,
            "end": 25,
            "value": "today",
            "entity": "date-time"
          }
        ],
        "text": "are we getting snow today"
      },
      {
        "intent": "weather.condition",
        "entities": [
          {
            "start": 6,
            "end": 13,
            "value": "raining",
            "entity": "condition"
          }
        ],
        "text": "is it raining"
      },
      {
        "intent": "weather.condition",
        "entities": [
          {
            "start": 11,
            "end": 16,
            "value": "foggy",
            "entity": "condition"
          },
          {
            "start": 17,
            "end": 30,
            "value": "next Saturday",
            "entity": "date-time"
          },
          {
            "start": 34,
            "end": 47,
            "value": "San Francisco",
            "entity": "address"
          }
        ],
        "text": "will it be foggy next Saturday in San Francisco"
      },
      {
        "intent": "weather.condition",
        "entities": [
          {
            "start": 13,
            "end": 17,
            "value": "rain",
            "entity": "condition"
          }
        ],
        "text": "when will it rain"
      },
      {
        "intent": "weather.condition",
        "entities": [
          {
            "start": 18,
            "end": 22,
            "value": "snow",
            "entity": "condition"
          }
        ],
        "text": "is it supposed to snow"
      },
      {
        "intent": "weather.condition",
        "entities": [
          {
            "start": 14,
            "end": 26,
            "value": "snow showers",
            "entity": "condition"
          },
          {
            "start": 27,
            "end": 35,
            "value": "tomorrow",
            "entity": "date-time"
          },
          {
            "start": 39,
            "end": 48,
            "value": "Barcelona",
            "entity": "address"
          }
        ],
        "text": "any chance of snow showers tomorrow in Barcelona"
      },
      {
        "intent": "weather.condition",
        "entities": [
          {
            "start": 18,
            "end": 22,
            "value": "rain",
            "entity": "condition"
          },
          {
            "start": 26,
            "end": 32,
            "value": "London",
            "entity": "address"
          }
        ],
        "text": "is it supposed to rain in London"
      },
      {
        "intent": "weather.condition",
        "entities": [
          {
            "start": 33,
            "end": 37,
            "value": "snow",
            "entity": "condition"
          },
          {
            "start": 41,
            "end": 49,
            "value": "New York",
            "entity": "address"
          },
          {
            "start": 50,
            "end": 55,
            "value": "today",
            "entity": "date-time"
          }
        ],
        "text": "what is the weather forecast for snow in New York today"
      },
      {
        "intent": "weather.condition",
        "entities": [
          {
            "start": 11,
            "end": 16,
            "value": "storm",
            "entity": "condition"
          }
        ],
        "text": "chances of storm"
      },
      {
        "intent": "weather.condition",
        "entities": [
          {
            "start": 18,
            "end": 22,
            "value": "rain",
            "entity": "condition"
          },
          {
            "start": 26,
            "end": 32,
            "value": "Madrid",
            "entity": "address"
          },
          {
            "start": 33,
            "end": 45,
            "value": "next weekend",
            "entity": "date-time"
          }
        ],
        "text": "is it supposed to rain in Madrid next weekend"
      },
      {
        "intent": "weather.condition",
        "entities": [
          {
            "start": 15,
            "end": 19,
            "value": "rain",
            "entity": "condition"
          }
        ],
        "text": "is it going to rain"
      },
      {
        "intent": "weather.condition",
        "entities": [
          {
            "start": 11,
            "end": 18,
            "value": "raining",
            "entity": "condition"
          },
          {
            "start": 19,
            "end": 27,
            "value": "tomorrow",
            "entity": "date-time"
          }
        ],
        "text": "will it be raining tomorrow"
      },
      {
        "intent": "weather.condition",
        "entities": [
          {
            "start": 15,
            "end": 19,
            "value": "snow",
            "entity": "condition"
          },
          {
            "start": 23,
            "end": 28,
            "value": "Paris",
            "entity": "address"
          },
          {
            "start": 32,
            "end": 38,
            "value": "Sunday",
            "entity": "date-time"
          }
        ],
        "text": "is it going to snow in Paris on Sunday"
      },
      {
        "intent": "weather.condition",
        "entities": [
          {
            "start": 18,
            "end": 22,
            "value": "snow",
            "entity": "condition"
          },
          {
            "start": 23,
            "end": 28,
            "value": "today",
            "entity": "date-time"
          }
        ],
        "text": "is it supposed to snow today"
      },
      {
        "intent": "weather.condition",
        "entities": [
          {
            "start": 4,
            "end": 8,
            "value": "snow",
            "entity": "condition"
          },
          {
            "start": 29,
            "end": 40,
            "value": "next Monday",
            "entity": "date-time"
          }
        ],
        "text": "any snow in the forecast for next Monday"
      },
      {
        "intent": "weather.condition",
        "entities": [
          {
            "start": 13,
            "end": 17,
            "value": "snow",
            "entity": "condition"
          },
          {
            "start": 21,
            "end": 30,
            "value": "Palo Alto",
            "entity": "address"
          }
        ],
        "text": "when will it snow in Palo Alto"
      },
      {
        "intent": "weather.condition",
        "entities": [
          {
            "start": 27,
            "end": 34,
            "value": "raining",
            "entity": "condition"
          }
        ],
        "text": "do you think it will start raining soon"
      },
      {
        "intent": "weather.condition",
        "entities": [
          {
            "start": 11,
            "end": 17,
            "value": "cloudy",
            "entity": "condition"
          },
          {
            "start": 21,
            "end": 27,
            "value": "Berlin",
            "entity": "address"
          }
        ],
        "text": "will it be cloudy in Berlin"
      },
      {
        "intent": "weather.condition",
        "entities": [
          {
            "start": 14,
            "end": 23,
            "value": "tornadoes",
            "entity": "condition"
          }
        ],
        "text": "any chance of tornadoes"
      },
      {
        "intent": "weather.condition",
        "entities": [
          {
            "start": 15,
            "end": 19,
            "value": "snow",
            "entity": "condition"
          },
          {
            "start": 23,
            "end": 29,
            "value": "Denver",
            "entity": "address"
          }
        ],
        "text": "is it going to snow in Denver"
      },
      {
        "intent": "weather.condition",
        "entities": [
          {
            "start": 11,
            "end": 16,
            "value": "foggy",
            "entity": "condition"
          }
        ],
        "text": "will it be foggy"
      },
      {
        "intent": "weather.condition",
        "entities": [
          {
            "start": 8,
            "end": 12,
            "value": "snow",
            "entity": "condition"
          },
          {
            "start": 16,
            "end": 22,
            "value": "Moscow",
            "entity": "address"
          }
        ],
        "text": "does it snow in Moscow"
      },
      {
        "intent": "weather.condition",
        "entities": [
          {
            "start": 15,
            "end": 19,
            "value": "rain",
            "entity": "condition"
          },
          {
            "start": 26,
            "end": 40,
            "value": "in the evening",
            "entity": "date-time"
          }
        ],
        "text": "is it going to rain later in the evening"
      },
      {
        "intent": "weather.condition",
        "entities": [
          {
            "start": 21,
            "end": 24,
            "value": "fog",
            "entity": "condition"
          },
          {
            "start": 25,
            "end": 33,
            "value": "tomorrow",
            "entity": "date-time"
          },
          {
            "start": 37,
            "end": 42,
            "value": "Paris",
            "entity": "address"
          }
        ],
        "text": "is there going to be fog tomorrow in Paris"
      },
      {
        "intent": "weather.condition",
        "entities": [
          {
            "start": 13,
            "end": 17,
            "value": "rain",
            "entity": "condition"
          },
          {
            "start": 18,
            "end": 23,
            "value": "today",
            "entity": "date-time"
          }
        ],
        "text": "when will it rain today"
      },
      {
        "intent": "weather.condition",
        "entities": [
          {
            "start": 6,
            "end": 13,
            "value": "raining",
            "entity": "condition"
          }
        ],
        "text": "is it raining here"
      },
      {
        "intent": "weather.condition",
        "entities": [
          {
            "start": 11,
            "end": 18,
            "value": "drizzle",
            "entity": "condition"
          },
          {
            "start": 22,
            "end": 31,
            "value": "Hong Kong",
            "entity": "address"
          }
        ],
        "text": "chances of drizzle in Hong Kong"
      },
      {
        "intent": "weather.condition",
        "entities": [
          {
            "start": 11,
            "end": 27,
            "value": "volcano eruption",
            "entity": "condition"
          },
          {
            "start": 31,
            "end": 38,
            "value": "Sicilia",
            "entity": "address"
          },
          {
            "start": 39,
            "end": 49,
            "value": "this month",
            "entity": "date-time"
          }
        ],
        "text": "chances of volcano eruption in Sicilia this month"
      },
      {
        "intent": "weather.condition",
        "entities": [
          {
            "start": 14,
            "end": 23,
            "value": "tornadoes",
            "entity": "condition"
          },
          {
            "start": 36,
            "end": 45,
            "value": "Cleveland",
            "entity": "address"
          },
          {
            "start": 49,
            "end": 60,
            "value": "November 12",
            "entity": "date-time"
          }
        ],
        "text": "are there any tornadoes expected in Cleveland on November 12"
      },
      {
        "intent": "weather.condition",
        "entities": [
          {
            "start": 11,
            "end": 16,
            "value": "foggy",
            "entity": "condition"
          },
          {
            "start": 20,
            "end": 27,
            "value": "July 22",
            "entity": "date-time"
          }
        ],
        "text": "will it be foggy on July 22"
      },
      {
        "intent": "weather.condition",
        "entities": [
          {
            "start": 4,
            "end": 11,
            "value": "drizzle",
            "entity": "condition"
          },
          {
            "start": 32,
            "end": 38,
            "value": "Vienna",
            "entity": "address"
          },
          {
            "start": 39,
            "end": 51,
            "value": "this weekend",
            "entity": "date-time"
          }
        ],
        "text": "any drizzle in the forecast for Vienna this weekend"
      },
      {
        "intent": "weather.condition",
        "entities": [
          {
            "start": 14,
            "end": 23,
            "value": "tornadoes",
            "entity": "condition"
          },
          {
            "start": 31,
            "end": 38,
            "value": "weekend",
            "entity": "date-time"
          }
        ],
        "text": "any chance of tornadoes on the weekend"
      },
      {
        "intent": "weather.condition",
        "entities": [
          {
            "start": 4,
            "end": 8,
            "value": "snow",
            "entity": "condition"
          }
        ],
        "text": "any snow in the forecast"
      },
      {
        "intent": "weather.condition",
        "entities": [
          {
            "start": 10,
            "end": 20,
            "value": "hurricanes",
            "entity": "condition"
          },
          {
            "start": 30,
            "end": 39,
            "value": "next week",
            "entity": "date-time"
          }
        ],
        "text": "are there hurricanes expected next week"
      },
      {
        "intent": "weather.condition",
        "entities": [
          {
            "start": 13,
            "end": 17,
            "value": "rain",
            "entity": "condition"
          },
          {
            "start": 21,
            "end": 25,
            "value": "Oslo",
            "entity": "address"
          },
          {
            "start": 26,
            "end": 31,
            "value": "today",
            "entity": "date-time"
          }
        ],
        "text": "when will it rain in Oslo today"
      },
      {
        "intent": "weather.condition",
        "entities": [
          {
            "start": 8,
            "end": 12,
            "value": "rain",
            "entity": "condition"
          },
          {
            "start": 13,
            "end": 21,
            "value": "tomorrow",
            "entity": "date-time"
          },
          {
            "start": 25,
            "end": 30,
            "value": "Paris",
            "entity": "address"
          }
        ],
        "text": "will it rain tomorrow in Paris"
      },
      {
        "intent": "weather.condition",
        "entities": [
          {
            "start": 9,
            "end": 16,
            "value": "showers",
            "entity": "condition"
          },
          {
            "start": 37,
            "end": 45,
            "value": "Valencia",
            "entity": "address"
          }
        ],
        "text": "any snow showers in the forecast for Valencia"
      },
      {
        "intent": "weather.condition",
        "entities": [
          {
            "start": 6,
            "end": 13,
            "value": "snowing",
            "entity": "condition"
          },
          {
            "start": 17,
            "end": 23,
            "value": "Moscow",
            "entity": "address"
          }
        ],
        "text": "is it snowing in Moscow"
      },
      {
        "intent": "weather.condition",
        "entities": [
          {
            "start": 14,
            "end": 27,
            "value": "thunderstorms",
            "entity": "condition"
          },
          {
            "start": 31,
            "end": 39,
            "value": "Colorado",
            "entity": "address"
          }
        ],
        "text": "any chance of thunderstorms in Colorado"
      },
      {
        "intent": "weather.condition",
        "entities": [
          {
            "start": 19,
            "end": 23,
            "value": "rain",
            "entity": "condition"
          }
        ],
        "text": "but is it going to rain"
      },
      {
        "intent": "weather",
        "entities": [
          {
            "start": 24,
            "end": 36,
            "value": "Kernersville",
            "entity": "location"
          }
        ],
        "text": "what is the weather for Kernersville"
      },
      {
        "intent": "weather",
        "entities": [
          {
            "start": 25,
            "end": 34,
            "value": "March 2nd",
            "entity": "date-time"
          }
        ],
        "text": "what was the weather for March 2nd"
      },
      {
        "intent": "weather",
        "entities": [
          {
            "start": 33,
            "end": 49,
            "value": "tomorrow morning",
            "entity": "date-time"
          }
        ],
        "text": "what is the weather forecast for tomorrow morning"
      },
      {
        "intent": "weather",
        "entities": [
          {
            "start": 11,
            "end": 19,
            "value": "Khanapur",
            "entity": "location"
          }
        ],
        "text": "weather in Khanapur"
      },
      {
        "intent": "weather",
        "entities": [
          {
            "start": 8,
            "end": 13,
            "value": "today",
            "entity": "date-time"
          }
        ],
        "text": "what is today's weather like"
      },
      {
        "intent": "weather",
        "entities": [
          {
            "start": 13,
            "end": 18,
            "value": "India",
            "entity": "location"
          }
        ],
        "text": "find weather India"
      },
      {
        "intent": "weather",
        "entities": [
          {
            "start": 11,
            "end": 17,
            "value": "London",
            "entity": "location"
          },
          {
            "start": 18,
            "end": 27,
            "value": "in 5 days",
            "entity": "date-time"
          }
        ],
        "text": "weather in London in 5 days"
      },
      {
        "intent": "weather",
        "entities": [
          {
            "start": 21,
            "end": 29,
            "value": "tomorrow",
            "entity": "date-time"
          },
          {
            "start": 33,
            "end": 46,
            "value": "Mountain View",
            "entity": "location"
          }
        ],
        "text": "weather forecast for tomorrow in Mountain View"
      },
      {
        "intent": "weather",
        "entities": [
          {
            "start": 20,
            "end": 28,
            "value": "tomorrow",
            "entity": "date-time"
          },
          {
            "start": 32,
            "end": 40,
            "value": "Campbell",
            "entity": "location"
          }
        ],
        "text": "what is the weather tomorrow in Campbell"
      },
      {
        "intent": "weather",
        "entities": [
          {
            "start": 11,
            "end": 17,
            "value": "Nirmal",
            "entity": "location"
          }
        ],
        "text": "weather in Nirmal"
      },
      {
        "intent": "weather",
        "entities": [
          {
            "start": 8,
            "end": 13,
            "value": "today",
            "entity": "date-time"
          }
        ],
        "text": "what is today's weather"
      },
      {
        "intent": "weather",
        "entities": [
          {
            "start": 33,
            "end": 47,
            "value": "this afternoon",
            "entity": "date-time"
          }
        ],
        "text": "what is the weather forecast for this afternoon"
      },
      {
        "intent": "weather",
        "entities": [
          {
            "start": 20,
            "end": 28,
            "value": "Valencia",
            "entity": "location"
          }
        ],
        "text": "current forecast in Valencia"
      },
      {
        "intent": "weather",
        "entities": [
          {
            "start": 11,
            "end": 17,
            "value": "Friday",
            "entity": "date-time"
          }
        ],
        "text": "weather on Friday"
      },
      {
        "intent": "weather",
        "entities": [
          {
            "start": 25,
            "end": 34,
            "value": "right now",
            "entity": "date-time"
          }
        ],
        "text": "what is the weather like right now"
      },
      {
        "intent": "weather",
        "entities": [
          {
            "start": 12,
            "end": 17,
            "value": "Tokyo",
            "entity": "location"
          }
        ],
        "text": "forecast in Tokyo"
      },
      {
        "intent": "weather",
        "entities": [
          {
            "start": 33,
            "end": 45,
            "value": "this morning",
            "entity": "date-time"
          }
        ],
        "text": "what is the weather forecast for this morning"
      },
      {
        "intent": "weather",
        "entities": [
          {
            "start": 11,
            "end": 17,
            "value": "Sunday",
            "entity": "date-time"
          }
        ],
        "text": "weather on Sunday"
      },
      {
        "intent": "weather",
        "text": "what's the weather like in our area"
      },
      {
        "intent": "weather",
        "entities": [
          {
            "start": 30,
            "end": 36,
            "value": "Monday",
            "entity": "date-time"
          }
        ],
        "text": "how's the weather gonna be on Monday"
      },
      {
        "intent": "weather",
        "entities": [
          {
            "start": 23,
            "end": 32,
            "value": "Cape Town",
            "entity": "location"
          }
        ],
        "text": "what is the weather in Cape Town"
      },
      {
        "intent": "weather",
        "entities": [
          {
            "start": 27,
            "end": 35,
            "value": "New York",
            "entity": "location"
          }
        ],
        "text": "what's the weather like in New York"
      },
      {
        "intent": "weather",
        "entities": [
          {
            "start": 35,
            "end": 42,
            "value": "Atlanta",
            "entity": "location"
          }
        ],
        "text": "tell me what's the weather like in Atlanta"
      },
      {
        "intent": "weather",
        "entities": [
          {
            "start": 12,
            "end": 19,
            "value": "April 3",
            "entity": "date-time"
          }
        ],
        "text": "weather for April 3"
      },
      {
        "intent": "weather",
        "text": "how is the weather in my area"
      },
      {
        "intent": "weather",
        "entities": [
          {
            "start": 16,
            "end": 28,
            "value": "fifth of May",
            "entity": "date-time"
          }
        ],
        "text": "weather for the fifth of May"
      },
      {
        "intent": "weather",
        "entities": [
          {
            "start": 8,
            "end": 15,
            "value": "Montana",
            "entity": "location"
          }
        ],
        "text": "weather Montana"
      },
      {
        "intent": "weather",
        "text": "weather report"
      },
      {
        "intent": "weather",
        "text": "I'd like to know the weather"
      },
      {
        "intent": "weather",
        "entities": [
          {
            "start": 23,
            "end": 36,
            "value": "San Francisco",
            "entity": "location"
          }
        ],
        "text": "show me the weather in San Francisco"
      },
      {
        "intent": "weather",
        "entities": [
          {
            "start": 20,
            "end": 25,
            "value": "today",
            "entity": "date-time"
          }
        ],
        "text": "show me weather for today"
      },
      {
        "intent": "weather",
        "entities": [
          {
            "start": 0,
            "end": 5,
            "value": "today",
            "entity": "date-time"
          },
          {
            "start": 19,
            "end": 25,
            "value": "London",
            "entity": "location"
          }
        ],
        "text": "today's weather in London"
      },
      {
        "intent": "weather",
        "entities": [
          {
            "start": 8,
            "end": 15,
            "value": "Seattle",
            "entity": "location"
          }
        ],
        "text": "weather Seattle"
      },
      {
        "intent": "weather",
        "entities": [
          {
            "start": 11,
            "end": 19,
            "value": "New York",
            "entity": "location"
          },
          {
            "start": 20,
            "end": 32,
            "value": "this morning",
            "entity": "date-time"
          }
        ],
        "text": "weather in New York this morning"
      },
      {
        "intent": "weather",
        "text": "what's the weather supposed to be"
      },
      {
        "intent": "weather",
        "entities": [
          {
            "start": 0,
            "end": 5,
            "value": "today",
            "entity": "date-time"
          }
        ],
        "text": "today 'sweather"
      },
      {
        "intent": "weather",
        "text": "weather in this area"
      },
      {
        "intent": "weather",
        "text": "check weather"
      },
      {
        "intent": "weather",
        "entities": [
          {
            "start": 28,
            "end": 37,
            "value": "next week",
            "entity": "date-time"
          }
        ],
        "text": "tell me the weather for the next week"
      },
      {
        "intent": "weather",
        "entities": [
          {
            "start": 20,
            "end": 27,
            "value": "Oakland",
            "entity": "location"
          },
          {
            "start": 28,
            "end": 37,
            "value": "next week",
            "entity": "date-time"
          }
        ],
        "text": "weather forecast in Oakland next week"
      },
      {
        "intent": "weather",
        "entities": [
          {
            "start": 25,
            "end": 30,
            "value": "today",
            "entity": "date-time"
          }
        ],
        "text": "what is the weather like today"
      },
      {
        "intent": "weather",
        "entities": [
          {
            "start": 20,
            "end": 26,
            "value": "Denver",
            "entity": "location"
          }
        ],
        "text": "weather forecast in Denver"
      },
      {
        "intent": "weather",
        "entities": [
          {
            "start": 27,
            "end": 32,
            "value": "Delft",
            "entity": "location"
          }
        ],
        "text": "what's the weather like in Delft"
      },
      {
        "intent": "weather",
        "entities": [
          {
            "start": 24,
            "end": 34,
            "value": "Greenville",
            "entity": "location"
          }
        ],
        "text": "what is the weather for Greenville"
      },
      {
        "intent": "weather",
        "entities": [
          {
            "start": 31,
            "end": 34,
            "value": "SVO",
            "entity": "location"
          }
        ],
        "text": "what is the current weather at SVO"
      },
      {
        "intent": "weather",
        "entities": [
          {
            "start": 20,
            "end": 28,
            "value": "tomorrow",
            "entity": "date-time"
          },
          {
            "start": 32,
            "end": 40,
            "value": "Canberra",
            "entity": "location"
          }
        ],
        "text": "what is the weather tomorrow in Canberra"
      },
      {
        "intent": "weather",
        "entities": [
          {
            "start": 23,
            "end": 31,
            "value": "tomorrow",
            "entity": "date-time"
          }
        ],
        "text": "what's the weather for tomorrow"
      },
      {
        "intent": "weather",
        "entities": [
          {
            "start": 12,
            "end": 20,
            "value": "March 25",
            "entity": "date-time"
          }
        ],
        "text": "weather for March 25"
      },
      {
        "intent": "weather",
        "entities": [
          {
            "start": 21,
            "end": 28,
            "value": "Tuesday",
            "entity": "date-time"
          }
        ],
        "text": "weather forecast for Tuesday"
      },
      {
        "intent": "weather",
        "entities": [
          {
            "start": 19,
            "end": 24,
            "value": "today",
            "entity": "date-time"
          }
        ],
        "text": "what's the weather today"
      },
      {
        "intent": "weather",
        "entities": [
          {
            "start": 31,
            "end": 35,
            "value": "Pune",
            "entity": "location"
          }
        ],
        "text": "what is the current weather in Pune"
      },
      {
        "intent": "weather",
        "entities": [
          {
            "start": 32,
            "end": 37,
            "value": "today",
            "entity": "date-time"
          }
        ],
        "text": "what's the weather forecast for today"
      },
      {
        "intent": "weather",
        "entities": [
          {
            "start": 20,
            "end": 34,
            "value": "this afternoon",
            "entity": "date-time"
          }
        ],
        "text": "what is the weather this afternoon"
      },
      {
        "intent": "weather",
        "entities": [
          {
            "start": 34,
            "end": 45,
            "value": "next Friday",
            "entity": "date-time"
          },
          {
            "start": 49,
            "end": 62,
            "value": "San Francisco",
            "entity": "location"
          }
        ],
        "text": "what's the weather supposed to be next Friday in San Francisco"
      },
      {
        "intent": "weather",
        "entities": [
          {
            "start": 0,
            "end": 5,
            "value": "India",
            "entity": "location"
          }
        ],
        "text": "India weather report"
      },
      {
        "intent": "weather",
        "entities": [
          {
            "start": 18,
            "end": 23,
            "value": "today",
            "entity": "date-time"
          }
        ],
        "text": "how's the weather today"
      },
      {
        "intent": "weather",
        "entities": [
          {
            "start": 11,
            "end": 18,
            "value": "Salalah",
            "entity": "location"
          }
        ],
        "text": "weather of Salalah"
      },
      {
        "intent": "weather",
        "entities": [
          {
            "start": 33,
            "end": 38,
            "value": "Tokyo",
            "entity": "location"
          },
          {
            "start": 46,
            "end": 58,
            "value": "next weekend",
            "entity": "date-time"
          }
        ],
        "text": "what will be the weather like in Tokyo on the next weekend"
      },
      {
        "intent": "weather",
        "entities": [
          {
            "start": 32,
            "end": 38,
            "value": "Madrid",
            "entity": "location"
          }
        ],
        "text": "I'd like to know the weather in Madrid"
      },
      {
        "intent": "weather",
        "entities": [
          {
            "start": 33,
            "end": 46,
            "value": "next Saturday",
            "entity": "date-time"
          }
        ],
        "text": "show me the weather forecast for next Saturday"
      },
      {
        "intent": "weather",
        "entities": [
          {
            "start": 37,
            "end": 43,
            "value": "Moscow",
            "entity": "location"
          }
        ],
        "text": "what's the weather supposed to be in Moscow"
      },
      {
        "intent": "weather",
        "entities": [
          {
            "start": 22,
            "end": 30,
            "value": "New York",
            "entity": "location"
          },
          {
            "start": 31,
            "end": 43,
            "value": "this morning",
            "entity": "date-time"
          }
        ],
        "text": "what's the weather in New York this morning"
      },
      {
        "intent": "weather",
        "entities": [
          {
            "start": 33,
            "end": 44,
            "value": "November 13",
            "entity": "date-time"
          },
          {
            "start": 48,
            "end": 54,
            "value": "Zurich",
            "entity": "location"
          }
        ],
        "text": "I'd like to know the weather for November 13 in Zurich"
      },
      {
        "intent": "weather",
        "entities": [
          {
            "start": 8,
            "end": 14,
            "value": "Durban",
            "entity": "location"
          }
        ],
        "text": "weather Durban"
      },
      {
        "intent": "weather",
        "entities": [
          {
            "start": 11,
            "end": 16,
            "value": "night",
            "entity": "date-time"
          }
        ],
        "text": "weather at night"
      },
      {
        "intent": "weather",
        "entities": [
          {
            "start": 11,
            "end": 20,
            "value": "afternoon",
            "entity": "date-time"
          }
        ],
        "text": "weather in afternoon"
      },
      {
        "intent": "weather",
        "entities": [
          {
            "start": 0,
            "end": 8,
            "value": "tomorrow",
            "entity": "date-time"
          }
        ],
        "text": "tomorrow's weather"
      },
      {
        "intent": "weather",
        "entities": [
          {
            "start": 36,
            "end": 41,
            "value": "Aspen",
            "entity": "location"
          }
        ],
        "text": "now tell me the weather forecast in Aspen"
      },
      {
        "intent": "weather",
        "entities": [
          {
            "start": 31,
            "end": 44,
            "value": "San Francisco",
            "entity": "location"
          }
        ],
        "text": "what's the weather forecast in San Francisco"
      },
      {
        "intent": "weather",
        "entities": [
          {
            "start": 31,
            "end": 39,
            "value": "tomorrow",
            "entity": "date-time"
          }
        ],
        "text": "what's the weather going to be tomorrow"
      },
      {
        "intent": "weather",
        "entities": [
          {
            "start": 25,
            "end": 30,
            "value": "today",
            "entity": "date-time"
          }
        ],
        "text": "what will be the weather today"
      },
      {
        "intent": "weather",
        "entities": [
          {
            "start": 32,
            "end": 39,
            "value": "July 22",
            "entity": "date-time"
          }
        ],
        "text": "I'd like to get the weather for July 22"
      },
      {
        "intent": "weather",
        "text": "what's it like outside"
      },
      {
        "intent": "weather",
        "entities": [
          {
            "start": 23,
            "end": 32,
            "value": "Melbourne",
            "entity": "location"
          },
          {
            "start": 33,
            "end": 42,
            "value": "right now",
            "entity": "date-time"
          }
        ],
        "text": "what is the weather in Melbourne right now"
      },
      {
        "intent": "weather",
        "entities": [
          {
            "start": 21,
            "end": 25,
            "value": "Rome",
            "entity": "location"
          }
        ],
        "text": "how's the weather in Rome"
      },
      {
        "intent": "weather",
        "entities": [
          {
            "start": 37,
            "end": 42,
            "value": "today",
            "entity": "date-time"
          }
        ],
        "text": "what is the weather going to be like today"
      },
      {
        "intent": "weather",
        "entities": [
          {
            "start": 11,
            "end": 16,
            "value": "Mamda",
            "entity": "location"
          }
        ],
        "text": "weather in Mamda"
      },
      {
        "intent": "weather",
        "entities": [
          {
            "start": 43,
            "end": 52,
            "value": "Hong Kong",
            "entity": "location"
          }
        ],
        "text": "could you give me the weather forecast for Hong Kong please"
      },
      {
        "intent": "weather",
        "entities": [
          {
            "start": 23,
            "end": 29,
            "value": "Munich",
            "entity": "location"
          }
        ],
        "text": "show me the weather in Munich"
      },
      {
        "intent": "weather",
        "entities": [
          {
            "start": 8,
            "end": 13,
            "value": "today",
            "entity": "date-time"
          },
          {
            "start": 39,
            "end": 45,
            "value": "London",
            "entity": "location"
          }
        ],
        "text": "what is today's weather going to be in London"
      },
      {
        "intent": "weather",
        "entities": [
          {
            "start": 0,
            "end": 8,
            "value": "tomorrow",
            "entity": "date-time"
          },
          {
            "start": 30,
            "end": 38,
            "value": "Brussels",
            "entity": "location"
          }
        ],
        "text": "tomorrow's weather report for Brussels"
      },
      {
        "intent": "weather",
        "entities": [
          {
            "start": 8,
            "end": 11,
            "value": "now",
            "entity": "date-time"
          }
        ],
        "text": "weather now"
      },
      {
        "intent": "weather",
        "entities": [
          {
            "start": 20,
            "end": 27,
            "value": "Oakland",
            "entity": "location"
          }
        ],
        "text": "weather forecast in Oakland"
      },
      {
        "intent": "weather",
        "entities": [
          {
            "start": 23,
            "end": 28,
            "value": "Milan",
            "entity": "location"
          },
          {
            "start": 33,
            "end": 42,
            "value": "Wednesday",
            "entity": "date-time"
          }
        ],
        "text": "show me the weather in Milan for Wednesday"
      },
      {
        "intent": "weather",
        "entities": [
          {
            "start": 19,
            "end": 24,
            "value": "today",
            "entity": "date-time"
          }
        ],
        "text": "how is the weather today"
      },
      {
        "intent": "weather",
        "entities": [
          {
            "start": 42,
            "end": 47,
            "value": "today",
            "entity": "date-time"
          }
        ],
        "text": "what's the weather going to be like later today"
      },
      {
        "intent": "weather",
        "entities": [
          {
            "start": 34,
            "end": 43,
            "value": "this week",
            "entity": "date-time"
          }
        ],
        "text": "what's the weather supposed to be this week"
      },
      {
        "intent": "weather",
        "entities": [
          {
            "start": 8,
            "end": 13,
            "value": "today",
            "entity": "date-time"
          },
          {
            "start": 17,
            "end": 25,
            "value": "New York",
            "entity": "location"
          }
        ],
        "text": "weather today in New York"
      },
      {
        "intent": "weather",
        "text": "show me the weather"
      },
      {
        "intent": "weather",
        "entities": [
          {
            "start": 11,
            "end": 19,
            "value": "Valencia",
            "entity": "location"
          },
          {
            "start": 24,
            "end": 29,
            "value": "today",
            "entity": "date-time"
          }
        ],
        "text": "weather in Valencia for today"
      },
      {
        "intent": "weather",
        "entities": [
          {
            "start": 16,
            "end": 28,
            "value": "this evening",
            "entity": "date-time"
          }
        ],
        "text": "weather outside this evening"
      },
      {
        "intent": "weather",
        "entities": [
          {
            "start": 8,
            "end": 20,
            "value": "this morning",
            "entity": "date-time"
          }
        ],
        "text": "weather this morning"
      },
      {
        "intent": "weather",
        "entities": [
          {
            "start": 30,
            "end": 35,
            "value": "today",
            "entity": "date-time"
          }
        ],
        "text": "how's the weather going to be today"
      },
      {
        "intent": "weather",
        "entities": [
          {
            "start": 37,
            "end": 44,
            "value": "weekend",
            "entity": "date-time"
          }
        ],
        "text": "what will be the weather like on the weekend"
      },
      {
        "intent": "weather",
        "entities": [
          {
            "start": 19,
            "end": 24,
            "value": "Paris",
            "entity": "location"
          }
        ],
        "text": "weather report for Paris"
      },
      {
        "intent": "weather",
        "text": "weather outside"
      },
      {
        "intent": "weather",
        "entities": [
          {
            "start": 27,
            "end": 35,
            "value": "New York",
            "entity": "location"
          }
        ],
        "text": "what's the weather like at New York"
      },
      {
        "intent": "weather",
        "entities": [
          {
            "start": 15,
            "end": 20,
            "value": "Miami",
            "entity": "location"
          }
        ],
        "text": "the weather in Miami is what"
      },
      {
        "intent": "weather",
        "entities": [
          {
            "start": 20,
            "end": 25,
            "value": "today",
            "entity": "date-time"
          }
        ],
        "text": "what is the weather today"
      },
      {
        "intent": "weather",
        "text": "what's the weather like"
      },
      {
        "intent": "weather",
        "entities": [
          {
            "start": 24,
            "end": 36,
            "value": "this evening",
            "entity": "date-time"
          }
        ],
        "text": "what's the weather like this evening"
      },
      {
        "intent": "weather",
        "text": "what's the weather in my country"
      },
      {
        "intent": "weather",
        "entities": [
          {
            "start": 8,
            "end": 13,
            "value": "today",
            "entity": "date-time"
          }
        ],
        "text": "weather today"
      },
      {
        "intent": "weather",
        "entities": [
          {
            "start": 15,
            "end": 22,
            "value": "evening",
            "entity": "date-time"
          }
        ],
        "text": "weather in the evening"
      },
      {
        "intent": "weather",
        "entities": [
          {
            "start": 27,
            "end": 36,
            "value": "San Diego",
            "entity": "location"
          },
          {
            "start": 37,
            "end": 45,
            "value": "tomorrow",
            "entity": "date-time"
          }
        ],
        "text": "what's the weather like in San Diego tomorrow"
      },
      {
        "intent": "weather",
        "entities": [
          {
            "start": 11,
            "end": 17,
            "value": "Moscow",
            "entity": "location"
          },
          {
            "start": 18,
            "end": 26,
            "value": "tomorrow",
            "entity": "date-time"
          }
        ],
        "text": "weather in Moscow tomorrow"
      },
      {
        "intent": "weather",
        "entities": [
          {
            "start": 11,
            "end": 17,
            "value": "London",
            "entity": "location"
          }
        ],
        "text": "weather in London"
      },
      {
        "intent": "weather",
        "text": "weather"
      },
      {
        "intent": "weather.outfit",
        "entities": [
          {
            "start": 13,
            "end": 22,
            "value": "sunscreen",
            "entity": "outfit"
          }
        ],
        "text": "should I use sunscreen"
      },
      {
        "intent": "weather.outfit",
        "entities": [
          {
            "start": 16,
            "end": 22,
            "value": "jacket",
            "entity": "outfit"
          },
          {
            "start": 23,
            "end": 28,
            "value": "today",
            "entity": "date-time"
          }
        ],
        "text": "should I wear a jacket today"
      },
      {
        "intent": "weather.outfit",
        "entities": [
          {
            "start": 23,
            "end": 27,
            "value": "coat",
            "entity": "outfit"
          },
          {
            "start": 28,
            "end": 35,
            "value": "tomorow",
            "entity": "date-time"
          }
        ],
        "text": "are we going to need a coat tomorow"
      },
      {
        "intent": "weather.outfit",
        "entities": [
          {
            "start": 15,
            "end": 23,
            "value": "umbrella",
            "entity": "outfit"
          },
          {
            "start": 24,
            "end": 35,
            "value": "next Friday",
            "entity": "date-time"
          },
          {
            "start": 39,
            "end": 44,
            "value": "Paris",
            "entity": "address"
          }
        ],
        "text": "will I need an umbrella next Friday in Paris"
      },
      {
        "intent": "weather.outfit",
        "entities": [
          {
            "start": 17,
            "end": 23,
            "value": "gloves",
            "entity": "outfit"
          },
          {
            "start": 27,
            "end": 32,
            "value": "Aspen",
            "entity": "address"
          }
        ],
        "text": "should I wear my gloves in Aspen"
      },
      {
        "intent": "weather.outfit",
        "entities": [
          {
            "start": 18,
            "end": 26,
            "value": "umbrella",
            "entity": "outfit"
          },
          {
            "start": 30,
            "end": 36,
            "value": "London",
            "entity": "address"
          }
        ],
        "text": "should I carry my umbrella in London"
      },
      {
        "intent": "weather.outfit",
        "entities": [
          {
            "start": 16,
            "end": 22,
            "value": "jacket",
            "entity": "outfit"
          }
        ],
        "text": "should I take a jacket"
      },
      {
        "intent": "weather.outfit",
        "entities": [
          {
            "start": 10,
            "end": 18,
            "value": "umbrella",
            "entity": "outfit"
          },
          {
            "start": 22,
            "end": 27,
            "value": "Tokyo",
            "entity": "address"
          }
        ],
        "text": "do I need umbrella in Tokyo"
      },
      {
        "intent": "weather.outfit",
        "entities": [
          {
            "start": 14,
            "end": 24,
            "value": "sunglasses",
            "entity": "outfit"
          },
          {
            "start": 25,
            "end": 33,
            "value": "tomorrow",
            "entity": "date-time"
          },
          {
            "start": 37,
            "end": 47,
            "value": "California",
            "entity": "address"
          }
        ],
        "text": "should I wear sunglasses tomorrow in California"
      },
      {
        "intent": "weather.outfit",
        "entities": [
          {
            "start": 15,
            "end": 23,
            "value": "umbrella",
            "entity": "outfit"
          },
          {
            "start": 27,
            "end": 32,
            "value": "Paris",
            "entity": "address"
          },
          {
            "start": 33,
            "end": 45,
            "value": "this weekend",
            "entity": "date-time"
          }
        ],
        "text": "will I need an umbrella in Paris this weekend"
      },
      {
        "intent": "weather.outfit",
        "entities": [
          {
            "start": 17,
            "end": 25,
            "value": "umbrella",
            "entity": "outfit"
          },
          {
            "start": 26,
            "end": 34,
            "value": "tomorrow",
            "entity": "date-time"
          }
        ],
        "text": "should I take an umbrella tomorrow"
      },
      {
        "intent": "weather.outfit",
        "entities": [
          {
            "start": 15,
            "end": 23,
            "value": "umbrella",
            "entity": "outfit"
          },
          {
            "start": 24,
            "end": 32,
            "value": "tomorrow",
            "entity": "date-time"
          }
        ],
        "text": "will I need an umbrella tomorrow"
      },
      {
        "intent": "weather.outfit",
        "entities": [
          {
            "start": 14,
            "end": 24,
            "value": "sunglasses",
            "entity": "outfit"
          },
          {
            "start": 28,
            "end": 33,
            "value": "Milan",
            "entity": "address"
          }
        ],
        "text": "should I wear sunglasses in Milan"
      },
      {
        "intent": "weather.outfit",
        "entities": [
          {
            "start": 10,
            "end": 20,
            "value": "sunglasses",
            "entity": "outfit"
          }
        ],
        "text": "do I need sunglasses"
      },
      {
        "intent": "weather.outfit",
        "entities": [
          {
            "start": 13,
            "end": 21,
            "value": "umbrella",
            "entity": "outfit"
          },
          {
            "start": 22,
            "end": 30,
            "value": "tomorrow",
            "entity": "date-time"
          }
        ],
        "text": "do I need an umbrella tomorrow"
      },
      {
        "intent": "weather.outfit",
        "entities": [
          {
            "start": 16,
            "end": 22,
            "value": "jacket",
            "entity": "outfit"
          },
          {
            "start": 26,
            "end": 32,
            "value": "Prague",
            "entity": "address"
          },
          {
            "start": 36,
            "end": 43,
            "value": "June 20",
            "entity": "date-time"
          }
        ],
        "text": "should I take a jacket to Prague on June 20"
      },
      {
        "intent": "weather.outfit",
        "entities": [
          {
            "start": 14,
            "end": 24,
            "value": "sunglasses",
            "entity": "outfit"
          },
          {
            "start": 25,
            "end": 33,
            "value": "tomorrow",
            "entity": "date-time"
          }
        ],
        "text": "should I take sunglasses tomorrow"
      },
      {
        "intent": "weather.outfit",
        "entities": [
          {
            "start": 18,
            "end": 26,
            "value": "umbrella",
            "entity": "outfit"
          }
        ],
        "text": "should I carry an umbrella"
      },
      {
        "intent": "weather.outfit",
        "entities": [
          {
            "start": 17,
            "end": 21,
            "value": "coat",
            "entity": "outfit"
          }
        ],
        "text": "should I wear my coat"
      },
      {
        "intent": "weather.outfit",
        "entities": [
          {
            "start": 15,
            "end": 23,
            "value": "umbrella",
            "entity": "outfit"
          },
          {
            "start": 24,
            "end": 36,
            "value": "this weekend",
            "entity": "date-time"
          }
        ],
        "text": "will I need an umbrella this weekend"
      },
      {
        "intent": "weather.outfit",
        "entities": [
          {
            "start": 21,
            "end": 27,
            "value": "jacket",
            "entity": "outfit"
          },
          {
            "start": 36,
            "end": 44,
            "value": "tomorrow",
            "entity": "date-time"
          }
        ],
        "text": "do I need to bring a jacket to work tomorrow"
      },
      {
        "intent": "weather.outfit",
        "entities": [
          {
            "start": 14,
            "end": 24,
            "value": "sunglasses",
            "entity": "outfit"
          }
        ],
        "text": "should I wear sunglasses"
      },
      {
        "intent": "weather.outfit",
        "entities": [
          {
            "start": 16,
            "end": 22,
            "value": "jacket",
            "entity": "outfit"
          },
          {
            "start": 26,
            "end": 32,
            "value": "Moscow",
            "entity": "address"
          }
        ],
        "text": "should I take a jacket to Moscow"
      },
      {
        "intent": "weather.temperature",
        "entities": [
          {
            "start": 3,
            "end": 8,
            "value": "today",
            "entity": "date-time"
          },
          {
            "start": 11,
            "end": 14,
            "value": "hot",
            "entity": "temperature"
          }
        ],
        "text": "is today a hot day"
      },
      {
        "intent": "weather.temperature",
        "entities": [
          {
            "start": 11,
            "end": 14,
            "value": "hot",
            "entity": "temperature"
          },
          {
            "start": 18,
            "end": 23,
            "value": "Ibiza",
            "entity": "address"
          },
          {
            "start": 24,
            "end": 36,
            "value": "next weekend",
            "entity": "date-time"
          }
        ],
        "text": "will it be hot in Ibiza next weekend"
      },
      {
        "intent": "weather.temperature",
        "entities": [
          {
            "start": 4,
            "end": 8,
            "value": "cold",
            "entity": "temperature"
          },
          {
            "start": 30,
            "end": 41,
            "value": "this Sunday",
            "entity": "date-time"
          },
          {
            "start": 45,
            "end": 58,
            "value": "Mountain View",
            "entity": "address"
          }
        ],
        "text": "how cold is it supposed to be this Sunday in Mountain View"
      },
      {
        "intent": "weather.temperature",
        "entities": [
          {
            "start": 20,
            "end": 24,
            "value": "cold",
            "entity": "temperature"
          },
          {
            "start": 25,
            "end": 28,
            "value": "now",
            "entity": "date-time"
          }
        ],
        "text": "do you know if it's cold now"
      },
      {
        "intent": "weather.temperature",
        "text": "check temperature"
      },
      {
        "intent": "weather.temperature",
        "entities": [
          {
            "start": 16,
            "end": 20,
            "value": "cold",
            "entity": "temperature"
          }
        ],
        "text": "tell me if it's cold outside"
      },
      {
        "intent": "weather.temperature",
        "entities": [
          {
            "start": 22,
            "end": 33,
            "value": "next Friday",
            "entity": "date-time"
          }
        ],
        "text": "check temperature for next Friday"
      },
      {
        "intent": "weather.temperature",
        "text": "what's the temperature outside"
      },
      {
        "intent": "weather.temperature",
        "entities": [
          {
            "start": 20,
            "end": 24,
            "value": "cold",
            "entity": "temperature"
          },
          {
            "start": 33,
            "end": 36,
            "value": "now",
            "entity": "date-time"
          }
        ],
        "text": "do you know if it's cold outside now"
      },
      {
        "intent": "weather.temperature",
        "entities": [
          {
            "start": 22,
            "end": 31,
            "value": "next week",
            "entity": "date-time"
          },
          {
            "start": 35,
            "end": 43,
            "value": "Budapest",
            "entity": "address"
          }
        ],
        "text": "check temperature for next week in Budapest"
      },
      {
        "intent": "weather.temperature",
        "entities": [
          {
            "start": 12,
            "end": 19,
            "value": "tonight",
            "entity": "date-time"
          }
        ],
        "text": "temperature tonight"
      },
      {
        "intent": "weather.temperature",
        "entities": [
          {
            "start": 32,
            "end": 38,
            "value": "Monday",
            "entity": "date-time"
          }
        ],
        "text": "what will the temperature be on Monday"
      },
      {
        "intent": "weather.temperature",
        "entities": [
          {
            "start": 36,
            "end": 43,
            "value": "July 22",
            "entity": "date-time"
          },
          {
            "start": 47,
            "end": 52,
            "value": "Tampa",
            "entity": "address"
          }
        ],
        "text": "I'd like to know the temperature on July 22 in Tampa"
      },
      {
        "intent": "weather.temperature",
        "text": "show me the temperature"
      },
      {
        "intent": "weather.temperature",
        "entities": [
          {
            "start": 26,
            "end": 34,
            "value": "freezing",
            "entity": "temperature"
          },
          {
            "start": 35,
            "end": 43,
            "value": "tomorrow",
            "entity": "date-time"
          }
        ],
        "text": "check if it's going to be freezing tomorrow"
      },
      {
        "intent": "weather.temperature",
        "entities": [
          {
            "start": 6,
            "end": 12,
            "value": "chilly",
            "entity": "temperature"
          },
          {
            "start": 16,
            "end": 22,
            "value": "London",
            "entity": "address"
          },
          {
            "start": 23,
            "end": 32,
            "value": "right now",
            "entity": "date-time"
          }
        ],
        "text": "it is chilly in London right now"
      },
      {
        "intent": "weather.temperature",
        "entities": [
          {
            "start": 15,
            "end": 24,
            "value": "San Diego",
            "entity": "address"
          },
          {
            "start": 25,
            "end": 39,
            "value": "next Wednesday",
            "entity": "date-time"
          }
        ],
        "text": "temperature in San Diego next Wednesday"
      },
      {
        "intent": "weather.temperature",
        "entities": [
          {
            "start": 27,
            "end": 32,
            "value": "Paris",
            "entity": "address"
          },
          {
            "start": 36,
            "end": 46,
            "value": "Fahrenheit",
            "entity": "unit"
          }
        ],
        "text": "show me the temperature in Paris in Fahrenheit"
      },
      {
        "intent": "weather.temperature",
        "entities": [
          {
            "start": 6,
            "end": 9,
            "value": "hot",
            "entity": "temperature"
          },
          {
            "start": 10,
            "end": 13,
            "value": "now",
            "entity": "date-time"
          }
        ],
        "text": "is it hot now"
      },
      {
        "intent": "weather.temperature",
        "entities": [
          {
            "start": 4,
            "end": 8,
            "value": "cold",
            "entity": "temperature"
          },
          {
            "start": 30,
            "end": 39,
            "value": "this week",
            "entity": "date-time"
          }
        ],
        "text": "how cold is it supposed to be this week"
      },
      {
        "intent": "weather.temperature",
        "text": "temperature"
      },
      {
        "intent": "weather.temperature",
        "entities": [
          {
            "start": 26,
            "end": 32,
            "value": "Moscow",
            "entity": "address"
          },
          {
            "start": 36,
            "end": 43,
            "value": "Celsius",
            "entity": "unit"
          }
        ],
        "text": "what's the temperature in Moscow in Celsius"
      },
      {
        "intent": "weather.temperature",
        "entities": [
          {
            "start": 16,
            "end": 20,
            "value": "cold",
            "entity": "temperature"
          },
          {
            "start": 24,
            "end": 28,
            "value": "Oslo",
            "entity": "address"
          }
        ],
        "text": "tell me if it's cold in Oslo"
      },
      {
        "intent": "weather.temperature",
        "entities": [
          {
            "start": 6,
            "end": 9,
            "value": "hot",
            "entity": "temperature"
          },
          {
            "start": 13,
            "end": 18,
            "value": "Tokyo",
            "entity": "address"
          }
        ],
        "text": "is it hot in Tokyo"
      },
      {
        "intent": "weather.temperature",
        "entities": [
          {
            "start": 5,
            "end": 11,
            "value": "chilly",
            "entity": "temperature"
          },
          {
            "start": 15,
            "end": 23,
            "value": "New York",
            "entity": "address"
          }
        ],
        "text": "it's chilly in New York right"
      },
      {
        "intent": "weather.temperature",
        "entities": [
          {
            "start": 28,
            "end": 40,
            "value": "this weekend",
            "entity": "date-time"
          }
        ],
        "text": "show me the temperature for this weekend"
      },
      {
        "intent": "weather.temperature",
        "entities": [
          {
            "start": 6,
            "end": 10,
            "value": "warm",
            "entity": "temperature"
          },
          {
            "start": 14,
            "end": 22,
            "value": "New York",
            "entity": "address"
          }
        ],
        "text": "is it warm in New York"
      },
      {
        "intent": "weather.temperature",
        "entities": [
          {
            "start": 36,
            "end": 42,
            "value": "London",
            "entity": "address"
          }
        ],
        "text": "I'd like to know the temperature in London"
      },
      {
        "intent": "weather.temperature",
        "entities": [
          {
            "start": 23,
            "end": 31,
            "value": "tomorrow",
            "entity": "date-time"
          },
          {
            "start": 35,
            "end": 43,
            "value": "Canberra",
            "entity": "address"
          }
        ],
        "text": "what's the temperature tomorrow in Canberra"
      },
      {
        "intent": "weather.temperature",
        "entities": [
          {
            "start": 0,
            "end": 7,
            "value": "today's",
            "entity": "date-time"
          }
        ],
        "text": "today's temperature"
      },
      {
        "intent": "weather.temperature",
        "entities": [
          {
            "start": 24,
            "end": 32,
            "value": "tomorrow",
            "entity": "date-time"
          },
          {
            "start": 36,
            "end": 44,
            "value": "Campbell",
            "entity": "address"
          }
        ],
        "text": "what is the temperature tomorrow in Campbell"
      },
      {
        "intent": "weather.temperature",
        "entities": [
          {
            "start": 4,
            "end": 8,
            "value": "cold",
            "entity": "temperature"
          }
        ],
        "text": "how cold is it"
      },
      {
        "intent": "weather.temperature",
        "text": "I'd like to know the temperature"
      },
      {
        "intent": "weather.temperature",
        "entities": [
          {
            "start": 15,
            "end": 22,
            "value": "June 14",
            "entity": "date-time"
          }
        ],
        "text": "temperature on June 14"
      },
      {
        "intent": "weather.temperature",
        "entities": [
          {
            "start": 6,
            "end": 10,
            "value": "cold",
            "entity": "temperature"
          },
          {
            "start": 14,
            "end": 19,
            "value": "Miami",
            "entity": "address"
          },
          {
            "start": 20,
            "end": 25,
            "value": "today",
            "entity": "date-time"
          }
        ],
        "text": "is it cold in Miami today"
      },
      {
        "intent": "weather.temperature",
        "entities": [
          {
            "start": 11,
            "end": 15,
            "value": "warm",
            "entity": "temperature"
          },
          {
            "start": 16,
            "end": 24,
            "value": "tomorrow",
            "entity": "date-time"
          }
        ],
        "text": "will it be warm tomorrow"
      },
      {
        "intent": "weather.temperature",
        "entities": [
          {
            "start": 28,
            "end": 40,
            "value": "this weekend",
            "entity": "date-time"
          },
          {
            "start": 44,
            "end": 55,
            "value": "Los Angeles",
            "entity": "address"
          }
        ],
        "text": "show me the temperature for this weekend in Los Angeles"
      },
      {
        "intent": "weather.temperature",
        "entities": [
          {
            "start": 18,
            "end": 22,
            "value": "cold",
            "entity": "temperature"
          },
          {
            "start": 23,
            "end": 31,
            "value": "tomorrow",
            "entity": "date-time"
          },
          {
            "start": 35,
            "end": 42,
            "value": "Dresden",
            "entity": "address"
          }
        ],
        "text": "is it going to be cold tomorrow in Dresden"
      },
      {
        "intent": "weather.temperature",
        "entities": [
          {
            "start": 5,
            "end": 11,
            "value": "chilly",
            "entity": "temperature"
          }
        ],
        "text": "it's chilly outside right"
      },
      {
        "intent": "weather.temperature",
        "entities": [
          {
            "start": 15,
            "end": 21,
            "value": "Moscow",
            "entity": "address"
          }
        ],
        "text": "temperature in Moscow"
      },
      {
        "intent": "weather.temperature",
        "entities": [
          {
            "start": 15,
            "end": 22,
            "value": "Bangkok",
            "entity": "address"
          }
        ],
        "text": "temperature in Bangkok"
      },
      {
        "intent": "weather.temperature",
        "entities": [
          {
            "start": 4,
            "end": 12,
            "value": "New York",
            "entity": "address"
          },
          {
            "start": 19,
            "end": 23,
            "value": "cold",
            "entity": "temperature"
          }
        ],
        "text": "in  New York is it cold"
      },
      {
        "intent": "weather.temperature",
        "entities": [
          {
            "start": 32,
            "end": 38,
            "value": "Munich",
            "entity": "address"
          },
          {
            "start": 42,
            "end": 48,
            "value": "Monday",
            "entity": "date-time"
          }
        ],
        "text": "what will the temperature be in Munich on Monday"
      },
      {
        "intent": "weather.temperature",
        "entities": [
          {
            "start": 4,
            "end": 8,
            "value": "cold",
            "entity": "temperature"
          },
          {
            "start": 18,
            "end": 25,
            "value": "Chicago",
            "entity": "address"
          }
        ],
        "text": "how cold is it in Chicago"
      },
      {
        "intent": "weather.temperature",
        "entities": [
          {
            "start": 6,
            "end": 9,
            "value": "hot",
            "entity": "temperature"
          }
        ],
        "text": "is it hot"
      },
      {
        "intent": "weather.temperature",
        "entities": [
          {
            "start": 27,
            "end": 32,
            "value": "Paris",
            "entity": "address"
          }
        ],
        "text": "show me the temperature in Paris"
      },
      {
        "intent": "weather.temperature",
        "entities": [
          {
            "start": 21,
            "end": 27,
            "value": "Berlin",
            "entity": "address"
          }
        ],
        "text": "check temperature in Berlin"
      },
      {
        "intent": "weather.temperature",
        "entities": [
          {
            "start": 22,
            "end": 30,
            "value": "freezing",
            "entity": "temperature"
          },
          {
            "start": 34,
            "end": 41,
            "value": "Tuesday",
            "entity": "date-time"
          }
        ],
        "text": "tell me if it will be freezing on Tuesday"
      },
      {
        "intent": "weather.temperature",
        "entities": [
          {
            "start": 18,
            "end": 24,
            "value": "chilly",
            "entity": "temperature"
          },
          {
            "start": 25,
            "end": 33,
            "value": "tomorrow",
            "entity": "date-time"
          }
        ],
        "text": "is it going to be chilly tomorrow"
      },
      {
        "intent": "weather.temperature",
        "entities": [
          {
            "start": 15,
            "end": 19,
            "value": "cold",
            "entity": "temperature"
          },
          {
            "start": 20,
            "end": 27,
            "value": "tonight",
            "entity": "date-time"
          },
          {
            "start": 31,
            "end": 36,
            "value": "Aspen",
            "entity": "address"
          }
        ],
        "text": "allright is it cold tonight in Aspen"
      },
      {
        "intent": "weather.temperature",
        "entities": [
          {
            "start": 0,
            "end": 7,
            "value": "today's",
            "entity": "date-time"
          },
          {
            "start": 23,
            "end": 32,
            "value": "Salamanca",
            "entity": "address"
          }
        ],
        "text": "today's temperature in Salamanca"
      },
      {
        "intent": "weather.temperature",
        "entities": [
          {
            "start": 26,
            "end": 32,
            "value": "Madrid",
            "entity": "address"
          }
        ],
        "text": "what's the temperature in Madrid"
      },
      {
        "intent": "weather.units",
        "entities": [
          {
            "start": 10,
            "end": 11,
            "value": "F",
            "entity": "unit"
          }
        ],
        "text": "switch to F"
      },
      {
        "intent": "weather.units",
        "entities": [
          {
            "start": 22,
            "end": 23,
            "value": "F",
            "entity": "unit"
          }
        ],
        "text": "what's the weather in F"
      },
      {
        "intent": "weather.units",
        "entities": [
          {
            "start": 18,
            "end": 19,
            "value": "C",
            "entity": "unit"
          }
        ],
        "text": "switch degrees to C"
      },
      {
        "intent": "weather.units",
        "entities": [
          {
            "start": 16,
            "end": 17,
            "value": "F",
            "entity": "unit"
          }
        ],
        "text": "show weather in F"
      },
      {
        "intent": "weather.units",
        "text": "change temperature units"
      },
      {
        "intent": "weather.units",
        "entities": [
          {
            "start": 18,
            "end": 19,
            "value": "C",
            "entity": "unit"
          }
        ],
        "text": "can you say it in C"
      },
      {
        "intent": "weather.units",
        "entities": [
          {
            "start": 11,
            "end": 29,
            "value": "Fahrenheit degrees",
            "entity": "unit"
          }
        ],
        "text": "weather in Fahrenheit degrees"
      },
      {
        "intent": "weather.units",
        "text": "switch weather units"
      },
      {
        "intent": "weather.units",
        "entities": [
          {
            "start": 19,
            "end": 26,
            "value": "Celsius",
            "entity": "unit"
          }
        ],
        "text": "tell me weather in Celsius"
      }
    ],
    "regex_features": [],
    "entity_synonyms": [
      {
        "value": "snowball fighting",
        "synonyms": [
          "snowball fights",
          "snowball fight"
        ]
      },
      {
        "value": "cycling",
        "synonyms": [
          "ride my bike",
          "riding a bike",
          "ride"
        ]
      },
      {
        "value": "run",
        "synonyms": [
          "running"
        ]
      },
      {
        "value": "wool socks",
        "synonyms": [
          "woolen socks"
        ]
      },
      {
        "value": "rain coat",
        "synonyms": [
          "raincoat"
        ]
      },
      {
        "value": "gum boots",
        "synonyms": [
          "gumboots"
        ]
      },
      {
        "value": "sunglasses",
        "synonyms": [
          "sun glasses"
        ]
      },
      {
        "value": "cold",
        "synonyms": [
          "low",
          "extremely cold",
          "freezing",
          "freezing cold"
        ]
      },
      {
        "value": "warm",
        "synonyms": [
          "mild"
        ]
      },
      {
        "value": "hot",
        "synonyms": [
          "high",
          "extremely hot"
        ]
      },
      {
        "value": "F",
        "synonyms": [
          "degF",
          "deg F",
          "degre Fahrenheit",
          "degree Fahrenheit",
          "degrees Fahrenheit",
          "Fahrenheit",
          "Fahrenheit degree",
          "Fahrenheit degrees"
        ]
      },
      {
        "value": "C",
        "synonyms": [
          "degC",
          "deg C",
          "degre Celsius",
          "degree Celsius",
          "degrees Celsius",
          "Celsius",
          "centigrade",
          "degree centigrade",
          "degrees centigrade",
          "Celsius degree",
          "Celsius degrees"
        ]
      },
      {
        "value": "fog",
        "synonyms": [
          "mist"
        ]
      },
      {
        "value": "hurricane",
        "synonyms": [
          "hurricanes"
        ]
      },
      {
        "value": "rain",
        "synonyms": [
          "raining"
        ]
      },
      {
        "value": "sun",
        "synonyms": [
          "sunny"
        ]
      },
      {
        "value": "wind",
        "synonyms": [
          "windy"
        ]
      },
      {
        "value": "shower",
        "synonyms": [
          "showers"
        ]
      },
      {
        "value": "snow",
        "synonyms": [
          "snowing"
        ]
      },
      {
        "value": "clouds",
        "synonyms": [
          "cloudy"
        ]
      }
    ]
  }
}