[
  {
    "value": "wind",
    "synonyms": [
      "多风",
      "风",
      "刮风"
    ]
  },
  {
    "value": "overcast",
    "synonyms": [
      "多云"
    ]
  },
  {
    "value": "snow",
    "synonyms": [
      "阵雪",
      "下雪",
      "雪",
      "雪域",
      "冰冻小雨",
      "冰冻"
    ]
  },
  {
    "value": "fog",
    "synonyms": [
      "烟雾"
    ]
  },
  {
    "value": "sun",
    "synonyms": [
      "太阳",
      "晴朗"
    ]
  },
  {
    "value": "storm",
    "synonyms": [
      "雷雨",
      "风暴",
      "雷暴",
      "风雨"
    ]
  },
  {
    "value": "rain",
    "synonyms": [
      "下雨",
      "阴雨",
      "阵雨",
      "冻雨",
      "降雨",
      "小雨",
      "细雨"
    ]
  }
]