[
  {
    "id": "6429741a-efad-41c0-9fde-ff7db0201d9d",
    "data": [
      {
        "text": "теперь в ",
        "userDefined": false
      },
      {
        "text": "Новосибирске",
        "alias": "address",
        "meta": "@sys.location",
        "userDefined": true
      }
    ],
    "isTemplate": false,
    "count": 0,
    "updated": 0
  },
  {
    "id": "87f943b4-9ba8-4de6-8ba8-8b0a6ddbd5d5",
    "data": [
      {
        "text": "а какая в ",
        "userDefined": false
      },
      {
        "text": "Екатеринбурге",
        "alias": "address",
        "meta": "@sys.location",
        "userDefined": true
      }
    ],
    "isTemplate": false,
    "count": 0,
    "updated": 0
  },
  {
    "id": "45b38dc9-24f5-4793-bb9c-da6ebb7071a6",
    "data": [
      {
        "text": "что насчёт ",
        "userDefined": false
      },
      {
        "text": "Москвы",
        "alias": "address",
        "meta": "@sys.location",
        "userDefined": true
      }
    ],
    "isTemplate": false,
    "count": 0,
    "updated": 0
  },
  {
    "id": "3c0131c8-7c2e-440a-a5c5-130332a66e60",
    "data": [
      {
        "text": "и в ",
        "userDefined": false
      },
      {
        "text": "Милане",
        "alias": "address",
        "meta": "@sys.location",
        "userDefined": true
      }
    ],
    "isTemplate": false,
    "count": 0,
    "updated": 0
  },
  {
    "id": "a8b7bacf-c5ca-4289-9777-167319fa6b80",
    "data": [
      {
        "text": "Париж",
        "alias": "address",
        "meta": "@sys.location",
        "userDefined": true
      }
    ],
    "isTemplate": false,
    "count": 0,
    "updated": 0
  },
  {
    "id": "17f37446-c541-4b9e-a145-47f72a5a7295",
    "data": [
      {
        "text": "и что в ",
        "userDefined": false
      },
      {
        "text": "Риме",
        "alias": "address",
        "meta": "@sys.location",
        "userDefined": true
      }
    ],
    "isTemplate": false,
    "count": 0,
    "updated": 0
  },
  {
    "id": "a5047ee4-0695-47ca-a743-eb55670b9d81",
    "data": [
      {
        "text": "можешь проверить для ",
        "userDefined": false
      },
      {
        "text": "Лондона",
        "alias": "address",
        "meta": "@sys.location",
        "userDefined": true
      }
    ],
    "isTemplate": false,
    "count": 0,
    "updated": 0
  },
  {
    "id": "71e83534-821c-457f-a4a7-0eba2157c3d6",
    "data": [
      {
        "text": "а как в ",
        "userDefined": false
      },
      {
        "text": "Амстердаме",
        "alias": "address",
        "meta": "@sys.location",
        "userDefined": true
      }
    ],
    "isTemplate": false,
    "count": 0,
    "updated": 0
  }
]