[
  {
    "id": "a95644d9-9bac-449d-928c-562504940f2f",
    "data": [
      {
        "text": "et ",
        "userDefined": false
      },
      {
        "text": "ce week end",
        "alias": "date-time",
        "meta": "@sys.date-time",
        "userDefined": true
      }
    ],
    "isTemplate": false,
    "count": 1,
    "updated": 0
  },
  {
    "id": "164ea88b-d88b-4b00-8639-8cdacedf68d1",
    "data": [
      {
        "text": "ce dimanche",
        "alias": "date-time",
        "meta": "@sys.date-time",
        "userDefined": false
      },
      {
        "text": " aussi",
        "userDefined": false
      }
    ],
    "isTemplate": false,
    "count": 0,
    "updated": 0
  },
  {
    "id": "afc6733e-2c6d-4a0e-b559-f4299f0bca29",
    "data": [
      {
        "text": "et",
        "meta": "@sys.ignore",
        "userDefined": false
      },
      {
        "text": " ",
        "userDefined": false
      },
      {
        "text": "demain",
        "alias": "date-time",
        "meta": "@sys.date-time",
        "userDefined": false
      }
    ],
    "isTemplate": false,
    "count": 0,
    "updated": 0
  },
  {
    "id": "0980c863-f49a-4aa1-9486-352406270408",
    "data": [
      {
        "text": "et ",
        "userDefined": false
      },
      {
        "text": "dimanche",
        "alias": "date-time",
        "meta": "@sys.date-time",
        "userDefined": true
      }
    ],
    "isTemplate": false,
    "count": 0,
    "updated": 0
  },
  {
    "id": "8b5906cb-9066-4707-995d-e807f22def23",
    "data": [
      {
        "text": "après-demain",
        "alias": "date-time",
        "meta": "@sys.date-time",
        "userDefined": false
      }
    ],
    "isTemplate": false,
    "count": 0,
    "updated": 0
  },
  {
    "id": "b0c1f1d0-c698-46aa-8d57-24f38e75bd74",
    "data": [
      {
        "text": "maintenant ",
        "userDefined": false
      },
      {
        "text": "lundi",
        "alias": "date-time",
        "meta": "@sys.date-time",
        "userDefined": false
      }
    ],
    "isTemplate": false,
    "count": 0,
    "updated": 0
  }
]