[
  {
    "id": "ee563220-630e-4859-b4a2-38bcdd5f07a4",
    "data": [
      {
        "text": "va a ",
        "userDefined": false
      },
      {
        "text": "nevar",
        "alias": "condition",
        "meta": "@weather-condition",
        "userDefined": true
      }
    ],
    "isTemplate": false,
    "count": 0,
    "updated": 0
  },
  {
    "id": "a7423fd4-6cd3-4b8f-b3c3-14de6395ea52",
    "data": [
      {
        "text": "y ",
        "userDefined": false
      },
      {
        "text": "lluvias",
        "alias": "condition",
        "meta": "@weather-condition",
        "userDefined": false
      }
    ],
    "isTemplate": false,
    "count": 0,
    "updated": 0
  },
  {
    "id": "ed6fe3a5-948c-450b-af5e-3568bb3cbfd3",
    "data": [
      {
        "text": "habrá ",
        "userDefined": false
      },
      {
        "text": "nubes",
        "alias": "condition",
        "meta": "@weather-condition",
        "userDefined": true
      }
    ],
    "isTemplate": false,
    "count": 0,
    "updated": 0
  },
  {
    "id": "136f06b4-8721-4488-af07-9c818948bae0",
    "data": [
      {
        "text": "estará ",
        "userDefined": false
      },
      {
        "text": "soleado",
        "alias": "condition",
        "meta": "@weather-condition",
        "userDefined": true
      }
    ],
    "isTemplate": false,
    "count": 0,
    "updated": 0
  }
]