[
  {
    "id": "ee9226fe-2748-474c-b7cd-e537279e4486",
    "data": [
      {
        "text": "clima en ",
        "userDefined": false
      },
      {
        "text": "Madrid",
        "alias": "address",
        "meta": "@sys.location",
        "userDefined": true
      }
    ],
    "isTemplate": false,
    "count": 0,
    "updated": 0
  },
  {
    "id": "379f45df-41b4-42b4-bf96-61eca82832ac",
    "data": [
      {
        "text": "qué tiempo hace ahora en ",
        "userDefined": false
      },
      {
        "text": "Roma",
        "alias": "address",
        "meta": "@sys.location",
        "userDefined": true
      }
    ],
    "isTemplate": false,
    "count": 0,
    "updated": 0
  },
  {
    "id": "743ba10e-2511-4637-9c27-0041858e5e3c",
    "data": [
      {
        "text": "cuál es el pronóstico del clima en ",
        "userDefined": false
      },
      {
        "text": "México",
        "alias": "address",
        "meta": "@sys.location",
        "userDefined": true
      },
      {
        "text": " para el ",
        "userDefined": false
      },
      {
        "text": "12 de octubre",
        "alias": "date-time",
        "meta": "@sys.date-time",
        "userDefined": true
      }
    ],
    "isTemplate": false,
    "count": 0,
    "updated": 0
  },
  {
    "id": "6803f498-7310-4015-b926-65ec2f11d214",
    "data": [
      {
        "text": "muéstrame el tiempo para la ",
        "userDefined": false
      },
      {
        "text": "próxima semana",
        "alias": "date-time",
        "meta": "@sys.date-time",
        "userDefined": true
      }
    ],
    "isTemplate": false,
    "count": 0,
    "updated": 0
  },
  {
    "id": "791988bc-ee0c-4b69-8126-5fa150d527af",
    "data": [
      {
        "text": "pronóstico del tiempo en ",
        "userDefined": false
      },
      {
        "text": "Portugal",
        "alias": "address",
        "meta": "@sys.location",
        "userDefined": true
      },
      {
        "text": " para el ",
        "userDefined": false
      },
      {
        "text": "fin de semana",
        "alias": "date-time",
        "meta": "@sys.date-time",
        "userDefined": true
      }
    ],
    "isTemplate": false,
    "count": 0,
    "updated": 0
  },
  {
    "id": "e1b8348f-765d-4b59-ac46-49eb25358998",
    "data": [
      {
        "text": "tiempo en ",
        "userDefined": false
      },
      {
        "text": "Londres",
        "alias": "address",
        "meta": "@sys.location",
        "userDefined": true
      },
      {
        "text": " en ",
        "userDefined": false
      },
      {
        "text": "marzo",
        "alias": "date-time",
        "meta": "@sys.date-time",
        "userDefined": true
      }
    ],
    "isTemplate": false,
    "count": 0,
    "updated": 0
  },
  {
    "id": "a426adc9-c530-48a6-9f46-d3f3aa839487",
    "data": [
      {
        "text": "pronóstico meteorológico para la ",
        "userDefined": false
      },
      {
        "text": "semana",
        "alias": "date-time",
        "meta": "@sys.date-time",
        "userDefined": true
      }
    ],
    "isTemplate": false,
    "count": 0,
    "updated": 0
  },
  {
    "id": "1dd7c5c8-695a-4e04-80ed-e386e907cec5",
    "data": [
      {
        "text": "qué tiempo va a hacer el ",
        "userDefined": false
      },
      {
        "text": "viernes",
        "alias": "date-time",
        "meta": "@sys.date-time",
        "userDefined": true
      }
    ],
    "isTemplate": false,
    "count": 0,
    "updated": 0
  },
  {
    "id": "57fdd53f-c3b3-4e7a-b2db-aeeee87bda4e",
    "data": [
      {
        "text": "cuántos grados hace ",
        "userDefined": false
      },
      {
        "text": "hoy",
        "alias": "date-time",
        "meta": "@sys.date-time",
        "userDefined": true
      },
      {
        "text": " en ",
        "userDefined": false
      },
      {
        "text": "Salamanca",
        "alias": "address",
        "meta": "@sys.location",
        "userDefined": true
      }
    ],
    "isTemplate": false,
    "count": 0,
    "updated": 0
  },
  {
    "id": "f3121b71-35d6-49b2-a037-537baed832b3",
    "data": [
      {
        "text": "necesito saber cómo está el clima ahora",
        "userDefined": false
      }
    ],
    "isTemplate": false,
    "count": 0,
    "updated": 0
  },
  {
    "id": "40d944f2-84e4-4de2-9c06-077af02ef729",
    "data": [
      {
        "text": "cómo va a estar el clima ",
        "userDefined": false
      },
      {
        "text": "mañana",
        "alias": "date-time",
        "meta": "@sys.date-time",
        "userDefined": true
      }
    ],
    "isTemplate": false,
    "count": 0,
    "updated": 0
  },
  {
    "id": "ec6d2ed8-82b4-43ac-8da8-3d803d77a548",
    "data": [
      {
        "text": "pronóstico del tiempo para ",
        "userDefined": false
      },
      {
        "text": "esta noche",
        "alias": "date-time",
        "meta": "@sys.date-time",
        "userDefined": true
      }
    ],
    "isTemplate": false,
    "count": 0,
    "updated": 0
  },
  {
    "id": "03d09b05-065f-4900-817f-4cb937815405",
    "data": [
      {
        "text": "muéstrame el tiempo en grados ",
        "userDefined": false
      },
      {
        "text": "Fahrenheit",
        "alias": "unit",
        "meta": "@unit-temperature",
        "userDefined": true
      }
    ],
    "isTemplate": false,
    "count": 0,
    "updated": 0
  },
  {
    "id": "48e68d98-e6de-4ef1-8d17-28147bdcb624",
    "data": [
      {
        "text": "qué ",
        "userDefined": false
      },
      {
        "text": "tiempo",
        "meta": "@sys.ignore",
        "userDefined": true
      },
      {
        "text": " hace",
        "userDefined": false
      }
    ],
    "isTemplate": false,
    "count": 0,
    "updated": 0
  },
  {
    "id": "5d335421-6390-4481-af99-2f81133a7a53",
    "data": [
      {
        "text": "muéstrame el tiempo para el ",
        "userDefined": false
      },
      {
        "text": "22 de agosto",
        "alias": "date-time",
        "meta": "@sys.date-time",
        "userDefined": true
      },
      {
        "text": " en ",
        "userDefined": false
      },
      {
        "text": "Centígrados",
        "alias": "unit",
        "meta": "@unit-temperature",
        "userDefined": true
      }
    ],
    "isTemplate": false,
    "count": 0,
    "updated": 0
  },
  {
    "id": "61c8291d-0bd5-4336-bdf2-ad5dba0e6649",
    "data": [
      {
        "text": "pronóstico del tiempo en ",
        "userDefined": false
      },
      {
        "text": "Madrid",
        "alias": "address",
        "meta": "@sys.location",
        "userDefined": true
      },
      {
        "text": " para ",
        "userDefined": false
      },
      {
        "text": "este finde",
        "alias": "date-time",
        "meta": "@sys.date-time",
        "userDefined": true
      }
    ],
    "isTemplate": false,
    "count": 0,
    "updated": 0
  },
  {
    "id": "72d0a0cc-8b79-447b-bdcd-7ccdbc06984c",
    "data": [
      {
        "text": "me",
        "meta": "@sys.ignore",
        "userDefined": true
      },
      {
        "text": " dices ",
        "userDefined": false
      },
      {
        "text": "cómo",
        "meta": "@sys.ignore",
        "userDefined": true
      },
      {
        "text": " está ",
        "userDefined": false
      },
      {
        "text": "el",
        "meta": "@sys.ignore",
        "userDefined": true
      },
      {
        "text": " clima",
        "userDefined": false
      }
    ],
    "isTemplate": false,
    "count": 0,
    "updated": 0
  },
  {
    "id": "4e6b80e9-5854-4d2e-8be5-0dd3d5862d3b",
    "data": [
      {
        "text": "qué tal estará el tiempo en ",
        "userDefined": false
      },
      {
        "text": "Benidorm",
        "alias": "address",
        "meta": "@sys.location",
        "userDefined": true
      },
      {
        "text": " ",
        "userDefined": false
      },
      {
        "text": "mañana a las 9",
        "alias": "date-time",
        "meta": "@sys.date-time",
        "userDefined": true
      }
    ],
    "isTemplate": false,
    "count": 0,
    "updated": 0
  },
  {
    "id": "411ee47c-6a7b-47c7-8db9-604e1ca75e08",
    "data": [
      {
        "text": "me podrías decir cómo está el clima en ",
        "userDefined": false
      },
      {
        "text": "Paris",
        "alias": "address",
        "meta": "@sys.location",
        "userDefined": true
      }
    ],
    "isTemplate": false,
    "count": 0,
    "updated": 0
  },
  {
    "id": "eaf69cba-1d2c-44fb-b642-8c14f4aff719",
    "data": [
      {
        "text": "cómo",
        "meta": "@sys.ignore",
        "userDefined": true
      },
      {
        "text": " estará ",
        "userDefined": false
      },
      {
        "text": "el",
        "meta": "@sys.ignore",
        "userDefined": true
      },
      {
        "text": " clima en ",
        "userDefined": false
      },
      {
        "text": "Valladolid",
        "alias": "address",
        "meta": "@sys.location",
        "userDefined": true
      },
      {
        "text": " ",
        "userDefined": false
      },
      {
        "text": "este fin de semana",
        "alias": "date-time",
        "meta": "@sys.date-time",
        "userDefined": true
      }
    ],
    "isTemplate": false,
    "count": 0,
    "updated": 0
  },
  {
    "id": "59bf3a6e-cd4f-4bca-83cf-a12bf832cc6b",
    "data": [
      {
        "text": "me puedes decir cómo está el clima",
        "userDefined": false
      }
    ],
    "isTemplate": false,
    "count": 0,
    "updated": 0
  },
  {
    "id": "cdae37ca-498b-4538-9516-7f76cb610d5c",
    "data": [
      {
        "text": "clima en ",
        "userDefined": false
      },
      {
        "text": "Caracas",
        "alias": "address",
        "meta": "@sys.location",
        "userDefined": true
      },
      {
        "text": " ",
        "userDefined": false
      },
      {
        "text": "hoy a las 6 de la tarde",
        "alias": "date-time",
        "meta": "@sys.date-time",
        "userDefined": true
      }
    ],
    "isTemplate": false,
    "count": 0,
    "updated": 0
  },
  {
    "id": "e1c715e9-6d7a-4f1b-a5b2-d0693d66971a",
    "data": [
      {
        "text": "qué tiempo hace en ",
        "userDefined": false
      },
      {
        "text": "Nueva York",
        "alias": "address",
        "meta": "@sys.location",
        "userDefined": true
      },
      {
        "text": " ",
        "userDefined": false
      },
      {
        "text": "por la mañana",
        "alias": "date-time",
        "meta": "@sys.date-time",
        "userDefined": true
      }
    ],
    "isTemplate": false,
    "count": 1,
    "updated": 0
  },
  {
    "id": "4e922a60-0775-4242-997c-7a95a59df32f",
    "data": [
      {
        "text": "infórmame cómo está el clima en ",
        "userDefined": false
      },
      {
        "text": "Palo Alto",
        "alias": "address",
        "meta": "@sys.location",
        "userDefined": true
      }
    ],
    "isTemplate": false,
    "count": 0,
    "updated": 0
  },
  {
    "id": "2bd2b5de-2b92-4c69-a7fd-749a9024e6d1",
    "data": [
      {
        "text": "dime cómo está el tiempo en ",
        "userDefined": false
      },
      {
        "text": "Estocolmo",
        "alias": "address",
        "meta": "@sys.location",
        "userDefined": true
      },
      {
        "text": " en grados ",
        "userDefined": false
      },
      {
        "text": "Fahrenheit",
        "alias": "unit",
        "meta": "@unit-temperature",
        "userDefined": true
      }
    ],
    "isTemplate": false,
    "count": 0,
    "updated": 0
  },
  {
    "id": "751a3c0e-3a1e-4b92-9d22-63da8a86d0a1",
    "data": [
      {
        "text": "pronóstico ",
        "userDefined": false
      },
      {
        "text": "del",
        "meta": "@sys.ignore",
        "userDefined": false
      },
      {
        "text": " tiempo",
        "userDefined": false
      }
    ],
    "isTemplate": false,
    "count": 0,
    "updated": 0
  },
  {
    "id": "0d407b82-f806-47c6-a9ec-fff1f6b659ea",
    "data": [
      {
        "text": "qué tiempo hace en ",
        "userDefined": false
      },
      {
        "text": "Nueva York",
        "alias": "address",
        "meta": "@sys.location",
        "userDefined": true
      },
      {
        "text": " ",
        "userDefined": false
      },
      {
        "text": "esta mañana",
        "alias": "date-time",
        "meta": "@sys.date-time",
        "userDefined": true
      }
    ],
    "isTemplate": false,
    "count": 1,
    "updated": 0
  },
  {
    "id": "7e016645-4122-43f7-86ce-7c01d40f76e6",
    "data": [
      {
        "text": "cómo",
        "meta": "@sys.ignore",
        "userDefined": true
      },
      {
        "text": " está ",
        "userDefined": false
      },
      {
        "text": "el",
        "meta": "@sys.ignore",
        "userDefined": true
      },
      {
        "text": " clima en ",
        "userDefined": false
      },
      {
        "text": "Barcelona",
        "alias": "address",
        "meta": "@sys.location",
        "userDefined": true
      },
      {
        "text": "  ",
        "userDefined": false
      },
      {
        "text": "hoy",
        "alias": "date-time",
        "meta": "@sys.date-time",
        "userDefined": true
      }
    ],
    "isTemplate": false,
    "count": 1,
    "updated": 0
  },
  {
    "id": "4f33c9f8-8a98-4dd8-8526-9da33f9313ff",
    "data": [
      {
        "text": "informar sobre el clima en ",
        "userDefined": false
      },
      {
        "text": "Madrid",
        "alias": "address",
        "meta": "@sys.location",
        "userDefined": true
      }
    ],
    "isTemplate": false,
    "count": 0,
    "updated": 0
  },
  {
    "id": "1300fda1-3c8f-4510-aecc-9a45a1e85d01",
    "data": [
      {
        "text": "me",
        "meta": "@sys.ignore",
        "userDefined": true
      },
      {
        "text": " interesa saber ",
        "userDefined": false
      },
      {
        "text": "cómo",
        "meta": "@sys.ignore",
        "userDefined": true
      },
      {
        "text": " está ",
        "userDefined": false
      },
      {
        "text": "el",
        "meta": "@sys.ignore",
        "userDefined": true
      },
      {
        "text": " clima",
        "userDefined": false
      }
    ],
    "isTemplate": false,
    "count": 0,
    "updated": 0
  },
  {
    "id": "79115fd9-c4ef-4219-af55-51cebce957b4",
    "data": [
      {
        "text": "qué tiempo va a hacer ",
        "userDefined": false
      },
      {
        "text": "mañana",
        "alias": "date-time",
        "meta": "@sys.date-time",
        "userDefined": true
      }
    ],
    "isTemplate": false,
    "count": 0,
    "updated": 0
  },
  {
    "id": "663b30f6-0b3d-4970-9d56-f97819e5838b",
    "data": [
      {
        "text": "tiempo para la ",
        "userDefined": false
      },
      {
        "text": "próxima semana",
        "alias": "date-time",
        "meta": "@sys.date-time",
        "userDefined": true
      }
    ],
    "isTemplate": false,
    "count": 0,
    "updated": 0
  },
  {
    "id": "4c8c3caa-676e-40a9-9346-acc6873d5e20",
    "data": [
      {
        "text": "cómo está el clima",
        "userDefined": false
      }
    ],
    "isTemplate": false,
    "count": 0,
    "updated": 0
  },
  {
    "id": "6f044197-1a7e-49ec-822d-9d5137e3c741",
    "data": [
      {
        "text": "cuántos grados hace",
        "userDefined": false
      }
    ],
    "isTemplate": false,
    "count": 0,
    "updated": 0
  },
  {
    "id": "fff4015c-717f-4e1e-b48e-57c025f8614e",
    "data": [
      {
        "text": "qué ",
        "userDefined": false
      },
      {
        "text": "tiempo",
        "meta": "@sys.ignore",
        "userDefined": true
      },
      {
        "text": " hace en ",
        "userDefined": false
      },
      {
        "text": "Valencia",
        "alias": "address",
        "meta": "@sys.location",
        "userDefined": true
      }
    ],
    "isTemplate": false,
    "count": 1,
    "updated": 0
  },
  {
    "id": "16f8590b-734a-4d95-8446-27c7a81b71c1",
    "data": [
      {
        "text": "avísame cómo está el clima en ",
        "userDefined": false
      },
      {
        "text": "Moscú",
        "alias": "address",
        "meta": "@sys.location",
        "userDefined": true
      }
    ],
    "isTemplate": false,
    "count": 0,
    "updated": 0
  },
  {
    "id": "234da462-cfd0-4e32-a372-a398e397b024",
    "data": [
      {
        "text": "cuántos grados ",
        "userDefined": false
      },
      {
        "text": "Celsius",
        "alias": "unit",
        "meta": "@unit-temperature",
        "userDefined": true
      },
      {
        "text": " hace ahora",
        "userDefined": false
      }
    ],
    "isTemplate": false,
    "count": 0,
    "updated": 0
  },
  {
    "id": "c55c1357-8b10-4c17-8654-cf58129cf359",
    "data": [
      {
        "text": "quiero saber sobre el clima ahora",
        "userDefined": false
      }
    ],
    "isTemplate": false,
    "count": 0,
    "updated": 0
  },
  {
    "id": "57a9a2a4-63c0-41e3-8962-382d25a8a9cc",
    "data": [
      {
        "text": "Nueva York",
        "alias": "address",
        "meta": "@sys.location",
        "userDefined": true
      },
      {
        "text": " clima",
        "userDefined": false
      }
    ],
    "isTemplate": false,
    "count": 0,
    "updated": 0
  },
  {
    "id": "a3639d99-e831-45d8-9f71-5963a3604568",
    "data": [
      {
        "text": "tiempo",
        "userDefined": false
      }
    ],
    "isTemplate": false,
    "count": 0,
    "updated": 0
  },
  {
    "id": "6bd24ca8-a750-49f8-badd-8f3b9ad44761",
    "data": [
      {
        "text": "cómo estará el clima en ",
        "userDefined": false
      },
      {
        "text": "Valladolid",
        "alias": "address",
        "meta": "@sys.location",
        "userDefined": true
      },
      {
        "text": " ",
        "userDefined": false
      },
      {
        "text": "este finde",
        "alias": "date-time",
        "meta": "@sys.date-time",
        "userDefined": true
      }
    ],
    "isTemplate": false,
    "count": 0,
    "updated": 0
  }
]