[
  {
    "id": "6c0c464e-837e-4b1d-b6fc-1fb81f8395a1",
    "data": [
      {
        "text": "du ",
        "userDefined": false
      },
      {
        "text": "soleil",
        "alias": "condition",
        "meta": "@weather-condition",
        "userDefined": true
      }
    ],
    "isTemplate": false,
    "count": 0,
    "updated": 0
  },
  {
    "id": "ddfc688a-9b6f-4876-ad21-08bb55b0f2c2",
    "data": [
      {
        "text": "et la ",
        "userDefined": false
      },
      {
        "text": "neige",
        "alias": "condition",
        "meta": "@weather-condition",
        "userDefined": true
      }
    ],
    "isTemplate": false,
    "count": 0,
    "updated": 0
  },
  {
    "id": "bd235384-04ef-422d-9ded-0bbf0eb3056d",
    "data": [
      {
        "text": "la ",
        "userDefined": false
      },
      {
        "text": "pluie",
        "alias": "condition",
        "meta": "@weather-condition",
        "userDefined": true
      }
    ],
    "isTemplate": false,
    "count": 0,
    "updated": 0
  }
]