[
  {
    "id": "1ec5cb59-c250-4a4a-85a3-2a324647e2b1",
    "data": [
      {
        "text": "天気を教えて",
        "userDefined": false
      }
    ],
    "isTemplate": false,
    "count": 1,
    "updated": 0
  },
  {
    "id": "a003c3ec-5940-47ee-8b3b-671f9527e103",
    "data": [
      {
        "text": "天気はなんですか",
        "userDefined": false
      }
    ],
    "isTemplate": false,
    "count": 2,
    "updated": 0
  },
  {
    "id": "2f9c14d8-2436-480a-9d81-b58838d28f7f",
    "data": [
      {
        "text": "5日後",
        "alias": "date-time",
        "meta": "@sys.date-time",
        "userDefined": true
      },
      {
        "text": "の",
        "userDefined": false
      },
      {
        "text": "ロンドン",
        "alias": "address",
        "meta": "@sys.location",
        "userDefined": true
      },
      {
        "text": "の天気",
        "userDefined": false
      }
    ],
    "isTemplate": false,
    "count": 1,
    "updated": 0
  },
  {
    "id": "b155f6f3-0699-4e26-9330-3d6f955e403e",
    "data": [
      {
        "text": "東京",
        "alias": "address",
        "meta": "@sys.location",
        "userDefined": true
      },
      {
        "text": "の天気を",
        "userDefined": false
      },
      {
        "text": "摂氏",
        "alias": "unit",
        "meta": "@unit-temperature",
        "userDefined": true
      },
      {
        "text": "で",
        "userDefined": false
      }
    ],
    "isTemplate": false,
    "count": 0,
    "updated": 0
  },
  {
    "id": "1f58d9eb-0c13-4c58-87d1-b2a883730ca3",
    "data": [
      {
        "text": "明日",
        "alias": "date-time",
        "meta": "@sys.date-time",
        "userDefined": true
      },
      {
        "text": "の",
        "userDefined": false
      },
      {
        "text": "福岡市",
        "alias": "address",
        "meta": "@sys.location",
        "userDefined": true
      },
      {
        "text": "の天気は",
        "userDefined": false
      }
    ],
    "isTemplate": false,
    "count": 0,
    "updated": 0
  },
  {
    "id": "23b2ecee-f60a-46ec-af84-64acc8299426",
    "data": [
      {
        "text": "明日",
        "alias": "date-time",
        "meta": "@sys.date-time",
        "userDefined": true
      },
      {
        "text": "の",
        "userDefined": false
      },
      {
        "text": "ニューヨーク",
        "alias": "address",
        "meta": "@sys.location",
        "userDefined": true
      },
      {
        "text": "の天気は",
        "userDefined": false
      }
    ],
    "isTemplate": false,
    "count": 0,
    "updated": 0
  },
  {
    "id": "2a59dcae-9498-4002-9e0c-2d9babc3bb07",
    "data": [
      {
        "text": "天気予報",
        "userDefined": false
      }
    ],
    "isTemplate": false,
    "count": 0,
    "updated": 0
  },
  {
    "id": "49b7052e-262b-4574-b594-a4f1bd9e3276",
    "data": [
      {
        "text": "仙台市",
        "alias": "address",
        "meta": "@sys.location",
        "userDefined": false
      },
      {
        "text": "の天気は何ですか",
        "userDefined": false
      }
    ],
    "isTemplate": false,
    "count": 0,
    "updated": 0
  },
  {
    "id": "dd805587-3a21-4add-b754-66d5a528cc57",
    "data": [
      {
        "text": "大阪",
        "alias": "address",
        "meta": "@sys.location",
        "userDefined": true
      },
      {
        "text": "の天気は",
        "userDefined": false
      }
    ],
    "isTemplate": false,
    "count": 0,
    "updated": 0
  },
  {
    "id": "c9c8bd4e-79cb-4279-91d1-cf58b2f8c5c5",
    "data": [
      {
        "text": "今晩",
        "alias": "date-time",
        "meta": "@sys.date-time",
        "userDefined": false
      },
      {
        "text": "の",
        "userDefined": false
      },
      {
        "text": "ロンドン",
        "alias": "address",
        "meta": "@sys.location",
        "userDefined": false
      },
      {
        "text": "お天気は何になるの",
        "userDefined": false
      }
    ],
    "isTemplate": false,
    "count": 0,
    "updated": 0
  },
  {
    "id": "7b3d711f-28b1-4b1e-9ad1-cfceee2fda81",
    "data": [
      {
        "text": "今日",
        "alias": "date-time",
        "meta": "@sys.date-time",
        "userDefined": true
      },
      {
        "text": "の天気を教えて",
        "userDefined": false
      }
    ],
    "isTemplate": false,
    "count": 0,
    "updated": 0
  },
  {
    "id": "2f828cb0-b1f6-4f03-b3ff-58b7f506051c",
    "data": [
      {
        "text": "お天気はどう",
        "userDefined": false
      }
    ],
    "isTemplate": false,
    "count": 0,
    "updated": 0
  },
  {
    "id": "f07123c6-2ed7-4ab6-bad1-bc72b476837d",
    "data": [
      {
        "text": "香港",
        "alias": "address",
        "meta": "@sys.location",
        "userDefined": true
      },
      {
        "text": "の天気予報を教えてください",
        "userDefined": false
      }
    ],
    "isTemplate": false,
    "count": 0,
    "updated": 0
  },
  {
    "id": "6498fe9e-ede1-4712-b9ea-0486f8a7404e",
    "data": [
      {
        "text": "横浜",
        "alias": "address",
        "meta": "@sys.location",
        "userDefined": true
      },
      {
        "text": "の天気は",
        "userDefined": false
      }
    ],
    "isTemplate": false,
    "count": 0,
    "updated": 0
  },
  {
    "id": "65b42006-efc6-43be-8efb-128e8741d68a",
    "data": [
      {
        "text": "ハワイ",
        "alias": "address",
        "meta": "@sys.location",
        "userDefined": true
      },
      {
        "text": "の天気",
        "userDefined": false
      }
    ],
    "isTemplate": false,
    "count": 0,
    "updated": 0
  },
  {
    "id": "025663db-6093-4f7b-b37c-ebb24bf10503",
    "data": [
      {
        "text": "明日",
        "alias": "date-time",
        "meta": "@sys.date-time",
        "userDefined": false
      },
      {
        "text": "の天気はどうなりますか",
        "userDefined": false
      }
    ],
    "isTemplate": false,
    "count": 0,
    "updated": 0
  },
  {
    "id": "b3c7f5d6-513d-42ab-a6e5-641a1d5168c7",
    "data": [
      {
        "text": "天気、",
        "userDefined": false
      },
      {
        "text": "神戸",
        "alias": "address",
        "meta": "@sys.location",
        "userDefined": true
      }
    ],
    "isTemplate": false,
    "count": 0,
    "updated": 0
  },
  {
    "id": "f17a2e95-f499-46ab-ac96-a436c0c715cb",
    "data": [
      {
        "text": "今週末",
        "alias": "date-time",
        "meta": "@sys.date-time",
        "userDefined": false
      },
      {
        "text": "の天気",
        "userDefined": false
      }
    ],
    "isTemplate": false,
    "count": 0,
    "updated": 0
  }
]