[
  {
    "id": "fb0ef6d3-05a4-471e-8d9d-7d9a1cd86d6f",
    "data": [
      {
        "text": "告訴我在",
        "userDefined": false
      },
      {
        "text": "廣州",
        "alias": "address",
        "meta": "@sys.address",
        "userDefined": false
      },
      {
        "text": "怎麽樣",
        "userDefined": false
      }
    ],
    "isTemplate": false,
    "count": 0,
    "updated": 0
  },
  {
    "id": "1edf65b8-e324-4467-9460-7fbc3786ed16",
    "data": [
      {
        "text": "還在",
        "userDefined": false
      },
      {
        "text": "上海",
        "alias": "address",
        "meta": "@sys.address",
        "userDefined": true
      }
    ],
    "isTemplate": false,
    "count": 0,
    "updated": 0
  },
  {
    "id": "c22315eb-4e96-4306-a12c-edbc29ee7f06",
    "data": [
      {
        "text": "在",
        "userDefined": false
      },
      {
        "text": "杭州",
        "alias": "address",
        "meta": "@sys.address",
        "userDefined": true
      }
    ],
    "isTemplate": false,
    "count": 0,
    "updated": 0
  },
  {
    "id": "b44471ca-918a-4bec-b6eb-7288c0ab2760",
    "data": [
      {
        "text": "關于",
        "userDefined": false
      },
      {
        "text": "廈門",
        "alias": "address",
        "meta": "@sys.address",
        "userDefined": false
      }
    ],
    "isTemplate": false,
    "count": 0,
    "updated": 0
  },
  {
    "id": "80faa802-dfaf-4cf4-af72-e8ce264209c8",
    "data": [
      {
        "text": "還在",
        "userDefined": false
      },
      {
        "text": "武漢",
        "alias": "address",
        "meta": "@sys.address",
        "userDefined": false
      },
      {
        "text": "呢",
        "userDefined": false
      }
    ],
    "isTemplate": false,
    "count": 0,
    "updated": 0
  },
  {
    "id": "9f0684eb-6382-4632-96d0-611ac9430435",
    "data": [
      {
        "text": "在",
        "userDefined": false
      },
      {
        "text": "遼甯",
        "alias": "address",
        "meta": "@sys.address",
        "userDefined": false
      },
      {
        "text": "嗎",
        "userDefined": false
      }
    ],
    "isTemplate": false,
    "count": 0,
    "updated": 0
  },
  {
    "id": "40044f0f-f8dd-4e83-ae62-0a0cd0a277e8",
    "data": [
      {
        "text": "告訴我在",
        "userDefined": false
      },
      {
        "text": "廣州",
        "alias": "address",
        "meta": "@sys.address",
        "userDefined": false
      }
    ],
    "isTemplate": false,
    "count": 0,
    "updated": 0
  },
  {
    "id": "323f45a1-16f2-4439-ae0f-67325c215683",
    "data": [
      {
        "text": "還在",
        "userDefined": false
      },
      {
        "text": "甯波",
        "alias": "address",
        "meta": "@sys.address",
        "userDefined": true
      }
    ],
    "isTemplate": false,
    "count": 0,
    "updated": 0
  },
  {
    "id": "b68fdeab-bdf4-467f-96d6-d9d9d440e077",
    "data": [
      {
        "text": "在",
        "userDefined": false
      },
      {
        "text": "香港",
        "alias": "address",
        "meta": "@sys.address",
        "userDefined": false
      },
      {
        "text": "呢",
        "userDefined": false
      }
    ],
    "isTemplate": false,
    "count": 0,
    "updated": 0
  },
  {
    "id": "cea6c899-c401-474d-a8e3-56ba7a5e6b96",
    "data": [
      {
        "text": "在",
        "userDefined": false
      },
      {
        "text": "北京",
        "alias": "address",
        "meta": "@sys.address",
        "userDefined": false
      }
    ],
    "isTemplate": false,
    "count": 0,
    "updated": 0
  }
]