[
  {
    "id": "b3153e1f-356a-4a68-8630-ce5b1a538294",
    "data": [
      {
        "text": "今日",
        "alias": "date-time",
        "meta": "@sys.date-time",
        "userDefined": true
      },
      {
        "text": "は",
        "userDefined": false
      },
      {
        "text": "スキー",
        "alias": "activity",
        "meta": "@activity",
        "userDefined": true
      },
      {
        "text": "をするつもりだけど、できるかな",
        "userDefined": false
      }
    ],
    "isTemplate": false,
    "count": 0,
    "updated": 0
  },
  {
    "id": "64cdb3d8-3b65-4f8d-949f-a1bc58197539",
    "data": [
      {
        "text": "外で",
        "userDefined": false
      },
      {
        "text": "フリスビー",
        "alias": "activity",
        "meta": "@activity",
        "userDefined": true
      },
      {
        "text": "で遊べるくらい良い天気",
        "userDefined": false
      }
    ],
    "isTemplate": false,
    "count": 0,
    "updated": 0
  },
  {
    "id": "9ce957e9-0dce-4a95-9eac-4def77dcf3b3",
    "data": [
      {
        "text": "富士山",
        "alias": "address",
        "meta": "@sys.location",
        "userDefined": true
      },
      {
        "text": "に",
        "userDefined": false
      },
      {
        "text": "登り",
        "alias": "activity",
        "meta": "@activity",
        "userDefined": true
      },
      {
        "text": "に行ける",
        "userDefined": false
      }
    ],
    "isTemplate": false,
    "count": 0,
    "updated": 0
  },
  {
    "id": "c0cb286b-d9dc-45cf-9e24-dfaa7c2c09bb",
    "data": [
      {
        "text": "雪合戦",
        "alias": "activity",
        "meta": "@activity",
        "userDefined": true
      },
      {
        "text": "するのに良い天気ですか",
        "userDefined": false
      }
    ],
    "isTemplate": false,
    "count": 0,
    "updated": 0
  },
  {
    "id": "e7d0b8d2-dc6c-43be-90f1-5227870aadaf",
    "data": [
      {
        "text": "フリスビー",
        "alias": "activity",
        "meta": "@activity",
        "userDefined": true
      },
      {
        "text": "には向かない天気だと思う",
        "userDefined": false
      }
    ],
    "isTemplate": false,
    "count": 0,
    "updated": 0
  },
  {
    "id": "64e565bb-e3b4-470a-8d99-d7b1f186495e",
    "data": [
      {
        "text": "散歩",
        "alias": "activity",
        "meta": "@activity",
        "userDefined": true
      },
      {
        "text": "をするには良い天気",
        "userDefined": false
      }
    ],
    "isTemplate": false,
    "count": 0,
    "updated": 0
  },
  {
    "id": "39dff73c-c578-4a8a-ae89-ee9e75059d30",
    "data": [
      {
        "text": "サーフィン",
        "alias": "activity",
        "meta": "@activity",
        "userDefined": true
      },
      {
        "text": "に行けるの",
        "userDefined": false
      }
    ],
    "isTemplate": false,
    "count": 0,
    "updated": 0
  },
  {
    "id": "f05455e6-587e-49b3-b6ac-c1603c71a38c",
    "data": [
      {
        "text": "走り",
        "alias": "activity",
        "meta": "@activity",
        "userDefined": true
      },
      {
        "text": "に行ったほうがいいですか",
        "userDefined": false
      }
    ],
    "isTemplate": false,
    "count": 0,
    "updated": 0
  },
  {
    "id": "1bb7b7ce-2779-4778-953c-ff71afc446d2",
    "data": [
      {
        "text": "明日",
        "alias": "date-time",
        "meta": "@sys.date-time",
        "userDefined": true
      },
      {
        "text": "ハイキング",
        "alias": "activity",
        "meta": "@activity",
        "userDefined": true
      },
      {
        "text": "するのにちょうど良い",
        "userDefined": false
      }
    ],
    "isTemplate": false,
    "count": 0,
    "updated": 0
  },
  {
    "id": "4533b3d2-b759-4b6e-9786-27c885a6c397",
    "data": [
      {
        "text": "サイクリング",
        "alias": "activity",
        "meta": "@activity",
        "userDefined": true
      },
      {
        "text": "するのに良い天気だと思う",
        "userDefined": false
      }
    ],
    "isTemplate": false,
    "count": 0,
    "updated": 0
  }
]