[
  {
    "id": "91285644-7ff8-41b2-88a8-144fda52c350",
    "data": [
      {
        "text": "e ",
        "userDefined": false
      },
      {
        "text": "Princeton",
        "alias": "address",
        "meta": "@sys.location",
        "userDefined": true
      },
      {
        "text": " ",
        "userDefined": false
      },
      {
        "text": "amanhã",
        "alias": "date-time",
        "meta": "@sys.date-time",
        "userDefined": true
      }
    ],
    "isTemplate": false,
    "count": 0,
    "updated": 0
  },
  {
    "id": "67fcfd56-8869-47d0-a36a-db2b06be3d74",
    "data": [
      {
        "text": "e ",
        "userDefined": false
      },
      {
        "text": "Paris",
        "alias": "address",
        "meta": "@sys.location",
        "userDefined": true
      },
      {
        "text": " na ",
        "userDefined": false
      },
      {
        "text": "próxima sexta-feira",
        "alias": "date-time",
        "meta": "@sys.date-time",
        "userDefined": true
      }
    ],
    "isTemplate": false,
    "count": 0,
    "updated": 0
  },
  {
    "id": "99b423f0-aa81-4562-b01d-4a3af53f50b1",
    "data": [
      {
        "text": "amanhã",
        "alias": "date-time",
        "meta": "@sys.date-time",
        "userDefined": true
      },
      {
        "text": " em ",
        "userDefined": false
      },
      {
        "text": "Madrid",
        "alias": "address",
        "meta": "@sys.location",
        "userDefined": true
      }
    ],
    "isTemplate": false,
    "count": 0,
    "updated": 0
  },
  {
    "id": "065147a5-053e-40b9-b73d-5d8ad1049df7",
    "data": [
      {
        "text": "em ",
        "userDefined": false
      },
      {
        "text": "Moscou",
        "alias": "address",
        "meta": "@sys.location",
        "userDefined": true
      },
      {
        "text": " ",
        "userDefined": false
      },
      {
        "text": "neste fim de semana",
        "alias": "date-time",
        "meta": "@sys.date-time",
        "userDefined": true
      }
    ],
    "isTemplate": false,
    "count": 0,
    "updated": 0
  },
  {
    "id": "18b7a90f-5399-4d85-a3ad-4ef79ad9bd36",
    "data": [
      {
        "text": "E em ",
        "userDefined": false
      },
      {
        "text": "Curitiba",
        "alias": "address",
        "meta": "@sys.location",
        "userDefined": false
      },
      {
        "text": " ",
        "userDefined": false
      },
      {
        "text": "amanhã",
        "alias": "date-time",
        "meta": "@sys.date-time",
        "userDefined": false
      }
    ],
    "isTemplate": false,
    "count": 0,
    "updated": 0
  }
]