[
  {
    "id": "43e4d61f-4f93-436b-8a97-c94473568b34",
    "data": [
      {
        "text": "告诉我在",
        "userDefined": false
      },
      {
        "text": "广州",
        "alias": "address",
        "meta": "@sys.address",
        "userDefined": false
      }
    ],
    "isTemplate": false,
    "count": 0,
    "updated": 0
  },
  {
    "id": "8557a2b7-2c87-463b-94fe-34438c07720b",
    "data": [
      {
        "text": "关于",
        "userDefined": false
      },
      {
        "text": "厦门",
        "alias": "address",
        "meta": "@sys.address",
        "userDefined": false
      }
    ],
    "isTemplate": false,
    "count": 0,
    "updated": 0
  },
  {
    "id": "8b2f3cb4-a421-4904-8aca-9527963b7d4b",
    "data": [
      {
        "text": "还在",
        "userDefined": false
      },
      {
        "text": "武汉",
        "alias": "address",
        "meta": "@sys.address",
        "userDefined": false
      },
      {
        "text": "呢",
        "userDefined": false
      }
    ],
    "isTemplate": false,
    "count": 0,
    "updated": 0
  },
  {
    "id": "e177ae63-2837-4493-8466-980cb5d2ea36",
    "data": [
      {
        "text": "在",
        "userDefined": false
      },
      {
        "text": "北京",
        "alias": "address",
        "meta": "@sys.address",
        "userDefined": false
      }
    ],
    "isTemplate": false,
    "count": 0,
    "updated": 0
  },
  {
    "id": "e03fdd33-deb6-4e90-ba5a-1b097d0dd5f1",
    "data": [
      {
        "text": "在",
        "userDefined": false
      },
      {
        "text": "香港",
        "alias": "address",
        "meta": "@sys.address",
        "userDefined": false
      },
      {
        "text": "呢",
        "userDefined": false
      }
    ],
    "isTemplate": false,
    "count": 0,
    "updated": 0
  },
  {
    "id": "35dd1b4f-d5a4-4803-ab9b-a5b751dd9658",
    "data": [
      {
        "text": "告诉我在",
        "userDefined": false
      },
      {
        "text": "广州",
        "alias": "address",
        "meta": "@sys.address",
        "userDefined": false
      },
      {
        "text": "怎么样",
        "userDefined": false
      }
    ],
    "isTemplate": false,
    "count": 0,
    "updated": 0
  },
  {
    "id": "8c44ceb4-b193-489e-a741-971149e7e333",
    "data": [
      {
        "text": "在",
        "userDefined": false
      },
      {
        "text": "辽宁",
        "alias": "address",
        "meta": "@sys.address",
        "userDefined": false
      },
      {
        "text": "吗",
        "userDefined": false
      }
    ],
    "isTemplate": false,
    "count": 0,
    "updated": 0
  },
  {
    "id": "c8b77258-ffb8-4dae-af2c-f1eb84be932a",
    "data": [
      {
        "text": "还在",
        "userDefined": false
      },
      {
        "text": "宁波",
        "alias": "address",
        "meta": "@sys.address",
        "userDefined": true
      }
    ],
    "isTemplate": false,
    "count": 0,
    "updated": 0
  },
  {
    "id": "1918f400-1f71-4459-a5e9-96f827c0248f",
    "data": [
      {
        "text": "在",
        "userDefined": false
      },
      {
        "text": "杭州",
        "alias": "address",
        "meta": "@sys.address",
        "userDefined": true
      }
    ],
    "isTemplate": false,
    "count": 0,
    "updated": 0
  },
  {
    "id": "a40e21df-e11a-471f-9c66-a7cee13b609f",
    "data": [
      {
        "text": "还在",
        "userDefined": false
      },
      {
        "text": "上海",
        "alias": "address",
        "meta": "@sys.address",
        "userDefined": true
      }
    ],
    "isTemplate": false,
    "count": 0,
    "updated": 0
  }
]