[
  {
    "id": "470aeb6e-5908-4e6b-b9b7-12e8f54de59c",
    "data": [
      {
        "text": "tempo",
        "userDefined": false
      }
    ],
    "isTemplate": false,
    "count": 0,
    "updated": 0
  },
  {
    "id": "56f607e1-bb3e-480c-9730-abf24c254030",
    "data": [
      {
        "text": "previsioni meteo",
        "userDefined": false
      }
    ],
    "isTemplate": false,
    "count": 0,
    "updated": 0
  },
  {
    "id": "916313cb-3b7a-40af-8048-e49a11dd732d",
    "data": [
      {
        "text": "tempo di ",
        "userDefined": false
      },
      {
        "text": "oggi",
        "alias": "date-time",
        "meta": "@sys.date-time",
        "userDefined": true
      },
      {
        "text": " a ",
        "userDefined": false
      },
      {
        "text": "Madrid",
        "alias": "address",
        "meta": "@sys.location",
        "userDefined": true
      }
    ],
    "isTemplate": false,
    "count": 0,
    "updated": 0
  },
  {
    "id": "b1923ea4-57ef-4f4b-b21e-c4efe45ab150",
    "data": [
      {
        "text": "che tempo fa a ",
        "userDefined": false
      },
      {
        "text": "Napoli",
        "alias": "address",
        "meta": "@sys.location",
        "userDefined": true
      },
      {
        "text": " ",
        "userDefined": false
      },
      {
        "text": "questa mattina",
        "alias": "date-time",
        "meta": "@sys.date-time",
        "userDefined": true
      }
    ],
    "isTemplate": false,
    "count": 0,
    "updated": 0
  },
  {
    "id": "87f44469-926b-4e91-8475-11500fc5f721",
    "data": [
      {
        "text": "che tempo fa a ",
        "userDefined": false
      },
      {
        "text": "Roma",
        "alias": "address",
        "meta": "@sys.location",
        "userDefined": true
      }
    ],
    "isTemplate": false,
    "count": 0,
    "updated": 0
  },
  {
    "id": "f52f929f-742d-4edf-ab62-2e2980a73ecf",
    "data": [
      {
        "text": "che tempo farà a ",
        "userDefined": false
      },
      {
        "text": "Londra",
        "alias": "address",
        "meta": "@sys.location",
        "userDefined": true
      },
      {
        "text": " ",
        "userDefined": false
      },
      {
        "text": "domani",
        "alias": "date-time",
        "meta": "@sys.date-time",
        "userDefined": true
      }
    ],
    "isTemplate": false,
    "count": 0,
    "updated": 0
  },
  {
    "id": "65cc93f6-9245-4f90-9a3c-35832573f0e6",
    "data": [
      {
        "text": "previsioni del tempo",
        "userDefined": false
      }
    ],
    "isTemplate": false,
    "count": 0,
    "updated": 0
  },
  {
    "id": "2cdbb8de-868c-41e8-99ce-55a0f3893c4d",
    "data": [
      {
        "text": "previsioni del tempo per ",
        "userDefined": false
      },
      {
        "text": "New York",
        "alias": "address",
        "meta": "@sys.location",
        "userDefined": true
      }
    ],
    "isTemplate": false,
    "count": 0,
    "updated": 0
  },
  {
    "id": "4bb467c5-6a81-4253-99d5-aaaf5e8873f4",
    "data": [
      {
        "text": "che tempo fa a ",
        "userDefined": false
      },
      {
        "text": "Londra",
        "alias": "address",
        "meta": "@sys.location",
        "userDefined": true
      }
    ],
    "isTemplate": false,
    "count": 0,
    "updated": 0
  },
  {
    "id": "e5bcae3f-3376-475b-a05c-7325b1d78aec",
    "data": [
      {
        "text": "che tempo fa ",
        "userDefined": false
      },
      {
        "text": "oggi",
        "alias": "date-time",
        "meta": "@sys.date-time",
        "userDefined": true
      }
    ],
    "isTemplate": false,
    "count": 0,
    "updated": 0
  },
  {
    "id": "34c869be-6c4d-49a1-b0a6-834ab69e82b6",
    "data": [
      {
        "text": "tempo di ",
        "userDefined": false
      },
      {
        "text": "oggi",
        "alias": "date-time",
        "meta": "@sys.date-time",
        "userDefined": true
      }
    ],
    "isTemplate": false,
    "count": 0,
    "updated": 0
  }
]