[
  {
    "id": "81171b62-ab4c-4f59-ad1d-7da8d73c6575",
    "data": [
      {
        "text": "мне пригодится ",
        "userDefined": false
      },
      {
        "text": "сегодня",
        "alias": "date-time",
        "meta": "@sys.date-time",
        "userDefined": true
      },
      {
        "text": " ",
        "userDefined": false
      },
      {
        "text": "зонтик",
        "alias": "outfit",
        "meta": "@outfit",
        "userDefined": true
      },
      {
        "text": " в ",
        "userDefined": false
      },
      {
        "text": "Лондоне",
        "alias": "address",
        "meta": "@sys.location",
        "userDefined": true
      }
    ],
    "isTemplate": false,
    "count": 1,
    "updated": 0
  },
  {
    "id": "be28ba87-446a-4ac2-8f40-c0e2c07f45f2",
    "data": [
      {
        "text": "надеть ли сегодня ",
        "userDefined": false
      },
      {
        "text": "пиджак",
        "alias": "outfit",
        "meta": "@outfit",
        "userDefined": true
      }
    ],
    "isTemplate": false,
    "count": 0,
    "updated": 0
  },
  {
    "id": "7c50803b-0c3f-4e6a-9971-a9bb07869e14",
    "data": [
      {
        "text": "понадобится ли мне ",
        "userDefined": false
      },
      {
        "text": "зонт",
        "alias": "outfit",
        "meta": "@outfit",
        "userDefined": true
      },
      {
        "text": " ",
        "userDefined": false
      },
      {
        "text": "на этой неделе",
        "alias": "date-time",
        "meta": "@sys.date-time",
        "userDefined": true
      }
    ],
    "isTemplate": false,
    "count": 0,
    "updated": 0
  },
  {
    "id": "d771a7e4-0984-476c-8583-88871fb94a99",
    "data": [
      {
        "text": "мне нужно надеть ",
        "userDefined": false
      },
      {
        "text": "пальто",
        "alias": "outfit",
        "meta": "@outfit",
        "userDefined": true
      }
    ],
    "isTemplate": false,
    "count": 1,
    "updated": 0
  },
  {
    "id": "07610e68-0036-4a49-8f9f-d33438e4bd57",
    "data": [
      {
        "text": "надевать ли ",
        "userDefined": false
      },
      {
        "text": "пальто",
        "alias": "outfit",
        "meta": "@outfit",
        "userDefined": true
      }
    ],
    "isTemplate": false,
    "count": 0,
    "updated": 0
  },
  {
    "id": "0f72dd4a-b809-422d-a4d4-a83394098c4e",
    "data": [
      {
        "text": "следует ли взять ",
        "userDefined": false
      },
      {
        "text": "солнечные очки",
        "alias": "outfit",
        "meta": "@outfit",
        "userDefined": true
      },
      {
        "text": " с собой ",
        "userDefined": false
      },
      {
        "text": "завтра",
        "alias": "date-time",
        "meta": "@sys.date-time",
        "userDefined": true
      }
    ],
    "isTemplate": false,
    "count": 0,
    "updated": 0
  },
  {
    "id": "55f4f3d7-4e68-4d9b-b01a-e954bfae8af0",
    "data": [
      {
        "text": "брать ли с собой ",
        "userDefined": false
      },
      {
        "text": "солнцезащитные очки",
        "alias": "outfit",
        "meta": "@outfit",
        "userDefined": true
      },
      {
        "text": " в ",
        "userDefined": false
      },
      {
        "text": "Милан",
        "alias": "address",
        "meta": "@sys.location",
        "userDefined": true
      }
    ],
    "isTemplate": false,
    "count": 0,
    "updated": 0
  },
  {
    "id": "384e4775-d96a-4088-8bf6-3b656aafd85c",
    "data": [
      {
        "text": "мне понадобится ",
        "userDefined": false
      },
      {
        "text": "пальто",
        "alias": "outfit",
        "meta": "@outfit",
        "userDefined": true
      },
      {
        "text": " в ",
        "userDefined": false
      },
      {
        "text": "Лондоне",
        "alias": "address",
        "meta": "@sys.location",
        "userDefined": true
      }
    ],
    "isTemplate": false,
    "count": 0,
    "updated": 0
  },
  {
    "id": "3170d67e-5034-404d-9ccb-e9beeecd5de9",
    "data": [
      {
        "text": "надевать ли ",
        "userDefined": false
      },
      {
        "text": "перчатки",
        "alias": "outfit",
        "meta": "@outfit",
        "userDefined": true
      },
      {
        "text": " в ",
        "userDefined": false
      },
      {
        "text": "Аспене",
        "alias": "address",
        "meta": "@sys.location",
        "userDefined": true
      }
    ],
    "isTemplate": false,
    "count": 0,
    "updated": 0
  },
  {
    "id": "fa52d9f2-09f0-44f0-b669-f8cf48b31b73",
    "data": [
      {
        "text": "взять ли ",
        "userDefined": false
      },
      {
        "text": "солнечные очки",
        "alias": "outfit",
        "meta": "@outfit",
        "userDefined": true
      }
    ],
    "isTemplate": false,
    "count": 0,
    "updated": 0
  },
  {
    "id": "a60ef50d-7760-4202-97a2-42d23af79570",
    "data": [
      {
        "text": "взять с собой ",
        "userDefined": false
      },
      {
        "text": "пиджак",
        "alias": "outfit",
        "meta": "@outfit",
        "userDefined": true
      },
      {
        "text": " в ",
        "userDefined": false
      },
      {
        "text": "Рим",
        "alias": "address",
        "meta": "@sys.location",
        "userDefined": true
      }
    ],
    "isTemplate": false,
    "count": 0,
    "updated": 0
  },
  {
    "id": "da87b7a1-f239-4e97-8ffc-32274703081a",
    "data": [
      {
        "text": "потребуется ли ",
        "userDefined": false
      },
      {
        "text": "зонт",
        "alias": "outfit",
        "meta": "@outfit",
        "userDefined": true
      }
    ],
    "isTemplate": false,
    "count": 0,
    "updated": 0
  },
  {
    "id": "f505a00b-5b81-450b-8881-56e42be90446",
    "data": [
      {
        "text": "брать ",
        "userDefined": false
      },
      {
        "text": "пиджак",
        "alias": "outfit",
        "meta": "@outfit",
        "userDefined": true
      }
    ],
    "isTemplate": false,
    "count": 0,
    "updated": 0
  },
  {
    "id": "ec2e2238-fbd9-47f1-a73c-8c874c0a5055",
    "data": [
      {
        "text": "стоит одеть ",
        "userDefined": false
      },
      {
        "text": "пальто",
        "alias": "outfit",
        "meta": "@outfit",
        "userDefined": true
      }
    ],
    "isTemplate": false,
    "count": 0,
    "updated": 0
  },
  {
    "id": "f00c7797-fc0e-4c27-855b-aeeab4c6eccd",
    "data": [
      {
        "text": "нужны ли мне будут ",
        "userDefined": false
      },
      {
        "text": "очки",
        "alias": "outfit",
        "meta": "@outfit",
        "userDefined": true
      }
    ],
    "isTemplate": false,
    "count": 0,
    "updated": 0
  },
  {
    "id": "0d3eb5df-11d9-4185-be11-d783b85d5587",
    "data": [
      {
        "text": "мне понадобится ",
        "userDefined": false
      },
      {
        "text": "завтра",
        "alias": "date-time",
        "meta": "@sys.date-time",
        "userDefined": true
      },
      {
        "text": " ",
        "userDefined": false
      },
      {
        "text": "куртка",
        "alias": "outfit",
        "meta": "@outfit",
        "userDefined": true
      },
      {
        "text": " в ",
        "userDefined": false
      },
      {
        "text": "Новосибирске",
        "alias": "address",
        "meta": "@sys.location",
        "userDefined": true
      }
    ],
    "isTemplate": false,
    "count": 0,
    "updated": 0
  },
  {
    "id": "f085d5fa-723c-4d8f-9ae2-51732bbaaab3",
    "data": [
      {
        "text": "взять ли с собой ",
        "userDefined": false
      },
      {
        "text": "зонт",
        "alias": "outfit",
        "meta": "@outfit",
        "userDefined": true
      },
      {
        "text": " в ",
        "userDefined": false
      },
      {
        "text": "Токио",
        "alias": "address",
        "meta": "@sys.location",
        "userDefined": true
      }
    ],
    "isTemplate": false,
    "count": 0,
    "updated": 0
  },
  {
    "id": "2c2a27f4-2d1a-43d5-ae49-cb9de47d3a64",
    "data": [
      {
        "text": "взять ли с собой ",
        "userDefined": false
      },
      {
        "text": "пальто",
        "alias": "outfit",
        "meta": "@outfit",
        "userDefined": true
      },
      {
        "text": " в ",
        "userDefined": false
      },
      {
        "text": "Прагу",
        "alias": "address",
        "meta": "@sys.location",
        "userDefined": true
      },
      {
        "text": " ",
        "userDefined": false
      },
      {
        "text": "20 марта",
        "alias": "date-time",
        "meta": "@sys.date-time",
        "userDefined": true
      }
    ],
    "isTemplate": false,
    "count": 0,
    "updated": 0
  },
  {
    "id": "22fd12bf-fe9d-4028-8931-95f6b5be35e8",
    "data": [
      {
        "text": "понадобится ли ",
        "userDefined": false
      },
      {
        "text": "завтра",
        "alias": "date-time",
        "meta": "@sys.date-time",
        "userDefined": true
      },
      {
        "text": " ",
        "userDefined": false
      },
      {
        "text": "плащ",
        "alias": "outfit",
        "meta": "@outfit",
        "userDefined": true
      }
    ],
    "isTemplate": false,
    "count": 0,
    "updated": 0
  },
  {
    "id": "6ec9b0ce-5f0e-4210-865c-e542ade69502",
    "data": [
      {
        "text": "я ",
        "userDefined": false
      },
      {
        "text": "завтра",
        "alias": "date-time",
        "meta": "@sys.date-time",
        "userDefined": true
      },
      {
        "text": " лечу в ",
        "userDefined": false
      },
      {
        "text": "Париж",
        "alias": "address",
        "meta": "@sys.location",
        "userDefined": true
      },
      {
        "text": " мне нужно брать ",
        "userDefined": false
      },
      {
        "text": "зонтик",
        "alias": "outfit",
        "meta": "@outfit",
        "userDefined": true
      }
    ],
    "isTemplate": false,
    "count": 1,
    "updated": 0
  },
  {
    "id": "bb9d0a64-ecdf-4ea5-9f4d-58432376302f",
    "data": [
      {
        "text": "нужен ли будет ",
        "userDefined": false
      },
      {
        "text": "зонт",
        "alias": "outfit",
        "meta": "@outfit",
        "userDefined": true
      },
      {
        "text": " в ",
        "userDefined": false
      },
      {
        "text": "Париже",
        "alias": "address",
        "meta": "@sys.location",
        "userDefined": true
      },
      {
        "text": " на ",
        "userDefined": false
      },
      {
        "text": "этой неделе",
        "alias": "date-time",
        "meta": "@sys.date-time",
        "userDefined": true
      }
    ],
    "isTemplate": false,
    "count": 0,
    "updated": 0
  },
  {
    "id": "59f88be1-6bde-4e6b-ad60-a59413d34789",
    "data": [
      {
        "text": "завтра",
        "alias": "date-time",
        "meta": "@sys.date-time",
        "userDefined": true
      },
      {
        "text": " в ",
        "userDefined": false
      },
      {
        "text": "Калифорнии",
        "alias": "address",
        "meta": "@sys.location",
        "userDefined": true
      },
      {
        "text": " потребуются ли мне ",
        "userDefined": false
      },
      {
        "text": "очки от солнца",
        "alias": "outfit",
        "meta": "@outfit",
        "userDefined": true
      }
    ],
    "isTemplate": false,
    "count": 0,
    "updated": 0
  }
]