[
  {
    "id": "2cad2979-3933-46aa-b18c-07271a697948",
    "data": [
      {
        "text": "じゃあ",
        "userDefined": false
      },
      {
        "text": "雨",
        "alias": "weather-condition",
        "meta": "@weather-condition",
        "userDefined": true
      },
      {
        "text": "は",
        "userDefined": false
      }
    ],
    "isTemplate": false,
    "count": 0,
    "updated": 0
  },
  {
    "id": "137a6ddc-8997-4638-a0ff-67930eea57f0",
    "data": [
      {
        "text": "雪",
        "alias": "weather-condition",
        "meta": "@weather-condition",
        "userDefined": true
      },
      {
        "text": "はどう",
        "userDefined": false
      }
    ],
    "isTemplate": false,
    "count": 0,
    "updated": 0
  }
]