[
  {
    "id": "2fbd9de6-a7bd-4224-9854-d810ad538a74",
    "data": [
      {
        "text": "me dirías si estará ",
        "userDefined": false
      },
      {
        "text": "nublado",
        "alias": "condition",
        "meta": "@weather-condition",
        "userDefined": true
      },
      {
        "text": " el ",
        "userDefined": false
      },
      {
        "text": "15 de marzo",
        "alias": "date-time",
        "meta": "@sys.date-time",
        "userDefined": true
      },
      {
        "text": " en ",
        "userDefined": false
      },
      {
        "text": "Valencia",
        "alias": "address",
        "meta": "@sys.location",
        "userDefined": true
      }
    ],
    "isTemplate": false,
    "count": 0,
    "updated": 0
  },
  {
    "id": "f4ec9fc2-bf36-4d0c-abb2-07c00936bc47",
    "data": [
      {
        "text": "no puedes decirme a qué hora estará ",
        "userDefined": false
      },
      {
        "text": "soleado",
        "alias": "condition",
        "meta": "@weather-condition",
        "userDefined": true
      }
    ],
    "isTemplate": false,
    "count": 0,
    "updated": 0
  },
  {
    "id": "20e4a3fa-9445-4e87-8794-8db2514d6330",
    "data": [
      {
        "text": "dime si es que va a ",
        "userDefined": false
      },
      {
        "text": "nevar",
        "alias": "condition",
        "meta": "@weather-condition",
        "userDefined": true
      },
      {
        "text": " ",
        "userDefined": false
      },
      {
        "text": "esta noche",
        "alias": "date-time",
        "meta": "@sys.date-time",
        "userDefined": true
      }
    ],
    "isTemplate": false,
    "count": 0,
    "updated": 0
  },
  {
    "id": "c74cbdc6-c2e4-4818-8919-64df67c5cd9e",
    "data": [
      {
        "text": "va a haber ",
        "userDefined": false
      },
      {
        "text": "nevada",
        "alias": "condition",
        "meta": "@weather-condition",
        "userDefined": true
      },
      {
        "text": " ",
        "userDefined": false
      },
      {
        "text": "mañana por la mañana",
        "alias": "date-time",
        "meta": "@sys.date-time",
        "userDefined": true
      }
    ],
    "isTemplate": false,
    "count": 0,
    "updated": 0
  },
  {
    "id": "2fa01af5-2ea7-4fda-95ef-eec8fd7f21a4",
    "data": [
      {
        "text": "necesito saber si habrá ",
        "userDefined": false
      },
      {
        "text": "tormenta",
        "alias": "condition",
        "meta": "@weather-condition",
        "userDefined": true
      }
    ],
    "isTemplate": false,
    "count": 0,
    "updated": 0
  },
  {
    "id": "2ad2d88c-c080-4e9f-b7c9-1d8076c78555",
    "data": [
      {
        "text": "estará ",
        "userDefined": false
      },
      {
        "text": "nublado",
        "alias": "condition",
        "meta": "@weather-condition",
        "userDefined": true
      },
      {
        "text": " ",
        "userDefined": false
      },
      {
        "text": "hoy",
        "alias": "date-time",
        "meta": "@sys.date-time",
        "userDefined": true
      },
      {
        "text": " en ",
        "userDefined": false
      },
      {
        "text": "Galicia",
        "alias": "address",
        "meta": "@sys.location",
        "userDefined": true
      }
    ],
    "isTemplate": false,
    "count": 0,
    "updated": 0
  },
  {
    "id": "738436d4-ca95-4357-8baf-87251f24f6a7",
    "data": [
      {
        "text": "hace ",
        "userDefined": false
      },
      {
        "text": "sol",
        "alias": "condition",
        "meta": "@weather-condition",
        "userDefined": true
      },
      {
        "text": " en ",
        "userDefined": false
      },
      {
        "text": "Valladolid",
        "alias": "address",
        "meta": "@sys.location",
        "userDefined": true
      }
    ],
    "isTemplate": false,
    "count": 0,
    "updated": 0
  },
  {
    "id": "3f57d955-d794-4b07-ae56-49d632ef08a5",
    "data": [
      {
        "text": "ahora más tarde caerá ",
        "userDefined": false
      },
      {
        "text": "nieve",
        "alias": "condition",
        "meta": "@weather-condition",
        "userDefined": true
      }
    ],
    "isTemplate": false,
    "count": 0,
    "updated": 0
  },
  {
    "id": "b94d8eb6-53bc-4761-8bd2-d1ccf733649a",
    "data": [
      {
        "text": "esta noche",
        "alias": "date-time",
        "meta": "@sys.date-time",
        "userDefined": true
      },
      {
        "text": " ",
        "userDefined": false
      },
      {
        "text": "lloverá",
        "alias": "condition",
        "meta": "@weather-condition",
        "userDefined": true
      },
      {
        "text": " en ",
        "userDefined": false
      },
      {
        "text": "Madrid",
        "alias": "address",
        "meta": "@sys.location",
        "userDefined": true
      }
    ],
    "isTemplate": false,
    "count": 0,
    "updated": 0
  },
  {
    "id": "bfbccc5b-f2a9-456b-b4ef-16ec9a4f0066",
    "data": [
      {
        "text": "esta noche",
        "alias": "date-time",
        "meta": "@sys.date-time",
        "userDefined": true
      },
      {
        "text": " va a ",
        "userDefined": false
      },
      {
        "text": "nevar",
        "alias": "condition",
        "meta": "@weather-condition",
        "userDefined": true
      },
      {
        "text": " en ",
        "userDefined": false
      },
      {
        "text": "Roma",
        "alias": "address",
        "meta": "@sys.location",
        "userDefined": true
      }
    ],
    "isTemplate": false,
    "count": 0,
    "updated": 0
  },
  {
    "id": "39fbc2f2-a33e-49f1-81ac-002b8b2cecdf",
    "data": [
      {
        "text": "me puedes es decir si ",
        "userDefined": false
      },
      {
        "text": "llueve",
        "alias": "condition",
        "meta": "@weather-condition",
        "userDefined": true
      }
    ],
    "isTemplate": false,
    "count": 0,
    "updated": 0
  },
  {
    "id": "e28f4fd9-2494-454c-8611-ccc537e71bbc",
    "data": [
      {
        "text": "puedes avisarme si va a ",
        "userDefined": false
      },
      {
        "text": "llover",
        "alias": "condition",
        "meta": "@weather-condition",
        "userDefined": true
      },
      {
        "text": " ",
        "userDefined": false
      },
      {
        "text": "hoy",
        "alias": "date-time",
        "meta": "@sys.date-time",
        "userDefined": true
      }
    ],
    "isTemplate": false,
    "count": 0,
    "updated": 0
  },
  {
    "id": "82a62f32-a487-4d6f-ba9f-00748e241ac5",
    "data": [
      {
        "text": "va a ",
        "userDefined": false
      },
      {
        "text": "nevar",
        "alias": "condition",
        "meta": "@weather-condition",
        "userDefined": true
      },
      {
        "text": " ",
        "userDefined": false
      },
      {
        "text": "por la tarde",
        "alias": "date-time",
        "meta": "@sys.date-time",
        "userDefined": true
      }
    ],
    "isTemplate": false,
    "count": 0,
    "updated": 0
  },
  {
    "id": "90a45213-65e8-4a98-9e7e-eea9d806f9b5",
    "data": [
      {
        "text": "esperamos ",
        "userDefined": false
      },
      {
        "text": "tormentas",
        "alias": "condition",
        "meta": "@weather-condition",
        "userDefined": true
      },
      {
        "text": " ",
        "userDefined": false
      },
      {
        "text": "mañana",
        "alias": "date-time",
        "meta": "@sys.date-time",
        "userDefined": true
      }
    ],
    "isTemplate": false,
    "count": 0,
    "updated": 0
  },
  {
    "id": "4468f783-075c-4047-a6c6-61561d17ac7c",
    "data": [
      {
        "text": "Barcelona",
        "alias": "address",
        "meta": "@sys.location",
        "userDefined": true
      },
      {
        "text": " estará ",
        "userDefined": false
      },
      {
        "text": "nublada",
        "alias": "condition",
        "meta": "@weather-condition",
        "userDefined": true
      },
      {
        "text": " ",
        "userDefined": false
      },
      {
        "text": "todo el día",
        "alias": "date-time",
        "meta": "@sys.date-time",
        "userDefined": true
      }
    ],
    "isTemplate": false,
    "count": 0,
    "updated": 0
  },
  {
    "id": "a350248f-a2e3-4b6f-9119-1cf17175d6ce",
    "data": [
      {
        "text": "habrá ",
        "userDefined": false
      },
      {
        "text": "neblina",
        "alias": "condition",
        "meta": "@weather-condition",
        "userDefined": true
      },
      {
        "text": " ",
        "userDefined": false
      },
      {
        "text": "esta noche",
        "alias": "date-time",
        "meta": "@sys.date-time",
        "userDefined": true
      },
      {
        "text": " en ",
        "userDefined": false
      },
      {
        "text": "Barcelona",
        "alias": "address",
        "meta": "@sys.location",
        "userDefined": true
      }
    ],
    "isTemplate": false,
    "count": 0,
    "updated": 0
  },
  {
    "id": "bace618b-6fb4-438f-bc33-609d3bc76b7f",
    "data": [
      {
        "text": "dime si va a ",
        "userDefined": false
      },
      {
        "text": "llover",
        "alias": "condition",
        "meta": "@weather-condition",
        "userDefined": true
      },
      {
        "text": " ",
        "userDefined": false
      },
      {
        "text": "esta tarde",
        "alias": "date-time",
        "meta": "@sys.date-time",
        "userDefined": true
      }
    ],
    "isTemplate": false,
    "count": 0,
    "updated": 0
  },
  {
    "id": "e4de3d67-2068-4d13-8e31-7a9da0f68404",
    "data": [
      {
        "text": "quiero saber si va a ",
        "userDefined": false
      },
      {
        "text": "llover",
        "alias": "condition",
        "meta": "@weather-condition",
        "userDefined": true
      }
    ],
    "isTemplate": false,
    "count": 0,
    "updated": 0
  },
  {
    "id": "bed3d936-be65-4340-8c25-58e324a011b7",
    "data": [
      {
        "text": "hay ",
        "userDefined": false
      },
      {
        "text": "huracán",
        "alias": "condition",
        "meta": "@weather-condition",
        "userDefined": true
      },
      {
        "text": " en ",
        "userDefined": false
      },
      {
        "text": "Miami",
        "alias": "address",
        "meta": "@sys.location",
        "userDefined": true
      }
    ],
    "isTemplate": false,
    "count": 0,
    "updated": 0
  },
  {
    "id": "5d33b175-7519-40c2-9d6d-3b600ebce931",
    "data": [
      {
        "text": "dime si va a estar ",
        "userDefined": false
      },
      {
        "text": "nublado",
        "alias": "condition",
        "meta": "@weather-condition",
        "userDefined": true
      },
      {
        "text": " ",
        "userDefined": false
      },
      {
        "text": "hoy",
        "alias": "date-time",
        "meta": "@sys.date-time",
        "userDefined": true
      }
    ],
    "isTemplate": false,
    "count": 0,
    "updated": 0
  },
  {
    "id": "52db93e2-7fd5-413c-b8f0-004b2757e822",
    "data": [
      {
        "text": "avisarme si va a estar ",
        "userDefined": false
      },
      {
        "text": "nublado",
        "alias": "condition",
        "meta": "@weather-condition",
        "userDefined": true
      }
    ],
    "isTemplate": false,
    "count": 0,
    "updated": 0
  },
  {
    "id": "c585d863-35d7-40d9-91be-e3457d365478",
    "data": [
      {
        "text": "expectamos ",
        "userDefined": false
      },
      {
        "text": "chubascos",
        "alias": "condition",
        "meta": "@weather-condition",
        "userDefined": true
      },
      {
        "text": " ",
        "userDefined": false
      },
      {
        "text": "mañana",
        "alias": "date-time",
        "meta": "@sys.date-time",
        "userDefined": true
      },
      {
        "text": " en ",
        "userDefined": false
      },
      {
        "text": "Londres",
        "alias": "address",
        "meta": "@sys.location",
        "userDefined": true
      }
    ],
    "isTemplate": false,
    "count": 0,
    "updated": 0
  },
  {
    "id": "89cf966f-249b-4910-98d3-3c36b291206e",
    "data": [
      {
        "text": "quisiera saber si habrá ",
        "userDefined": false
      },
      {
        "text": "nevada",
        "alias": "condition",
        "meta": "@weather-condition",
        "userDefined": true
      }
    ],
    "isTemplate": false,
    "count": 0,
    "updated": 0
  },
  {
    "id": "1b875f10-fe55-46be-a657-bc279f1b21de",
    "data": [
      {
        "text": "dime si va a ",
        "userDefined": false
      },
      {
        "text": "nevar",
        "alias": "condition",
        "meta": "@weather-condition",
        "userDefined": true
      },
      {
        "text": " ",
        "userDefined": false
      },
      {
        "text": "esta tarde",
        "alias": "date-time",
        "meta": "@sys.date-time",
        "userDefined": true
      }
    ],
    "isTemplate": false,
    "count": 0,
    "updated": 0
  },
  {
    "id": "e0bb5a6e-0205-459b-84d8-9186b434225d",
    "data": [
      {
        "text": "me",
        "meta": "@sys.ignore",
        "userDefined": false
      },
      {
        "text": " vas a decir ",
        "userDefined": false
      },
      {
        "text": "si",
        "meta": "@sys.ignore",
        "userDefined": false
      },
      {
        "text": " va a ",
        "userDefined": false
      },
      {
        "text": "llover",
        "alias": "condition",
        "meta": "@weather-condition",
        "userDefined": false
      },
      {
        "text": " ",
        "userDefined": false
      },
      {
        "text": "esta noche",
        "alias": "date-time",
        "meta": "@sys.date-time",
        "userDefined": false
      }
    ],
    "isTemplate": false,
    "count": 1,
    "updated": 0
  },
  {
    "id": "a4a1aeb3-5a8a-4d5f-b47f-279d538468ec",
    "data": [
      {
        "text": "lloverá",
        "alias": "condition",
        "meta": "@weather-condition",
        "userDefined": true
      },
      {
        "text": " ",
        "userDefined": false
      },
      {
        "text": "hoy",
        "alias": "date-time",
        "meta": "@sys.date-time",
        "userDefined": true
      }
    ],
    "isTemplate": false,
    "count": 0,
    "updated": 0
  },
  {
    "id": "1536b72a-c704-4516-b165-3d2207c95ded",
    "data": [
      {
        "text": "por la noche",
        "alias": "date-time",
        "meta": "@sys.date-time",
        "userDefined": true
      },
      {
        "text": " va a ",
        "userDefined": false
      },
      {
        "text": "llover",
        "alias": "condition",
        "meta": "@weather-condition",
        "userDefined": true
      },
      {
        "text": " en ",
        "userDefined": false
      },
      {
        "text": "Madrid",
        "alias": "address",
        "meta": "@sys.location",
        "userDefined": true
      }
    ],
    "isTemplate": false,
    "count": 0,
    "updated": 0
  },
  {
    "id": "ce6d3e72-0677-4e46-a894-18cb671acb48",
    "data": [
      {
        "text": "me podrías decir si estará ",
        "userDefined": false
      },
      {
        "text": "soleado",
        "alias": "condition",
        "meta": "@weather-condition",
        "userDefined": true
      }
    ],
    "isTemplate": false,
    "count": 0,
    "updated": 0
  },
  {
    "id": "9118dca6-3200-40bc-ae55-4697cb592b67",
    "data": [
      {
        "text": "anoche",
        "alias": "date-time",
        "meta": "@sys.date-time",
        "userDefined": true
      },
      {
        "text": " va a ",
        "userDefined": false
      },
      {
        "text": "llover",
        "alias": "condition",
        "meta": "@weather-condition",
        "userDefined": true
      },
      {
        "text": " en ",
        "userDefined": false
      },
      {
        "text": "Moscú",
        "alias": "address",
        "meta": "@sys.location",
        "userDefined": true
      }
    ],
    "isTemplate": false,
    "count": 0,
    "updated": 0
  },
  {
    "id": "8589222f-fd4d-499f-a6ce-7fcb27b9ba12",
    "data": [
      {
        "text": "me pregunto si ",
        "userDefined": false
      },
      {
        "text": "lloverá",
        "alias": "condition",
        "meta": "@weather-condition",
        "userDefined": true
      },
      {
        "text": " el ",
        "userDefined": false
      },
      {
        "text": "12 de agosto",
        "alias": "date-time",
        "meta": "@sys.date-time",
        "userDefined": true
      },
      {
        "text": " en ",
        "userDefined": false
      },
      {
        "text": "Nueva York",
        "alias": "address",
        "meta": "@sys.location",
        "userDefined": true
      }
    ],
    "isTemplate": false,
    "count": 0,
    "updated": 0
  },
  {
    "id": "7b28f3ac-47c6-44d4-a790-d29d82ac55ae",
    "data": [
      {
        "text": "está ",
        "userDefined": false
      },
      {
        "text": "lloviendo",
        "alias": "condition",
        "meta": "@weather-condition",
        "userDefined": true
      }
    ],
    "isTemplate": false,
    "count": 0,
    "updated": 0
  },
  {
    "id": "890f6370-7869-4925-bb8b-ced696256ed2",
    "data": [
      {
        "text": "estará ",
        "userDefined": false
      },
      {
        "text": "nublado",
        "alias": "condition",
        "meta": "@weather-condition",
        "userDefined": true
      },
      {
        "text": " a las ",
        "userDefined": false
      },
      {
        "text": "seis",
        "alias": "date-time",
        "meta": "@sys.date-time",
        "userDefined": true
      }
    ],
    "isTemplate": false,
    "count": 0,
    "updated": 0
  },
  {
    "id": "02b29614-0619-4c8e-bad3-5e8341483e66",
    "data": [
      {
        "text": "estará ",
        "userDefined": false
      },
      {
        "text": "nublado",
        "alias": "condition",
        "meta": "@weather-condition",
        "userDefined": true
      },
      {
        "text": " ",
        "userDefined": false
      },
      {
        "text": "por la tarde",
        "alias": "date-time",
        "meta": "@sys.date-time",
        "userDefined": true
      }
    ],
    "isTemplate": false,
    "count": 0,
    "updated": 0
  },
  {
    "id": "80e92c35-619b-4465-abc4-603a7c0b481e",
    "data": [
      {
        "text": "dime si va a ",
        "userDefined": false
      },
      {
        "text": "llover",
        "alias": "condition",
        "meta": "@weather-condition",
        "userDefined": true
      },
      {
        "text": " ",
        "userDefined": false
      },
      {
        "text": "esta noche",
        "alias": "date-time",
        "meta": "@sys.date-time",
        "userDefined": true
      }
    ],
    "isTemplate": false,
    "count": 0,
    "updated": 0
  },
  {
    "id": "75fbf72e-0084-47c1-acc5-7222a26ecf06",
    "data": [
      {
        "text": "el ",
        "userDefined": false
      },
      {
        "text": "viernes",
        "alias": "date-time",
        "meta": "@sys.date-time",
        "userDefined": true
      },
      {
        "text": " ",
        "userDefined": false
      },
      {
        "text": "lloverá",
        "alias": "condition",
        "meta": "@weather-condition",
        "userDefined": true
      },
      {
        "text": " en ",
        "userDefined": false
      },
      {
        "text": "Murcia",
        "alias": "address",
        "meta": "@sys.location",
        "userDefined": true
      }
    ],
    "isTemplate": false,
    "count": 0,
    "updated": 0
  },
  {
    "id": "807bea88-6937-481a-8379-394508a49682",
    "data": [
      {
        "text": "me interesa que me digas si habrá ",
        "userDefined": false
      },
      {
        "text": "chubascos",
        "alias": "condition",
        "meta": "@weather-condition",
        "userDefined": true
      },
      {
        "text": " ",
        "userDefined": false
      },
      {
        "text": "mañana",
        "alias": "date-time",
        "meta": "@sys.date-time",
        "userDefined": true
      }
    ],
    "isTemplate": false,
    "count": 0,
    "updated": 0
  },
  {
    "id": "e273ccaf-e575-4fa5-9150-6aa13986c34b",
    "data": [
      {
        "text": "dime si va a ",
        "userDefined": false
      },
      {
        "text": "llover",
        "alias": "condition",
        "meta": "@weather-condition",
        "userDefined": true
      }
    ],
    "isTemplate": false,
    "count": 0,
    "updated": 0
  },
  {
    "id": "73d68001-d0cc-45d4-88c8-c17dab1b0bbb",
    "data": [
      {
        "text": "esta tarde",
        "alias": "date-time",
        "meta": "@sys.date-time",
        "userDefined": true
      },
      {
        "text": " va a estar ",
        "userDefined": false
      },
      {
        "text": "nublado",
        "alias": "condition",
        "meta": "@weather-condition",
        "userDefined": true
      }
    ],
    "isTemplate": false,
    "count": 0,
    "updated": 0
  },
  {
    "id": "71763d09-a10d-436a-a066-e195203fda1f",
    "data": [
      {
        "text": "habrá ",
        "userDefined": false
      },
      {
        "text": "tormenta",
        "alias": "condition",
        "meta": "@weather-condition",
        "userDefined": true
      },
      {
        "text": " ",
        "userDefined": false
      },
      {
        "text": "esta noche",
        "alias": "date-time",
        "meta": "@sys.date-time",
        "userDefined": true
      }
    ],
    "isTemplate": false,
    "count": 0,
    "updated": 0
  },
  {
    "id": "414241f7-9d03-4fa3-99df-9799d01d5111",
    "data": [
      {
        "text": "avísame ",
        "userDefined": false
      },
      {
        "text": "si",
        "meta": "@sys.ignore",
        "userDefined": false
      },
      {
        "text": " va a ",
        "userDefined": false
      },
      {
        "text": "llover",
        "alias": "condition",
        "meta": "@weather-condition",
        "userDefined": false
      }
    ],
    "isTemplate": false,
    "count": 0,
    "updated": 0
  },
  {
    "id": "804622f7-84ef-4743-9a57-b2f4308a274c",
    "data": [
      {
        "text": "va a ",
        "userDefined": false
      },
      {
        "text": "llover",
        "alias": "condition",
        "meta": "@weather-condition",
        "userDefined": true
      },
      {
        "text": " ",
        "userDefined": false
      },
      {
        "text": "esta noche",
        "alias": "date-time",
        "meta": "@sys.date-time",
        "userDefined": true
      }
    ],
    "isTemplate": false,
    "count": 0,
    "updated": 0
  },
  {
    "id": "6bb33678-34c0-419b-a7b2-44dc8b4fadf5",
    "data": [
      {
        "text": "dime si ",
        "userDefined": false
      },
      {
        "text": "lloverá",
        "alias": "condition",
        "meta": "@weather-condition",
        "userDefined": true
      },
      {
        "text": " ",
        "userDefined": false
      },
      {
        "text": "hoy",
        "alias": "date-time",
        "meta": "@sys.date-time",
        "userDefined": true
      }
    ],
    "isTemplate": false,
    "count": 0,
    "updated": 0
  },
  {
    "id": "421172db-eaba-498c-a2e0-4fe25460575d",
    "data": [
      {
        "text": "hay ",
        "userDefined": false
      },
      {
        "text": "tormenta",
        "alias": "condition",
        "meta": "@weather-condition",
        "userDefined": true
      }
    ],
    "isTemplate": false,
    "count": 0,
    "updated": 0
  }
]