[
  {
    "id": "da5b102b-68f2-4eff-a9d6-c4a00a7644e0",
    "data": [
      {
        "text": "e ",
        "userDefined": false
      },
      {
        "text": "chuva",
        "alias": "condition",
        "meta": "@weather-condition",
        "userDefined": true
      }
    ],
    "isTemplate": false,
    "count": 0,
    "updated": 0
  },
  {
    "id": "1d078876-e64c-4d27-8e54-5ddcdb89ea40",
    "data": [
      {
        "text": "e ",
        "userDefined": false
      },
      {
        "text": "neve",
        "alias": "condition",
        "meta": "@weather-condition",
        "userDefined": true
      }
    ],
    "isTemplate": false,
    "count": 0,
    "updated": 0
  }
]