[
  {
    "id": "475f245b-fb4c-4e94-8e43-c918b9b7d6d1",
    "data": [
      {
        "text": "а в ",
        "userDefined": false
      },
      {
        "text": "субботу",
        "alias": "date-time",
        "meta": "@sys.date-time",
        "userDefined": true
      }
    ],
    "isTemplate": false,
    "count": 0,
    "updated": 0
  },
  {
    "id": "3d496a52-8889-4bd8-ba9b-22433c9a8964",
    "data": [
      {
        "text": "а ",
        "userDefined": false
      },
      {
        "text": "завтра",
        "alias": "date-time",
        "meta": "@sys.date-time",
        "userDefined": true
      }
    ],
    "isTemplate": false,
    "count": 1,
    "updated": 0
  },
  {
    "id": "64a5d1d3-2530-4dd8-8a55-760b11b43b3c",
    "data": [
      {
        "text": "изменится ли она после ",
        "userDefined": false
      },
      {
        "text": "5",
        "alias": "date-time",
        "meta": "@sys.date-time",
        "userDefined": true
      }
    ],
    "isTemplate": false,
    "count": 0,
    "updated": 0
  },
  {
    "id": "00f69667-b7eb-48cd-baa6-d4410bcacbcd",
    "data": [
      {
        "text": "а что насчёт ",
        "userDefined": false
      },
      {
        "text": "завтра",
        "alias": "date-time",
        "meta": "@sys.date-time",
        "userDefined": true
      }
    ],
    "isTemplate": false,
    "count": 0,
    "updated": 0
  },
  {
    "id": "6919b8b4-5c07-4f0d-a631-7e082e6d86a3",
    "data": [
      {
        "text": "и в течение ",
        "userDefined": false
      },
      {
        "text": "следующей недели",
        "alias": "date-time",
        "meta": "@sys.date-time",
        "userDefined": true
      }
    ],
    "isTemplate": false,
    "count": 0,
    "updated": 0
  },
  {
    "id": "e31bba71-556b-4562-b5aa-e139a98c0379",
    "data": [
      {
        "text": "в ",
        "userDefined": false
      },
      {
        "text": "среду",
        "alias": "date-time",
        "meta": "@sys.date-time",
        "userDefined": true
      }
    ],
    "isTemplate": false,
    "count": 0,
    "updated": 0
  },
  {
    "id": "bc8b8dcc-bb58-4dfc-a831-e24a2b4fc832",
    "data": [
      {
        "text": "на ",
        "userDefined": false
      },
      {
        "text": "следующий месяц",
        "alias": "date-time",
        "meta": "@sys.date-time",
        "userDefined": true
      }
    ],
    "isTemplate": false,
    "count": 0,
    "updated": 0
  },
  {
    "id": "7871c233-b0f3-4227-b084-a795c18fbe71",
    "data": [
      {
        "text": "и в ",
        "userDefined": false
      },
      {
        "text": "следующую субботу",
        "alias": "date-time",
        "meta": "@sys.date-time",
        "userDefined": true
      }
    ],
    "isTemplate": false,
    "count": 0,
    "updated": 0
  },
  {
    "id": "1a1513b5-7f5d-406f-b94c-cf7408a0befe",
    "data": [
      {
        "text": "а как насчёт ",
        "userDefined": false
      },
      {
        "text": "сегодня",
        "alias": "date-time",
        "meta": "@sys.date-time",
        "userDefined": true
      }
    ],
    "isTemplate": false,
    "count": 0,
    "updated": 0
  },
  {
    "id": "01c97a78-81fa-404e-a8f9-b79adfbc4282",
    "data": [
      {
        "text": "а что насчет ",
        "userDefined": false
      },
      {
        "text": "этих выходных",
        "alias": "date-time",
        "meta": "@sys.date-time",
        "userDefined": true
      }
    ],
    "isTemplate": false,
    "count": 1,
    "updated": 0
  },
  {
    "id": "37135276-b9e9-4506-9071-a4a767c20bd5",
    "data": [
      {
        "text": "проверь на ",
        "userDefined": false
      },
      {
        "text": "понедельник",
        "alias": "date-time",
        "meta": "@sys.date-time",
        "userDefined": true
      }
    ],
    "isTemplate": false,
    "count": 0,
    "updated": 0
  },
  {
    "id": "adb47d8e-c7bf-4d75-9abe-e20583118c16",
    "data": [
      {
        "text": "проверь ",
        "userDefined": false
      },
      {
        "text": "следующую неделю",
        "alias": "date-time",
        "meta": "@sys.date-time",
        "userDefined": true
      }
    ],
    "isTemplate": false,
    "count": 0,
    "updated": 0
  },
  {
    "id": "69276a56-02d2-4e80-ae85-7421d6bbd843",
    "data": [
      {
        "text": "как насчёт ",
        "userDefined": false
      },
      {
        "text": "завтра",
        "alias": "date-time",
        "meta": "@sys.date-time",
        "userDefined": true
      }
    ],
    "isTemplate": false,
    "count": 0,
    "updated": 0
  },
  {
    "id": "b89b0a48-331a-4102-b8df-5ae0ed2f7fce",
    "data": [
      {
        "text": "этим вечером",
        "alias": "date-time",
        "meta": "@sys.date-time",
        "userDefined": true
      }
    ],
    "isTemplate": false,
    "count": 1,
    "updated": 0
  }
]