[
  {
    "id": "e4878a01-f122-40a2-ae50-487022205e09",
    "data": [
      {
        "text": "vai ",
        "userDefined": false
      },
      {
        "text": "nevar",
        "alias": "condition",
        "meta": "@weather-condition",
        "userDefined": true
      }
    ],
    "isTemplate": false,
    "count": 0,
    "updated": 0
  },
  {
    "id": "49d9e425-2c5d-42c7-9bfe-4965ec97094c",
    "data": [
      {
        "text": "e ",
        "userDefined": false
      },
      {
        "text": "chover",
        "alias": "condition",
        "meta": "@weather-condition",
        "userDefined": true
      }
    ],
    "isTemplate": false,
    "count": 0,
    "updated": 0
  }
]