[
  {
    "id": "33686ce3-b948-4c7f-8836-0e38ea66fa3d",
    "data": [
      {
        "text": "e em ",
        "userDefined": false
      },
      {
        "text": "Paris",
        "alias": "address",
        "meta": "@sys.location",
        "userDefined": true
      }
    ],
    "isTemplate": false,
    "count": 0,
    "updated": 0
  },
  {
    "id": "397eafdc-e455-4abc-adb7-c07216ff65af",
    "data": [
      {
        "text": "e em ",
        "userDefined": false
      },
      {
        "text": "São Francisco",
        "alias": "address",
        "meta": "@sys.location",
        "userDefined": true
      }
    ],
    "isTemplate": false,
    "count": 1,
    "updated": 0
  },
  {
    "id": "705714d7-3a7a-4475-815f-34be95639792",
    "data": [
      {
        "text": "e em ",
        "userDefined": false
      },
      {
        "text": "Aspen",
        "alias": "address",
        "meta": "@sys.location",
        "userDefined": true
      }
    ],
    "isTemplate": false,
    "count": 0,
    "updated": 0
  },
  {
    "id": "5f95a0f0-c0c6-4d79-a17d-36631089ed68",
    "data": [
      {
        "text": "agora em ",
        "userDefined": false
      },
      {
        "text": "Aspen",
        "alias": "address",
        "meta": "@sys.location",
        "userDefined": true
      }
    ],
    "isTemplate": false,
    "count": 0,
    "updated": 0
  },
  {
    "id": "c074c959-53bf-4e21-89c9-f9bdcc3421a4",
    "data": [
      {
        "text": "pode verificar em ",
        "userDefined": false
      },
      {
        "text": "Seattle",
        "alias": "address",
        "meta": "@sys.location",
        "userDefined": true
      }
    ],
    "isTemplate": false,
    "count": 0,
    "updated": 0
  },
  {
    "id": "d9009632-a41e-41a9-80cd-e963dac2889f",
    "data": [
      {
        "text": "e em ",
        "userDefined": false
      },
      {
        "text": "Oakland",
        "alias": "address",
        "meta": "@sys.location",
        "userDefined": true
      }
    ],
    "isTemplate": false,
    "count": 0,
    "updated": 0
  },
  {
    "id": "7e25fdd3-bac1-4ba0-bcab-8e350f4589ad",
    "data": [
      {
        "text": "e em ",
        "userDefined": false
      },
      {
        "text": "Londres",
        "alias": "address",
        "meta": "@sys.location",
        "userDefined": true
      }
    ],
    "isTemplate": false,
    "count": 0,
    "updated": 0
  },
  {
    "id": "7e8847a3-ed51-4672-bcf7-4215730aa8f3",
    "data": [
      {
        "text": "Moscovo",
        "alias": "address",
        "meta": "@sys.location",
        "userDefined": true
      }
    ],
    "isTemplate": false,
    "count": 0,
    "updated": 0
  }
]