[
  {
    "id": "1d68d430-92fa-4b46-9525-daf900562a53",
    "data": [
      {
        "text": "is ",
        "userDefined": false
      },
      {
        "text": "today",
        "alias": "date-time",
        "meta": "@sys.date-time",
        "userDefined": true
      },
      {
        "text": " a ",
        "userDefined": false
      },
      {
        "text": "hot",
        "alias": "temperature",
        "meta": "@temperature",
        "userDefined": false
      },
      {
        "text": " day",
        "userDefined": false
      }
    ],
    "isTemplate": false,
    "count": 0,
    "updated": 0
  },
  {
    "id": "945def2d-1a5f-47e8-a7dc-ded7c7b859fa",
    "data": [
      {
        "text": "will it be ",
        "userDefined": false
      },
      {
        "text": "hot",
        "alias": "temperature",
        "meta": "@temperature",
        "userDefined": true
      },
      {
        "text": " in ",
        "userDefined": false
      },
      {
        "text": "Ibiza",
        "alias": "address",
        "meta": "@sys.location",
        "userDefined": true
      },
      {
        "text": " ",
        "userDefined": false
      },
      {
        "text": "next weekend",
        "alias": "date-time",
        "meta": "@sys.date-time",
        "userDefined": true
      }
    ],
    "isTemplate": false,
    "count": 1,
    "updated": 0
  },
  {
    "id": "5ddef0f0-9b69-489c-a06c-dbacd2c70f18",
    "data": [
      {
        "text": "how ",
        "userDefined": false
      },
      {
        "text": "cold",
        "alias": "temperature",
        "meta": "@temperature",
        "userDefined": true
      },
      {
        "text": " is it supposed to be ",
        "userDefined": false
      },
      {
        "text": "this Sunday",
        "alias": "date-time",
        "meta": "@sys.date-time",
        "userDefined": true
      },
      {
        "text": " in ",
        "userDefined": false
      },
      {
        "text": "Mountain View",
        "alias": "address",
        "meta": "@sys.location",
        "userDefined": true
      }
    ],
    "isTemplate": false,
    "count": 1,
    "updated": 1505878030
  },
  {
    "id": "f9bec012-5af1-430f-8fbf-e536d6437021",
    "data": [
      {
        "text": "do you know if it\u0027s ",
        "userDefined": false
      },
      {
        "text": "cold",
        "alias": "temperature",
        "meta": "@temperature",
        "userDefined": true
      },
      {
        "text": " ",
        "userDefined": false
      },
      {
        "text": "now",
        "alias": "date-time",
        "meta": "@sys.date-time",
        "userDefined": true
      }
    ],
    "isTemplate": false,
    "count": 0,
    "updated": 0
  },
  {
    "id": "152ce359-b95d-40dc-8679-76136d047964",
    "data": [
      {
        "text": "check temperature",
        "userDefined": false
      }
    ],
    "isTemplate": false,
    "count": 0,
    "updated": 0
  },
  {
    "id": "a02b311e-758b-4cb0-b1d9-292f66bed486",
    "data": [
      {
        "text": "tell me if it\u0027s ",
        "userDefined": false
      },
      {
        "text": "cold",
        "alias": "temperature",
        "meta": "@temperature",
        "userDefined": true
      },
      {
        "text": " outside",
        "userDefined": false
      }
    ],
    "isTemplate": false,
    "count": 0,
    "updated": 0
  },
  {
    "id": "39cb8bc9-70fc-4308-9217-320fad83410b",
    "data": [
      {
        "text": "check temperature for ",
        "userDefined": false
      },
      {
        "text": "next Friday",
        "alias": "date-time",
        "meta": "@sys.date-time",
        "userDefined": true
      }
    ],
    "isTemplate": false,
    "count": 0,
    "updated": 0
  },
  {
    "id": "a30fb1c9-629d-4a97-b73b-0321e4c1cad8",
    "data": [
      {
        "text": "what\u0027s the temperature outside",
        "userDefined": false
      }
    ],
    "isTemplate": false,
    "count": 1,
    "updated": 0
  },
  {
    "id": "d8bbd30c-a5f6-429d-9703-df33840400f3",
    "data": [
      {
        "text": "do you know if it\u0027s ",
        "userDefined": false
      },
      {
        "text": "cold",
        "alias": "temperature",
        "meta": "@temperature",
        "userDefined": true
      },
      {
        "text": " outside ",
        "userDefined": false
      },
      {
        "text": "now",
        "alias": "date-time",
        "meta": "@sys.date-time",
        "userDefined": true
      }
    ],
    "isTemplate": false,
    "count": 0,
    "updated": 1505878030
  },
  {
    "id": "4787c0cf-0f3f-41f4-b86b-b4351428b8d6",
    "data": [
      {
        "text": "check temperature for ",
        "userDefined": false
      },
      {
        "text": "next week",
        "alias": "date-time",
        "meta": "@sys.date-time",
        "userDefined": true
      },
      {
        "text": " in ",
        "userDefined": false
      },
      {
        "text": "Budapest",
        "alias": "address",
        "meta": "@sys.location",
        "userDefined": true
      }
    ],
    "isTemplate": false,
    "count": 0,
    "updated": 0
  },
  {
    "id": "d0256eb3-a25e-445a-8b17-b768450c9870",
    "data": [
      {
        "text": "temperature ",
        "userDefined": false
      },
      {
        "text": "tonight",
        "alias": "date-time",
        "meta": "@sys.date-time",
        "userDefined": true
      }
    ],
    "isTemplate": false,
    "count": 0,
    "updated": 0
  },
  {
    "id": "8192b309-a9c3-4545-8232-cdccd1b185fb",
    "data": [
      {
        "text": "what will the temperature be on ",
        "userDefined": false
      },
      {
        "text": "Monday",
        "alias": "date-time",
        "meta": "@sys.date-time",
        "userDefined": true
      }
    ],
    "isTemplate": false,
    "count": 0,
    "updated": 0
  },
  {
    "id": "c98c88e6-5063-4556-a451-adac34938d7e",
    "data": [
      {
        "text": "I\u0027d like to know the temperature on ",
        "userDefined": false
      },
      {
        "text": "July 22",
        "alias": "date-time",
        "meta": "@sys.date-time",
        "userDefined": true
      },
      {
        "text": " in ",
        "userDefined": false
      },
      {
        "text": "Tampa",
        "alias": "address",
        "meta": "@sys.location",
        "userDefined": true
      }
    ],
    "isTemplate": false,
    "count": 0,
    "updated": 0
  },
  {
    "id": "682296c2-d6a9-48a3-b597-61cce4bedb3d",
    "data": [
      {
        "text": "show ",
        "userDefined": false
      },
      {
        "text": "me",
        "meta": "@sys.ignore",
        "userDefined": false
      },
      {
        "text": " the temperature",
        "userDefined": false
      }
    ],
    "isTemplate": false,
    "count": 0,
    "updated": 0
  },
  {
    "id": "830237c1-43de-404b-ad94-03489c748a86",
    "data": [
      {
        "text": "check if it\u0027s going to be ",
        "userDefined": false
      },
      {
        "text": "freezing",
        "alias": "temperature",
        "meta": "@temperature",
        "userDefined": true
      },
      {
        "text": " ",
        "userDefined": false
      },
      {
        "text": "tomorrow",
        "alias": "date-time",
        "meta": "@sys.date-time",
        "userDefined": true
      }
    ],
    "isTemplate": false,
    "count": 0,
    "updated": 0
  },
  {
    "id": "9aeca108-d648-4823-81a1-3008a8db38b4",
    "data": [
      {
        "text": "it is ",
        "userDefined": false
      },
      {
        "text": "chilly",
        "alias": "temperature",
        "meta": "@temperature",
        "userDefined": true
      },
      {
        "text": " in ",
        "userDefined": false
      },
      {
        "text": "London",
        "alias": "address",
        "meta": "@sys.location",
        "userDefined": true
      },
      {
        "text": " ",
        "userDefined": false
      },
      {
        "text": "right now",
        "alias": "date-time",
        "meta": "@sys.date-time",
        "userDefined": true
      }
    ],
    "isTemplate": false,
    "count": 0,
    "updated": 0
  },
  {
    "id": "03f08f97-86e7-45e8-9053-419eb14caf0e",
    "data": [
      {
        "text": "temperature in ",
        "userDefined": false
      },
      {
        "text": "San Diego",
        "alias": "address",
        "meta": "@sys.location",
        "userDefined": true
      },
      {
        "text": " ",
        "userDefined": false
      },
      {
        "text": "next Wednesday",
        "alias": "date-time",
        "meta": "@sys.date-time",
        "userDefined": true
      }
    ],
    "isTemplate": false,
    "count": 0,
    "updated": 0
  },
  {
    "id": "29bca36d-612f-45d7-bc9f-5196235db5b7",
    "data": [
      {
        "text": "show ",
        "userDefined": false
      },
      {
        "text": "me",
        "meta": "@sys.ignore",
        "userDefined": false
      },
      {
        "text": " the temperature ",
        "userDefined": false
      },
      {
        "text": "in",
        "meta": "@sys.ignore",
        "userDefined": false
      },
      {
        "text": " ",
        "userDefined": false
      },
      {
        "text": "Paris",
        "alias": "address",
        "meta": "@sys.location",
        "userDefined": true
      },
      {
        "text": " in ",
        "userDefined": false
      },
      {
        "text": "Fahrenheit",
        "alias": "unit",
        "meta": "@unit-temperature",
        "userDefined": false
      }
    ],
    "isTemplate": false,
    "count": 1,
    "updated": 1505878030
  },
  {
    "id": "f01acb80-25ac-4563-8ca1-9b5b8cd3d6c7",
    "data": [
      {
        "text": "is it ",
        "userDefined": false
      },
      {
        "text": "hot",
        "alias": "temperature",
        "meta": "@temperature",
        "userDefined": true
      },
      {
        "text": " ",
        "userDefined": false
      },
      {
        "text": "now",
        "alias": "date-time",
        "meta": "@sys.date-time",
        "userDefined": true
      }
    ],
    "isTemplate": false,
    "count": 0,
    "updated": 0
  },
  {
    "id": "5f3b7a7f-2218-4b21-a972-5b0cf54b54ea",
    "data": [
      {
        "text": "how ",
        "userDefined": false
      },
      {
        "text": "cold",
        "alias": "temperature",
        "meta": "@temperature",
        "userDefined": true
      },
      {
        "text": " is it supposed to be ",
        "userDefined": false
      },
      {
        "text": "this week",
        "alias": "date-time",
        "meta": "@sys.date-time",
        "userDefined": true
      }
    ],
    "isTemplate": false,
    "count": 0,
    "updated": 0
  },
  {
    "id": "b1056058-938b-4709-aef8-3b43ec74100f",
    "data": [
      {
        "text": "temperature",
        "userDefined": false
      }
    ],
    "isTemplate": false,
    "count": 1,
    "updated": 0
  },
  {
    "id": "b365a1e8-ed4f-45ed-bbae-4153984e830c",
    "data": [
      {
        "text": "what\u0027s the temperature ",
        "userDefined": false
      },
      {
        "text": "in",
        "meta": "@sys.ignore",
        "userDefined": false
      },
      {
        "text": " ",
        "userDefined": false
      },
      {
        "text": "Moscow",
        "alias": "address",
        "meta": "@sys.location",
        "userDefined": true
      },
      {
        "text": " in ",
        "userDefined": false
      },
      {
        "text": "Celsius",
        "alias": "unit",
        "meta": "@unit-temperature",
        "userDefined": false
      }
    ],
    "isTemplate": false,
    "count": 0,
    "updated": 0
  },
  {
    "id": "d25394e4-ebaf-4ed8-b739-aab3aa823bfe",
    "data": [
      {
        "text": "tell me if it\u0027s ",
        "userDefined": false
      },
      {
        "text": "cold",
        "alias": "temperature",
        "meta": "@temperature",
        "userDefined": true
      },
      {
        "text": " in ",
        "userDefined": false
      },
      {
        "text": "Oslo",
        "alias": "address",
        "meta": "@sys.location",
        "userDefined": true
      }
    ],
    "isTemplate": false,
    "count": 0,
    "updated": 0
  },
  {
    "id": "8ba11076-4206-46f9-8a51-1da5656b8ac6",
    "data": [
      {
        "text": "is it ",
        "userDefined": false
      },
      {
        "text": "hot",
        "alias": "temperature",
        "meta": "@temperature",
        "userDefined": true
      },
      {
        "text": " in ",
        "userDefined": false
      },
      {
        "text": "Tokyo",
        "alias": "address",
        "meta": "@sys.location",
        "userDefined": true
      }
    ],
    "isTemplate": false,
    "count": 0,
    "updated": 0
  },
  {
    "id": "185b4370-ccf9-49f6-a339-4d08084f2470",
    "data": [
      {
        "text": "it\u0027s ",
        "userDefined": false
      },
      {
        "text": "chilly",
        "alias": "temperature",
        "meta": "@temperature",
        "userDefined": true
      },
      {
        "text": " in ",
        "userDefined": false
      },
      {
        "text": "New York",
        "alias": "address",
        "meta": "@sys.location",
        "userDefined": true
      },
      {
        "text": " right",
        "userDefined": false
      }
    ],
    "isTemplate": false,
    "count": 0,
    "updated": 0
  },
  {
    "id": "9626a33e-60f4-45ef-a542-9ff6a01da044",
    "data": [
      {
        "text": "show me the temperature for ",
        "userDefined": false
      },
      {
        "text": "this weekend",
        "alias": "date-time",
        "meta": "@sys.date-time",
        "userDefined": true
      }
    ],
    "isTemplate": false,
    "count": 0,
    "updated": 0
  },
  {
    "id": "ce5b9275-1d7d-4259-8999-9b9bb403ddbb",
    "data": [
      {
        "text": "is it ",
        "userDefined": false
      },
      {
        "text": "warm",
        "alias": "temperature",
        "meta": "@temperature",
        "userDefined": false
      },
      {
        "text": " ",
        "userDefined": false
      },
      {
        "text": "in",
        "meta": "@sys.ignore",
        "userDefined": false
      },
      {
        "text": " ",
        "userDefined": false
      },
      {
        "text": "New York",
        "alias": "address",
        "meta": "@sys.location",
        "userDefined": true
      }
    ],
    "isTemplate": false,
    "count": 0,
    "updated": 1505878030
  },
  {
    "id": "5355739c-79f5-4925-8fea-07b1efeefb7e",
    "data": [
      {
        "text": "I\u0027d like to know the temperature in ",
        "userDefined": false
      },
      {
        "text": "London",
        "alias": "address",
        "meta": "@sys.location",
        "userDefined": true
      }
    ],
    "isTemplate": false,
    "count": 0,
    "updated": 0
  },
  {
    "id": "4a7dd9ac-bd86-44e0-99dc-586e2bc66a07",
    "data": [
      {
        "text": "what\u0027s the temperature ",
        "userDefined": false
      },
      {
        "text": "tomorrow",
        "alias": "date-time",
        "meta": "@sys.date-time",
        "userDefined": true
      },
      {
        "text": " in ",
        "userDefined": false
      },
      {
        "text": "Canberra",
        "alias": "address",
        "meta": "@sys.location",
        "userDefined": true
      }
    ],
    "isTemplate": false,
    "count": 0,
    "updated": 1505878030
  },
  {
    "id": "f65c6aca-5758-454b-a0ae-28627d1e6b12",
    "data": [
      {
        "text": "today\u0027s",
        "alias": "date-time",
        "meta": "@sys.date-time",
        "userDefined": true
      },
      {
        "text": " temperature",
        "userDefined": false
      }
    ],
    "isTemplate": false,
    "count": 0,
    "updated": 0
  },
  {
    "id": "d1894022-cb07-4ff7-9ec3-364a05c65fb4",
    "data": [
      {
        "text": "what is",
        "meta": "@sys.ignore",
        "userDefined": false
      },
      {
        "text": " the temperature ",
        "userDefined": false
      },
      {
        "text": "tomorrow",
        "alias": "date-time",
        "meta": "@sys.date-time",
        "userDefined": true
      },
      {
        "text": " ",
        "userDefined": false
      },
      {
        "text": "in",
        "meta": "@sys.ignore",
        "userDefined": false
      },
      {
        "text": " ",
        "userDefined": false
      },
      {
        "text": "Campbell",
        "alias": "address",
        "meta": "@sys.location",
        "userDefined": false
      }
    ],
    "isTemplate": false,
    "count": 0,
    "updated": 1505878030
  },
  {
    "id": "3337df76-e244-47b1-b694-ecbe0c15e10a",
    "data": [
      {
        "text": "how ",
        "userDefined": false
      },
      {
        "text": "cold",
        "alias": "temperature",
        "meta": "@temperature",
        "userDefined": true
      },
      {
        "text": " is it",
        "userDefined": false
      }
    ],
    "isTemplate": false,
    "count": 0,
    "updated": 0
  },
  {
    "id": "b3e74b73-7f2b-421b-b54c-164a84cba5cf",
    "data": [
      {
        "text": "I\u0027d like to know the temperature",
        "userDefined": false
      }
    ],
    "isTemplate": false,
    "count": 0,
    "updated": 0
  },
  {
    "id": "6c64b256-a9c2-44c6-99e3-ca277d6c5c4c",
    "data": [
      {
        "text": "temperature on ",
        "userDefined": false
      },
      {
        "text": "June 14",
        "alias": "date-time",
        "meta": "@sys.date-time",
        "userDefined": true
      }
    ],
    "isTemplate": false,
    "count": 0,
    "updated": 0
  },
  {
    "id": "7160514e-23f3-4d43-87d0-1d92a0a27ab9",
    "data": [
      {
        "text": "is it ",
        "userDefined": false
      },
      {
        "text": "cold",
        "alias": "temperature",
        "meta": "@temperature",
        "userDefined": false
      },
      {
        "text": " in ",
        "userDefined": false
      },
      {
        "text": "Miami",
        "alias": "address",
        "meta": "@sys.location",
        "userDefined": false
      },
      {
        "text": " ",
        "userDefined": false
      },
      {
        "text": "today",
        "alias": "date-time",
        "meta": "@sys.date-time",
        "userDefined": false
      }
    ],
    "isTemplate": false,
    "count": 0,
    "updated": 1505878030
  },
  {
    "id": "38e489ce-553f-4fa2-a58f-fec98456a20f",
    "data": [
      {
        "text": "will it be ",
        "userDefined": false
      },
      {
        "text": "warm",
        "alias": "temperature",
        "meta": "@temperature",
        "userDefined": true
      },
      {
        "text": " ",
        "userDefined": false
      },
      {
        "text": "tomorrow",
        "alias": "date-time",
        "meta": "@sys.date-time",
        "userDefined": true
      }
    ],
    "isTemplate": false,
    "count": 0,
    "updated": 0
  },
  {
    "id": "9106e2c1-548d-4c62-af25-b873b802e7e8",
    "data": [
      {
        "text": "show me the temperature for ",
        "userDefined": false
      },
      {
        "text": "this weekend",
        "alias": "date-time",
        "meta": "@sys.date-time",
        "userDefined": true
      },
      {
        "text": " in ",
        "userDefined": false
      },
      {
        "text": "Los Angeles",
        "alias": "address",
        "meta": "@sys.location",
        "userDefined": true
      }
    ],
    "isTemplate": false,
    "count": 0,
    "updated": 0
  },
  {
    "id": "d95d33d7-b60f-48fb-b0f4-eb8585997b11",
    "data": [
      {
        "text": "is it going to be ",
        "userDefined": false
      },
      {
        "text": "cold",
        "alias": "temperature",
        "meta": "@temperature",
        "userDefined": true
      },
      {
        "text": " ",
        "userDefined": false
      },
      {
        "text": "tomorrow",
        "alias": "date-time",
        "meta": "@sys.date-time",
        "userDefined": true
      },
      {
        "text": " in ",
        "userDefined": false
      },
      {
        "text": "Dresden",
        "alias": "address",
        "meta": "@sys.location",
        "userDefined": true
      }
    ],
    "isTemplate": false,
    "count": 0,
    "updated": 0
  },
  {
    "id": "16376337-25ce-4365-a16e-11e02ac672f5",
    "data": [
      {
        "text": "it\u0027s ",
        "userDefined": false
      },
      {
        "text": "chilly",
        "alias": "temperature",
        "meta": "@temperature",
        "userDefined": true
      },
      {
        "text": " outside right",
        "userDefined": false
      }
    ],
    "isTemplate": false,
    "count": 0,
    "updated": 0
  },
  {
    "id": "88491d66-83b3-440b-9c34-dafde043c70c",
    "data": [
      {
        "text": "temperature in ",
        "userDefined": false
      },
      {
        "text": "Moscow",
        "alias": "address",
        "meta": "@sys.location",
        "userDefined": true
      }
    ],
    "isTemplate": false,
    "count": 0,
    "updated": 0
  },
  {
    "id": "d839d243-c34d-47d9-a4b3-344aefafaadc",
    "data": [
      {
        "text": "temperature ",
        "userDefined": false
      },
      {
        "text": "in",
        "meta": "@sys.ignore",
        "userDefined": false
      },
      {
        "text": " ",
        "userDefined": false
      },
      {
        "text": "Bangkok",
        "alias": "address",
        "meta": "@sys.location",
        "userDefined": true
      }
    ],
    "isTemplate": false,
    "count": 0,
    "updated": 1505878030
  },
  {
    "id": "4ddbcf7d-c1a5-4ce8-b4d0-8f0b01c30fe4",
    "data": [
      {
        "text": "in  ",
        "userDefined": false
      },
      {
        "text": "New York",
        "alias": "address",
        "meta": "@sys.location",
        "userDefined": true
      },
      {
        "text": " is it ",
        "userDefined": false
      },
      {
        "text": "cold",
        "alias": "temperature",
        "meta": "@temperature",
        "userDefined": false
      }
    ],
    "isTemplate": false,
    "count": 0,
    "updated": 1505878030
  },
  {
    "id": "614f30d1-b9ba-4bc3-93be-94acfe6e4633",
    "data": [
      {
        "text": "what will the temperature be in ",
        "userDefined": false
      },
      {
        "text": "Munich",
        "alias": "address",
        "meta": "@sys.location",
        "userDefined": true
      },
      {
        "text": " on ",
        "userDefined": false
      },
      {
        "text": "Monday",
        "alias": "date-time",
        "meta": "@sys.date-time",
        "userDefined": true
      }
    ],
    "isTemplate": false,
    "count": 0,
    "updated": 0
  },
  {
    "id": "f56aa835-9c15-4eb5-aa6a-cd9f109938a6",
    "data": [
      {
        "text": "how ",
        "userDefined": false
      },
      {
        "text": "cold",
        "alias": "temperature",
        "meta": "@temperature",
        "userDefined": true
      },
      {
        "text": " is it in ",
        "userDefined": false
      },
      {
        "text": "Chicago",
        "alias": "address",
        "meta": "@sys.location",
        "userDefined": true
      }
    ],
    "isTemplate": false,
    "count": 0,
    "updated": 0
  },
  {
    "id": "d49722df-3ffa-4cec-8909-ffccc1aac946",
    "data": [
      {
        "text": "is it ",
        "userDefined": false
      },
      {
        "text": "hot",
        "alias": "temperature",
        "meta": "@temperature",
        "userDefined": true
      }
    ],
    "isTemplate": false,
    "count": 0,
    "updated": 0
  },
  {
    "id": "71a08e23-d605-4a3c-93d5-d1c9dc601e78",
    "data": [
      {
        "text": "show me the temperature in ",
        "userDefined": false
      },
      {
        "text": "Paris",
        "alias": "address",
        "meta": "@sys.location",
        "userDefined": true
      }
    ],
    "isTemplate": false,
    "count": 0,
    "updated": 0
  },
  {
    "id": "6e5533fd-a209-4eb9-9ff7-8ba7c43d5252",
    "data": [
      {
        "text": "check temperature in ",
        "userDefined": false
      },
      {
        "text": "Berlin",
        "alias": "address",
        "meta": "@sys.location",
        "userDefined": true
      }
    ],
    "isTemplate": false,
    "count": 0,
    "updated": 0
  },
  {
    "id": "2ec821a2-33d7-48d4-93af-19f1d7df14e0",
    "data": [
      {
        "text": "tell me if it will be ",
        "userDefined": false
      },
      {
        "text": "freezing",
        "alias": "temperature",
        "meta": "@temperature",
        "userDefined": true
      },
      {
        "text": " on ",
        "userDefined": false
      },
      {
        "text": "Tuesday",
        "alias": "date-time",
        "meta": "@sys.date-time",
        "userDefined": true
      }
    ],
    "isTemplate": false,
    "count": 0,
    "updated": 0
  },
  {
    "id": "e1fe43b3-3094-432d-9f39-f433453ce51b",
    "data": [
      {
        "text": "is it going to be ",
        "userDefined": false
      },
      {
        "text": "chilly",
        "alias": "temperature",
        "meta": "@temperature",
        "userDefined": true
      },
      {
        "text": " ",
        "userDefined": false
      },
      {
        "text": "tomorrow",
        "alias": "date-time",
        "meta": "@sys.date-time",
        "userDefined": true
      }
    ],
    "isTemplate": false,
    "count": 0,
    "updated": 0
  },
  {
    "id": "c0b8d80d-6736-419c-ab32-371d139ae48a",
    "data": [
      {
        "text": "allright is it ",
        "userDefined": false
      },
      {
        "text": "cold",
        "alias": "temperature",
        "meta": "@temperature",
        "userDefined": true
      },
      {
        "text": " ",
        "userDefined": false
      },
      {
        "text": "tonight",
        "alias": "date-time",
        "meta": "@sys.date-time",
        "userDefined": true
      },
      {
        "text": " in ",
        "userDefined": false
      },
      {
        "text": "Aspen",
        "alias": "address",
        "meta": "@sys.location",
        "userDefined": true
      }
    ],
    "isTemplate": false,
    "count": 0,
    "updated": 0
  },
  {
    "id": "2b03dec7-4362-475b-aae2-3efd6ce50416",
    "data": [
      {
        "text": "today\u0027s",
        "alias": "date-time",
        "meta": "@sys.date-time",
        "userDefined": true
      },
      {
        "text": " temperature in ",
        "userDefined": false
      },
      {
        "text": "Salamanca",
        "alias": "address",
        "meta": "@sys.location",
        "userDefined": true
      }
    ],
    "isTemplate": false,
    "count": 0,
    "updated": 0
  },
  {
    "id": "92a5d450-6b90-4eb5-bfd5-3620edb4e299",
    "data": [
      {
        "text": "what\u0027s the temperature in ",
        "userDefined": false
      },
      {
        "text": "Madrid",
        "alias": "address",
        "meta": "@sys.location",
        "userDefined": true
      }
    ],
    "isTemplate": false,
    "count": 0,
    "updated": 0
  }
]