[
  {
    "id": "a9e4ded7-3005-438d-965d-7b146639543e",
    "data": [
      {
        "text": "fait-il assez beau à ",
        "userDefined": false
      },
      {
        "text": "Nantes",
        "alias": "address",
        "meta": "@sys.location",
        "userDefined": true
      },
      {
        "text": " pour faire du ",
        "userDefined": false
      },
      {
        "text": "jogging",
        "alias": "activity",
        "meta": "@activity",
        "userDefined": true
      }
    ],
    "isTemplate": false,
    "count": 0,
    "updated": 0
  },
  {
    "id": "c57061ad-dd9c-49bb-aff8-939f7695093a",
    "data": [
      {
        "text": "est-ce que ",
        "userDefined": false
      },
      {
        "text": "c",
        "meta": "@sys.ignore",
        "userDefined": false
      },
      {
        "text": "\u0027est le bon temps pour ",
        "userDefined": false
      },
      {
        "text": "faire du vélo",
        "alias": "activity",
        "meta": "@activity",
        "userDefined": false
      },
      {
        "text": " maintenant",
        "userDefined": false
      }
    ],
    "isTemplate": false,
    "count": 0,
    "updated": 0
  },
  {
    "id": "c23c19a7-3483-4477-9e3d-45b3eb305989",
    "data": [
      {
        "text": "fait-il beau pour aller ",
        "userDefined": false
      },
      {
        "text": "faire de la luge",
        "alias": "activity",
        "meta": "@activity",
        "userDefined": true
      },
      {
        "text": " ",
        "userDefined": false
      },
      {
        "text": "aujourd\u0027hui",
        "alias": "date-time",
        "meta": "@sys.date-time",
        "userDefined": true
      }
    ],
    "isTemplate": false,
    "count": 1,
    "updated": 0
  },
  {
    "id": "c3ced81e-3857-4f8e-a34d-7f78c8c0733f",
    "data": [
      {
        "text": "le temps est-il assez bon pour faire ",
        "userDefined": false
      },
      {
        "text": "de",
        "meta": "@sys.ignore",
        "userDefined": false
      },
      {
        "text": " ",
        "userDefined": false
      },
      {
        "text": "la",
        "meta": "@sys.ignore",
        "userDefined": false
      },
      {
        "text": " ",
        "userDefined": false
      },
      {
        "text": "marche",
        "alias": "activity",
        "meta": "@activity",
        "userDefined": true
      }
    ],
    "isTemplate": false,
    "count": 0,
    "updated": 0
  },
  {
    "id": "4f6b7a1f-b7be-446e-bda3-f04d79bd851d",
    "data": [
      {
        "text": "fera-t-il assez chaud pour aller ",
        "userDefined": false
      },
      {
        "text": "nager",
        "alias": "activity",
        "meta": "@activity",
        "userDefined": true
      },
      {
        "text": " ",
        "userDefined": false
      },
      {
        "text": "demain",
        "alias": "date-time",
        "meta": "@sys.date-time",
        "userDefined": true
      }
    ],
    "isTemplate": false,
    "count": 0,
    "updated": 0
  },
  {
    "id": "85feaf1c-79d7-49e6-adc8-dee5dbebd17b",
    "data": [
      {
        "text": "pourrai-je ",
        "userDefined": false
      },
      {
        "text": "faire du vélo",
        "alias": "activity",
        "meta": "@activity",
        "userDefined": false
      },
      {
        "text": " ",
        "userDefined": false
      },
      {
        "text": "aujourd\u0027hui",
        "alias": "date-time",
        "meta": "@sys.date-time",
        "userDefined": true
      }
    ],
    "isTemplate": false,
    "count": 0,
    "updated": 0
  },
  {
    "id": "790b18b2-67af-40f1-87ad-6d03b0a8871f",
    "data": [
      {
        "text": "dois-je aller faire de la ",
        "userDefined": false
      },
      {
        "text": "marche",
        "alias": "activity",
        "meta": "@activity",
        "userDefined": false
      }
    ],
    "isTemplate": false,
    "count": 0,
    "updated": 0
  },
  {
    "id": "9c2db455-b90b-431a-9e64-7829d1142e25",
    "data": [
      {
        "text": "le temps est-il bon pour faire de la ",
        "userDefined": false
      },
      {
        "text": "marche",
        "alias": "activity",
        "meta": "@activity",
        "userDefined": true
      }
    ],
    "isTemplate": false,
    "count": 1,
    "updated": 0
  },
  {
    "id": "1b38957c-8a5a-4d63-881d-fccac83e8a42",
    "data": [
      {
        "text": "fait-il bon pour faire du ",
        "userDefined": false
      },
      {
        "text": "sport",
        "alias": "activity",
        "meta": "@activity",
        "userDefined": true
      },
      {
        "text": " déhors ",
        "userDefined": false
      },
      {
        "text": "aujourd\u0027hui",
        "alias": "date-time",
        "meta": "@sys.date-time",
        "userDefined": true
      }
    ],
    "isTemplate": false,
    "count": 0,
    "updated": 0
  },
  {
    "id": "fd46db38-fc94-41b7-a510-3a3289eadb8e",
    "data": [
      {
        "text": "fait-il assez beau pour jouer au ",
        "userDefined": false
      },
      {
        "text": "frisbee",
        "alias": "activity",
        "meta": "@activity",
        "userDefined": false
      },
      {
        "text": " dehors",
        "userDefined": false
      }
    ],
    "isTemplate": false,
    "count": 0,
    "updated": 0
  },
  {
    "id": "07eb58e9-c48c-46c0-8e97-d72e15469d69",
    "data": [
      {
        "text": "est-ce qu\u0027",
        "userDefined": false
      },
      {
        "text": "il",
        "meta": "@sys.ignore",
        "userDefined": false
      },
      {
        "text": " fait assez beau pour faire du ",
        "userDefined": false
      },
      {
        "text": "yoga",
        "alias": "activity",
        "meta": "@activity",
        "userDefined": false
      },
      {
        "text": " dehors",
        "userDefined": false
      }
    ],
    "isTemplate": false,
    "count": 0,
    "updated": 0
  },
  {
    "id": "e5ee24d9-5931-4c03-a77b-4c1bb872fcbe",
    "data": [
      {
        "text": "fait-il beau à ",
        "userDefined": false
      },
      {
        "text": "Nantes",
        "alias": "address",
        "meta": "@sys.location",
        "userDefined": true
      },
      {
        "text": " pour faire du ",
        "userDefined": false
      },
      {
        "text": "jogging",
        "alias": "activity",
        "meta": "@activity",
        "userDefined": true
      }
    ],
    "isTemplate": false,
    "count": 0,
    "updated": 0
  },
  {
    "id": "dc26be66-469a-421e-81be-89ad1c691380",
    "data": [
      {
        "text": "sera-t-il assez chaud pour aller ",
        "userDefined": false
      },
      {
        "text": "nager",
        "alias": "activity",
        "meta": "@activity",
        "userDefined": true
      },
      {
        "text": " ",
        "userDefined": false
      },
      {
        "text": "demain",
        "alias": "date-time",
        "meta": "@sys.date-time",
        "userDefined": true
      }
    ],
    "isTemplate": false,
    "count": 1,
    "updated": 0
  },
  {
    "id": "16cb2272-0e3a-4c95-a18b-73bf7b72d49d",
    "data": [
      {
        "text": "est-ce qu\u0027",
        "userDefined": false
      },
      {
        "text": "il",
        "meta": "@sys.ignore",
        "userDefined": false
      },
      {
        "text": " fera assez ",
        "userDefined": false
      },
      {
        "text": "froid",
        "meta": "@sys.ignore",
        "userDefined": false
      },
      {
        "text": " pour ",
        "userDefined": false
      },
      {
        "text": "faire du snowboard",
        "alias": "activity",
        "meta": "@activity",
        "userDefined": false
      }
    ],
    "isTemplate": false,
    "count": 0,
    "updated": 0
  },
  {
    "id": "fd6c3354-bd0c-45ee-b30b-2dabd89e63a5",
    "data": [
      {
        "text": "puis-je sortir pour faire du ",
        "userDefined": false
      },
      {
        "text": "jogging",
        "alias": "activity",
        "meta": "@activity",
        "userDefined": false
      },
      {
        "text": " ",
        "userDefined": false
      },
      {
        "text": "aujourd\u0027hui",
        "alias": "date-time",
        "meta": "@sys.date-time",
        "userDefined": false
      },
      {
        "text": " à ",
        "userDefined": false
      },
      {
        "text": "Paris",
        "alias": "address",
        "meta": "@sys.location",
        "userDefined": false
      }
    ],
    "isTemplate": false,
    "count": 0,
    "updated": 0
  },
  {
    "id": "5faf2af4-e562-4631-8756-46326f275d6f",
    "data": [
      {
        "text": "est-ce qu\u0027il fait beau pour faire du ",
        "userDefined": false
      },
      {
        "text": "yoga",
        "alias": "activity",
        "meta": "@activity",
        "userDefined": true
      },
      {
        "text": " dehors",
        "userDefined": false
      }
    ],
    "isTemplate": false,
    "count": 1,
    "updated": 0
  },
  {
    "id": "1531c1d2-22ed-425c-9ea3-6a6f52cecc8f",
    "data": [
      {
        "text": "est-ce qu\u0027il fera froid pour faire du ",
        "userDefined": false
      },
      {
        "text": "snowboard",
        "alias": "activity",
        "meta": "@activity",
        "userDefined": true
      }
    ],
    "isTemplate": false,
    "count": 0,
    "updated": 0
  },
  {
    "id": "e5cf10fc-8979-4514-b2bd-b1982216960d",
    "data": [
      {
        "text": "est-ce une bonne idée de partir en ",
        "userDefined": false
      },
      {
        "text": "randonnée",
        "alias": "activity",
        "meta": "@activity",
        "userDefined": true
      },
      {
        "text": " maintenant",
        "userDefined": false
      }
    ],
    "isTemplate": false,
    "count": 0,
    "updated": 0
  },
  {
    "id": "07a18979-2202-4090-93a8-376bc57bd0f1",
    "data": [
      {
        "text": "fait-il assez bon pour faire du sport dehors ",
        "userDefined": false
      },
      {
        "text": "aujourd\u0027hui",
        "alias": "date-time",
        "meta": "@sys.date-time",
        "userDefined": true
      }
    ],
    "isTemplate": false,
    "count": 0,
    "updated": 0
  },
  {
    "id": "e9c6005e-272d-4e83-9b63-3f5ec90644ca",
    "data": [
      {
        "text": "fait-il assez beau pour aller ",
        "userDefined": false
      },
      {
        "text": "faire de la luge",
        "alias": "activity",
        "meta": "@activity",
        "userDefined": false
      },
      {
        "text": " ",
        "userDefined": false
      },
      {
        "text": "aujourd\u0027hui",
        "alias": "date-time",
        "meta": "@sys.date-time",
        "userDefined": true
      }
    ],
    "isTemplate": false,
    "count": 0,
    "updated": 0
  }
]