[
  {
    "id": "f3d00a36-3805-44fe-917e-3aff26e895f6",
    "data": [
      {
        "text": "and ",
        "userDefined": false
      },
      {
        "text": "rain",
        "alias": "condition",
        "meta": "@weather-condition",
        "userDefined": false
      }
    ],
    "isTemplate": false,
    "count": 0,
    "updated": 0
  },
  {
    "id": "0b78fc58-3b64-4eff-a486-317c2c0ce848",
    "data": [
      {
        "text": "how about ",
        "userDefined": false
      },
      {
        "text": "thunderstorm",
        "alias": "condition",
        "meta": "@weather-condition",
        "userDefined": false
      }
    ],
    "isTemplate": false,
    "count": 0,
    "updated": 1505877874
  },
  {
    "id": "147befef-ab28-4d43-8619-d21a7f304adc",
    "data": [
      {
        "text": "what about ",
        "userDefined": false
      },
      {
        "text": "snowing",
        "alias": "condition",
        "meta": "@weather-condition",
        "userDefined": true
      }
    ],
    "isTemplate": false,
    "count": 0,
    "updated": 1505877874
  }
]