[
  {
    "id": "b1993cbe-0994-4220-8fca-03c46e16bd74",
    "data": [
      {
        "text": "e ",
        "userDefined": false
      },
      {
        "text": "neste fim de semana",
        "alias": "date-time",
        "meta": "@sys.date-time",
        "userDefined": true
      }
    ],
    "isTemplate": false,
    "count": 0,
    "updated": 0
  },
  {
    "id": "150de222-a6d6-48fd-bd43-da7ba320455d",
    "data": [
      {
        "text": "verificar para a ",
        "userDefined": false
      },
      {
        "text": "próxima semana",
        "alias": "date-time",
        "meta": "@sys.date-time",
        "userDefined": true
      }
    ],
    "isTemplate": false,
    "count": 0,
    "updated": 0
  },
  {
    "id": "23df9018-9695-4e88-876e-03b1bf6b4d0c",
    "data": [
      {
        "text": "e durante a ",
        "userDefined": false
      },
      {
        "text": "próxima a semana",
        "alias": "date-time",
        "meta": "@sys.date-time",
        "userDefined": true
      }
    ],
    "isTemplate": false,
    "count": 0,
    "updated": 0
  },
  {
    "id": "97f49db9-53d4-44c5-b7f3-e181c9bba267",
    "data": [
      {
        "text": "vai mudar às ",
        "userDefined": false
      },
      {
        "text": "17:00",
        "alias": "date-time",
        "meta": "@sys.date-time",
        "userDefined": true
      }
    ],
    "isTemplate": false,
    "count": 0,
    "updated": 0
  },
  {
    "id": "4f24e94f-f5d2-45b8-a5bd-6f52b98e5450",
    "data": [
      {
        "text": "na ",
        "userDefined": false
      },
      {
        "text": "quarta-feira",
        "alias": "date-time",
        "meta": "@sys.date-time",
        "userDefined": true
      }
    ],
    "isTemplate": false,
    "count": 0,
    "updated": 0
  },
  {
    "id": "2da445cd-013a-440f-b00f-aa353749dae9",
    "data": [
      {
        "text": "e ",
        "userDefined": false
      },
      {
        "text": "amanhã",
        "alias": "date-time",
        "meta": "@sys.date-time",
        "userDefined": true
      }
    ],
    "isTemplate": false,
    "count": 2,
    "updated": 0
  },
  {
    "id": "99dd997d-8f9c-48f5-acf3-f8cd9a62b3ba",
    "data": [
      {
        "text": "e ",
        "userDefined": false
      },
      {
        "text": "hoje",
        "alias": "date-time",
        "meta": "@sys.date-time",
        "userDefined": true
      }
    ],
    "isTemplate": false,
    "count": 0,
    "updated": 0
  },
  {
    "id": "469cb704-014d-43ef-9169-9566ef2cd1e7",
    "data": [
      {
        "text": "verificar para a ",
        "userDefined": false
      },
      {
        "text": "próxima segunda-feira",
        "alias": "date-time",
        "meta": "@sys.date-time",
        "userDefined": true
      }
    ],
    "isTemplate": false,
    "count": 0,
    "updated": 0
  },
  {
    "id": "7cf02c41-e4bb-4a56-8ddb-aaefe48805c5",
    "data": [
      {
        "text": "e no ",
        "userDefined": false
      },
      {
        "text": "sábado",
        "alias": "date-time",
        "meta": "@sys.date-time",
        "userDefined": true
      }
    ],
    "isTemplate": false,
    "count": 0,
    "updated": 0
  }
]