[
  {
    "id": "f2cbfdee-f05c-4667-a23b-1ae1254bd878",
    "data": [
      {
        "text": "mostrami la temperatura",
        "userDefined": false
      }
    ],
    "isTemplate": false,
    "count": 0,
    "updated": 0
  },
  {
    "id": "bb76412e-b5f3-488a-920d-fa8f529316c0",
    "data": [
      {
        "text": "fa ",
        "userDefined": false
      },
      {
        "text": "freddo",
        "alias": "temperature",
        "meta": "@temperature",
        "userDefined": true
      }
    ],
    "isTemplate": false,
    "count": 0,
    "updated": 0
  },
  {
    "id": "fa154fde-474c-4097-8a50-e9ef1936350c",
    "data": [
      {
        "text": "com\u0027è la temperatura",
        "userDefined": false
      }
    ],
    "isTemplate": false,
    "count": 0,
    "updated": 0
  },
  {
    "id": "8b336baf-e6c1-49fa-9f00-6d700043e3e1",
    "data": [
      {
        "text": "mostrami la temperatura a ",
        "userDefined": false
      },
      {
        "text": "Roma",
        "alias": "address",
        "meta": "@sys.location",
        "userDefined": true
      }
    ],
    "isTemplate": false,
    "count": 0,
    "updated": 0
  },
  {
    "id": "181fe17f-b62e-4a42-a3f3-9e1e7e493a37",
    "data": [
      {
        "text": "temperatura",
        "userDefined": false
      }
    ],
    "isTemplate": false,
    "count": 0,
    "updated": 0
  },
  {
    "id": "57031332-def1-491b-947f-514d6e764cda",
    "data": [
      {
        "text": "oggi",
        "alias": "date-time",
        "meta": "@sys.date-time",
        "userDefined": true
      },
      {
        "text": " a ",
        "userDefined": false
      },
      {
        "text": "Roma",
        "alias": "address",
        "meta": "@sys.location",
        "userDefined": true
      },
      {
        "text": " fa ",
        "userDefined": false
      },
      {
        "text": "caldo",
        "alias": "temperature",
        "meta": "@temperature",
        "userDefined": true
      }
    ],
    "isTemplate": false,
    "count": 0,
    "updated": 0
  },
  {
    "id": "f1843b76-18ca-46c6-b2a8-2ef1df84040d",
    "data": [
      {
        "text": "fa ",
        "userDefined": false
      },
      {
        "text": "caldo",
        "alias": "temperature",
        "meta": "@temperature",
        "userDefined": true
      },
      {
        "text": " fuori",
        "userDefined": false
      }
    ],
    "isTemplate": false,
    "count": 0,
    "updated": 0
  },
  {
    "id": "f7f6a725-c9f1-4ccf-a7eb-9d3224b1dec2",
    "data": [
      {
        "text": "temperatura in ",
        "userDefined": false
      },
      {
        "text": "gradi Centigradi",
        "alias": "unit",
        "meta": "@unit-temperature",
        "userDefined": true
      }
    ],
    "isTemplate": false,
    "count": 0,
    "updated": 0
  },
  {
    "id": "945d5496-3d28-4534-b26f-a418bad373ae",
    "data": [
      {
        "text": "temperatura a ",
        "userDefined": false
      },
      {
        "text": "Londra",
        "alias": "address",
        "meta": "@sys.location",
        "userDefined": true
      }
    ],
    "isTemplate": false,
    "count": 0,
    "updated": 0
  },
  {
    "id": "84160a58-5cc8-4d3d-8e9f-e52662f56811",
    "data": [
      {
        "text": "mostrami la temperatura a ",
        "userDefined": false
      },
      {
        "text": "Napoli",
        "alias": "address",
        "meta": "@sys.location",
        "userDefined": true
      },
      {
        "text": " in ",
        "userDefined": false
      },
      {
        "text": "gradi Centigradi",
        "alias": "unit",
        "meta": "@unit-temperature",
        "userDefined": true
      }
    ],
    "isTemplate": false,
    "count": 0,
    "updated": 0
  },
  {
    "id": "3ec6cd6c-b01b-4ec3-877c-8a2ae5d09ab0",
    "data": [
      {
        "text": "sai se fa ",
        "userDefined": false
      },
      {
        "text": "freddo",
        "alias": "temperature",
        "meta": "@temperature",
        "userDefined": true
      },
      {
        "text": " fuori ora",
        "userDefined": false
      }
    ],
    "isTemplate": false,
    "count": 0,
    "updated": 0
  },
  {
    "id": "8d2301cb-4ff3-446c-82ea-72011e584a65",
    "data": [
      {
        "text": "fuori fa ",
        "userDefined": false
      },
      {
        "text": "caldo",
        "alias": "temperature",
        "meta": "@temperature",
        "userDefined": true
      }
    ],
    "isTemplate": false,
    "count": 0,
    "updated": 0
  },
  {
    "id": "4d283964-37d1-40ae-aca9-973bcc30059c",
    "data": [
      {
        "text": "fa ",
        "userDefined": false
      },
      {
        "text": "freddo",
        "alias": "temperature",
        "meta": "@temperature",
        "userDefined": true
      },
      {
        "text": " a ",
        "userDefined": false
      },
      {
        "text": "Napoli",
        "alias": "address",
        "meta": "@sys.location",
        "userDefined": true
      }
    ],
    "isTemplate": false,
    "count": 0,
    "updated": 0
  }
]