[
  {
    "id": "18e4c18e-0e90-439f-95ce-62ff16fe9f80",
    "data": [
      {
        "text": "怎麽能",
        "userDefined": false
      },
      {
        "text": "雷雨",
        "alias": "condition",
        "meta": "@weather-condition",
        "userDefined": false
      }
    ],
    "isTemplate": false,
    "count": 0,
    "updated": 0
  },
  {
    "id": "43111fb8-f890-4e37-89f6-4f055eb16db8",
    "data": [
      {
        "text": "我還要",
        "userDefined": false
      },
      {
        "text": "細雨",
        "alias": "condition",
        "meta": "@weather-condition",
        "userDefined": false
      }
    ],
    "isTemplate": false,
    "count": 0,
    "updated": 0
  },
  {
    "id": "e966ca3d-5c54-4d00-9005-6e0a7973a369",
    "data": [
      {
        "text": "還能不能",
        "userDefined": false
      },
      {
        "text": "太陽",
        "alias": "condition",
        "meta": "@weather-condition",
        "userDefined": false
      }
    ],
    "isTemplate": false,
    "count": 0,
    "updated": 0
  },
  {
    "id": "db88ccab-9a73-43fe-b74d-ec02f1558a6c",
    "data": [
      {
        "text": "我還很想",
        "userDefined": false
      },
      {
        "text": "陣雪",
        "alias": "condition",
        "meta": "@weather-condition",
        "userDefined": false
      }
    ],
    "isTemplate": false,
    "count": 0,
    "updated": 0
  },
  {
    "id": "71e782c7-dafd-4790-8e13-40c416ed44d6",
    "data": [
      {
        "text": "會不會",
        "userDefined": false
      },
      {
        "text": "多雲",
        "alias": "condition",
        "meta": "@weather-condition",
        "userDefined": false
      }
    ],
    "isTemplate": false,
    "count": 0,
    "updated": 0
  },
  {
    "id": "58e74d23-ed7a-49ee-b2d2-134835adfe02",
    "data": [
      {
        "text": "能不能",
        "userDefined": false
      },
      {
        "text": "雷暴",
        "alias": "condition",
        "meta": "@weather-condition",
        "userDefined": false
      }
    ],
    "isTemplate": false,
    "count": 0,
    "updated": 0
  },
  {
    "id": "72007d21-dd5f-4adf-94f7-ec9daf520381",
    "data": [
      {
        "text": "現在",
        "userDefined": false
      },
      {
        "text": "下雨",
        "alias": "condition",
        "meta": "@weather-condition",
        "userDefined": false
      }
    ],
    "isTemplate": false,
    "count": 0,
    "updated": 0
  },
  {
    "id": "05311b60-c08c-4a2a-b14e-4d4f6c3ed165",
    "data": [
      {
        "text": "還需要",
        "userDefined": false
      },
      {
        "text": "晴朗",
        "alias": "condition",
        "meta": "@weather-condition",
        "userDefined": false
      }
    ],
    "isTemplate": false,
    "count": 0,
    "updated": 0
  },
  {
    "id": "aeaa586b-9f55-4bb5-9702-5469c88ddd41",
    "data": [
      {
        "text": "關于",
        "userDefined": false
      },
      {
        "text": "風",
        "alias": "condition",
        "meta": "@weather-condition",
        "userDefined": false
      }
    ],
    "isTemplate": false,
    "count": 0,
    "updated": 0
  },
  {
    "id": "49874f7d-05b7-4272-a90c-4a2eaf4b1b60",
    "data": [
      {
        "text": "還要",
        "userDefined": false
      },
      {
        "text": "多風",
        "alias": "condition",
        "meta": "@weather-condition",
        "userDefined": false
      }
    ],
    "isTemplate": false,
    "count": 0,
    "updated": 0
  },
  {
    "id": "9a46afe5-f5a1-4043-8aa3-a8b659a6bc4a",
    "data": [
      {
        "text": "煙霧",
        "alias": "condition",
        "meta": "@weather-condition",
        "userDefined": false
      },
      {
        "text": "呢",
        "userDefined": false
      }
    ],
    "isTemplate": false,
    "count": 1,
    "updated": 0
  }
]