[
  {
    "id": "e97a0e1b-eef5-4919-abc2-b126667fb2a4",
    "data": [
      {
        "text": "tomorrow",
        "alias": "date-time",
        "meta": "@sys.date-time",
        "userDefined": true
      },
      {
        "text": " in ",
        "userDefined": false
      },
      {
        "text": "Madrid",
        "alias": "location",
        "meta": "@sys.location",
        "userDefined": true
      }
    ],
    "isTemplate": false,
    "count": 0,
    "updated": 0
  },
  {
    "id": "c485144f-d6d2-4f4c-8554-9c543add51f7",
    "data": [
      {
        "text": "in ",
        "userDefined": false
      },
      {
        "text": "Moscow",
        "alias": "location",
        "meta": "@sys.location",
        "userDefined": true
      },
      {
        "text": " ",
        "userDefined": false
      },
      {
        "text": "this weekend",
        "alias": "date-time",
        "meta": "@sys.date-time",
        "userDefined": true
      }
    ],
    "isTemplate": false,
    "count": 0,
    "updated": 0
  },
  {
    "id": "b4815c7e-0465-49f0-a96e-c1b9d1c5ace3",
    "data": [
      {
        "text": "and what about ",
        "userDefined": false
      },
      {
        "text": "Paris",
        "alias": "location",
        "meta": "@sys.location",
        "userDefined": true
      },
      {
        "text": " ",
        "userDefined": false
      },
      {
        "text": "next Friday",
        "alias": "date-time",
        "meta": "@sys.date-time",
        "userDefined": true
      }
    ],
    "isTemplate": false,
    "count": 0,
    "updated": 0
  },
  {
    "id": "abe48780-207f-43ef-8e86-629c48c97376",
    "data": [
      {
        "text": "how about ",
        "userDefined": false
      },
      {
        "text": "tonight",
        "alias": "date-time",
        "meta": "@sys.date-time",
        "userDefined": true
      },
      {
        "text": " in ",
        "userDefined": false
      },
      {
        "text": "San Francisco",
        "alias": "location",
        "meta": "@sys.location",
        "userDefined": true
      }
    ],
    "isTemplate": false,
    "count": 0
  },
  {
    "id": "e4240b3b-a7c2-4856-bda4-5671412d76a3",
    "data": [
      {
        "text": "what about ",
        "userDefined": false
      },
      {
        "text": "Princeton",
        "alias": "location",
        "meta": "@sys.location",
        "userDefined": true
      },
      {
        "text": " ",
        "userDefined": false
      },
      {
        "text": "tomorrow",
        "alias": "date-time",
        "meta": "@sys.date-time",
        "userDefined": true
      }
    ],
    "isTemplate": false,
    "count": 0,
    "updated": 0
  }
]