[
  {
    "id": "818f8230-28dd-4b15-997c-f95d88486a1e",
    "data": [
      {
        "text": "kann ich bei diesem Wetter draußen ",
        "userDefined": false
      },
      {
        "text": "schwimmen",
        "alias": "activity",
        "meta": "@activity",
        "userDefined": true
      }
    ],
    "isTemplate": false,
    "count": 0,
    "updated": 0
  },
  {
    "id": "d098e08f-b578-4079-af5e-075a31473c59",
    "data": [
      {
        "text": "ist das Wetter so gut dass man draußen ",
        "userDefined": false
      },
      {
        "text": "Frisbee",
        "alias": "activity",
        "meta": "@activity",
        "userDefined": true
      },
      {
        "text": " spielen kann",
        "userDefined": false
      }
    ],
    "isTemplate": false,
    "count": 0,
    "updated": 0
  },
  {
    "id": "a288f04b-8cc8-4702-8324-7786874d02c6",
    "data": [
      {
        "text": "gibt es ",
        "userDefined": false
      },
      {
        "text": "diesen Sommer",
        "alias": "date-time",
        "meta": "@sys.date-time",
        "userDefined": true
      },
      {
        "text": " schönes ",
        "userDefined": false
      },
      {
        "text": "Campingwetter",
        "alias": "activity",
        "meta": "@activity",
        "userDefined": true
      }
    ],
    "isTemplate": false,
    "count": 0,
    "updated": 0
  },
  {
    "id": "aebf3902-4783-4599-ba17-7f42b45a36b7",
    "data": [
      {
        "text": "ist es ",
        "userDefined": false
      },
      {
        "text": "warm",
        "meta": "@sys.ignore",
        "userDefined": false
      },
      {
        "text": " genug um ",
        "userDefined": false
      },
      {
        "text": "schwimmen",
        "alias": "activity",
        "meta": "@activity",
        "userDefined": false
      },
      {
        "text": " zu gehen",
        "userDefined": false
      }
    ],
    "isTemplate": false,
    "count": 0,
    "updated": 0
  },
  {
    "id": "5535fc06-a1d0-4050-844e-8e0d98116d9e",
    "data": [
      {
        "text": "wird es ",
        "userDefined": false
      },
      {
        "text": "morgen",
        "alias": "date-time",
        "meta": "@sys.date-time",
        "userDefined": false
      },
      {
        "text": " ",
        "userDefined": false
      },
      {
        "text": "Schnee",
        "meta": "@sys.ignore",
        "userDefined": false
      },
      {
        "text": " geben um zu ",
        "userDefined": false
      },
      {
        "text": "rodeln",
        "alias": "activity",
        "meta": "@activity",
        "userDefined": true
      }
    ],
    "isTemplate": false,
    "count": 0,
    "updated": 0
  },
  {
    "id": "1746c8e5-deed-4fdf-b359-c162938f6225",
    "data": [
      {
        "text": "ist das ",
        "userDefined": false
      },
      {
        "text": "Wetter",
        "meta": "@sys.ignore",
        "userDefined": false
      },
      {
        "text": " gut um ",
        "userDefined": false
      },
      {
        "text": "Drahen steigen",
        "alias": "activity",
        "meta": "@activity",
        "userDefined": true
      },
      {
        "text": " zu lassen",
        "userDefined": false
      }
    ],
    "isTemplate": false,
    "count": 0,
    "updated": 0
  },
  {
    "id": "ec67def5-2f5d-431f-8974-c4dbc04ea052",
    "data": [
      {
        "text": "kann ich ",
        "userDefined": false
      },
      {
        "text": "heute",
        "alias": "date-time",
        "meta": "@sys.date-time",
        "userDefined": true
      },
      {
        "text": " in ",
        "userDefined": false
      },
      {
        "text": "Bern",
        "alias": "address",
        "meta": "@sys.location",
        "userDefined": true
      },
      {
        "text": " ",
        "userDefined": false
      },
      {
        "text": "schwimmen",
        "alias": "activity",
        "meta": "@activity",
        "userDefined": true
      },
      {
        "text": " gehen",
        "userDefined": false
      }
    ],
    "isTemplate": false,
    "count": 0,
    "updated": 0
  },
  {
    "id": "4d4a193e-a40b-4c3c-b328-5728f79aeb02",
    "data": [
      {
        "text": "kann ",
        "userDefined": false
      },
      {
        "text": "ich",
        "meta": "@sys.ignore",
        "userDefined": false
      },
      {
        "text": " ",
        "userDefined": false
      },
      {
        "text": "joggen",
        "alias": "activity",
        "meta": "@activity",
        "userDefined": false
      },
      {
        "text": " gehen",
        "userDefined": false
      }
    ],
    "isTemplate": false,
    "count": 0,
    "updated": 0
  },
  {
    "id": "abf2c8b5-2a13-49f6-96aa-069d09ee441e",
    "data": [
      {
        "text": "ist es ",
        "userDefined": false
      },
      {
        "text": "heiß",
        "meta": "@sys.ignore",
        "userDefined": false
      },
      {
        "text": " genug um zu ",
        "userDefined": false
      },
      {
        "text": "schwimmen",
        "alias": "activity",
        "meta": "@activity",
        "userDefined": false
      }
    ],
    "isTemplate": false,
    "count": 0,
    "updated": 0
  },
  {
    "id": "303e4740-4bf1-4962-9fb4-ee19feb2a0ad",
    "data": [
      {
        "text": "kann man im Moment gut ",
        "userDefined": false
      },
      {
        "text": "wandern",
        "alias": "activity",
        "meta": "@activity",
        "userDefined": true
      },
      {
        "text": " gehen",
        "userDefined": false
      }
    ],
    "isTemplate": false,
    "count": 0,
    "updated": 0
  },
  {
    "id": "ed0f706d-4da9-4cec-a9d5-0886f81b35bc",
    "data": [
      {
        "text": "ist es warm genug um in ",
        "userDefined": false
      },
      {
        "text": "Zürich",
        "alias": "address",
        "meta": "@sys.location",
        "userDefined": true
      },
      {
        "text": " ",
        "userDefined": false
      },
      {
        "text": "joggen",
        "alias": "activity",
        "meta": "@activity",
        "userDefined": true
      },
      {
        "text": " zu gehen",
        "userDefined": false
      }
    ],
    "isTemplate": false,
    "count": 0,
    "updated": 0
  },
  {
    "id": "ab383b96-7f34-493a-bac2-327b7860e1e9",
    "data": [
      {
        "text": "kann ",
        "userDefined": false
      },
      {
        "text": "ich",
        "meta": "@sys.ignore",
        "userDefined": false
      },
      {
        "text": " ",
        "userDefined": false
      },
      {
        "text": "heute",
        "alias": "date-time",
        "meta": "@sys.date-time",
        "userDefined": false
      },
      {
        "text": " ",
        "userDefined": false
      },
      {
        "text": "schwimmen",
        "alias": "activity",
        "meta": "@activity",
        "userDefined": false
      },
      {
        "text": " gehen",
        "userDefined": false
      }
    ],
    "isTemplate": false,
    "count": 0,
    "updated": 0
  },
  {
    "id": "5cbb1707-77ec-4dba-bfa3-2ff73451f7a1",
    "data": [
      {
        "text": "kann ",
        "userDefined": false
      },
      {
        "text": "ich",
        "meta": "@sys.ignore",
        "userDefined": false
      },
      {
        "text": " ",
        "userDefined": false
      },
      {
        "text": "schwimmen",
        "alias": "activity",
        "meta": "@activity",
        "userDefined": false
      },
      {
        "text": " gehen",
        "userDefined": false
      }
    ],
    "isTemplate": false,
    "count": 0,
    "updated": 0
  },
  {
    "id": "b0323dc3-edc4-41e9-a72b-ecc0bce3c3e2",
    "data": [
      {
        "text": "kann ",
        "userDefined": false
      },
      {
        "text": "ich",
        "meta": "@sys.ignore",
        "userDefined": false
      },
      {
        "text": " in ",
        "userDefined": false
      },
      {
        "text": "Berlin",
        "alias": "address",
        "meta": "@sys.location",
        "userDefined": false
      },
      {
        "text": " ",
        "userDefined": false
      },
      {
        "text": "schwimmen",
        "alias": "activity",
        "meta": "@activity",
        "userDefined": false
      },
      {
        "text": " gehen",
        "userDefined": false
      }
    ],
    "isTemplate": false,
    "count": 0,
    "updated": 0
  },
  {
    "id": "3a8cfca4-5a08-45e8-a0d1-0354266e4af0",
    "data": [
      {
        "text": "kann ",
        "userDefined": false
      },
      {
        "text": "ich",
        "meta": "@sys.ignore",
        "userDefined": false
      },
      {
        "text": " ",
        "userDefined": false
      },
      {
        "text": "dieses Wochenende",
        "alias": "date-time",
        "meta": "@sys.date-time",
        "userDefined": false
      },
      {
        "text": " ",
        "userDefined": false
      },
      {
        "text": "reiten",
        "alias": "activity",
        "meta": "@activity",
        "userDefined": false
      }
    ],
    "isTemplate": false,
    "count": 0,
    "updated": 0
  }
]