[
  {
    "id": "1724b2b4-e80d-402f-99ab-dce56d9b9f65",
    "data": [
      {
        "text": "今天",
        "alias": "date-time",
        "meta": "@sys.date-time",
        "userDefined": true
      },
      {
        "text": "天气很",
        "userDefined": false
      },
      {
        "text": "热",
        "alias": "temperature",
        "meta": "@temperature",
        "userDefined": true
      },
      {
        "text": "耶",
        "userDefined": false
      }
    ],
    "isTemplate": false,
    "count": 0,
    "updated": 0
  },
  {
    "id": "af0dc5f0-5535-405a-9dcf-44d842f8ef0f",
    "data": [
      {
        "text": "为什么",
        "userDefined": false
      },
      {
        "text": "下星期一",
        "alias": "date-time",
        "meta": "@sys.date-time",
        "userDefined": false
      },
      {
        "text": "马来西亚",
        "alias": "address",
        "meta": "@sys.address",
        "userDefined": true
      },
      {
        "text": "天气那么",
        "userDefined": false
      },
      {
        "text": "凉快",
        "alias": "temperature",
        "meta": "@temperature",
        "userDefined": false
      }
    ],
    "isTemplate": false,
    "count": 0,
    "updated": 0
  },
  {
    "id": "acccfe49-ca42-4fd8-8be6-f2bdf8318109",
    "data": [
      {
        "text": "天气很",
        "userDefined": false
      },
      {
        "text": "冷",
        "alias": "temperature",
        "meta": "@temperature",
        "userDefined": true
      }
    ],
    "isTemplate": false,
    "count": 0,
    "updated": 0
  },
  {
    "id": "54c3e848-3d00-4067-b189-f68c31faaf0a",
    "data": [
      {
        "text": "天气是不是很",
        "userDefined": false
      },
      {
        "text": "凉快",
        "alias": "temperature",
        "meta": "@temperature",
        "userDefined": true
      }
    ],
    "isTemplate": false,
    "count": 0,
    "updated": 0
  },
  {
    "id": "a7cb28c5-2219-4b80-88ef-4232dd9778b7",
    "data": [
      {
        "text": "上海",
        "alias": "address",
        "meta": "@sys.address",
        "userDefined": true
      },
      {
        "text": "多",
        "userDefined": false
      },
      {
        "text": "热",
        "alias": "temperature",
        "meta": "@temperature",
        "userDefined": true
      }
    ],
    "isTemplate": false,
    "count": 0,
    "updated": 0
  },
  {
    "id": "38db736f-36f6-45bf-a92c-6e5886e71a9e",
    "data": [
      {
        "text": "上海",
        "alias": "address",
        "meta": "@sys.address",
        "userDefined": false
      },
      {
        "text": "啥温度",
        "userDefined": false
      }
    ],
    "isTemplate": false,
    "count": 0,
    "updated": 0
  },
  {
    "id": "a634567e-953c-4d94-8e95-79df365ff06b",
    "data": [
      {
        "text": "明天",
        "alias": "date-time",
        "meta": "@sys.date-time",
        "userDefined": false
      },
      {
        "text": "上海",
        "alias": "address",
        "meta": "@sys.address",
        "userDefined": false
      },
      {
        "text": "的温度如何",
        "userDefined": false
      }
    ],
    "isTemplate": false,
    "count": 0,
    "updated": 0
  },
  {
    "id": "e1fd43ba-3857-4a43-a110-af7d15206032",
    "data": [
      {
        "text": "摄氏度",
        "alias": "unit",
        "meta": "@unit-temperature",
        "userDefined": true
      },
      {
        "text": "天气预报",
        "userDefined": false
      }
    ],
    "isTemplate": false,
    "count": 0,
    "updated": 0
  },
  {
    "id": "aba40715-ef3e-4d04-981a-66ae2be7554e",
    "data": [
      {
        "text": "台北市",
        "alias": "address",
        "meta": "@sys.address",
        "userDefined": false
      },
      {
        "text": "温度",
        "userDefined": false
      }
    ],
    "isTemplate": false,
    "count": 0,
    "updated": 0
  },
  {
    "id": "7872400e-c51e-4910-8b35-5a3c7a29e51f",
    "data": [
      {
        "text": "就让你问他",
        "userDefined": false
      },
      {
        "text": "今天",
        "alias": "date-time",
        "meta": "@sys.date-time",
        "userDefined": false
      },
      {
        "text": "天气几度",
        "userDefined": false
      }
    ],
    "isTemplate": false,
    "count": 0,
    "updated": 0
  },
  {
    "id": "68c21510-6ac4-4a05-a81c-109312b24dda",
    "data": [
      {
        "text": "天气会不会很",
        "userDefined": false
      },
      {
        "text": "热",
        "alias": "temperature",
        "meta": "@temperature",
        "userDefined": true
      }
    ],
    "isTemplate": false,
    "count": 0,
    "updated": 0
  },
  {
    "id": "da62e033-f82a-44a1-915c-0fd6d9039ce4",
    "data": [
      {
        "text": "天气会很",
        "userDefined": false
      },
      {
        "text": "温和",
        "alias": "temperature",
        "meta": "@temperature",
        "userDefined": true
      },
      {
        "text": "吗",
        "userDefined": false
      }
    ],
    "isTemplate": false,
    "count": 0,
    "updated": 0
  },
  {
    "id": "80bc0880-6aa0-40b7-b4b7-b5f6c47c7a70",
    "data": [
      {
        "text": "为什么天气那么",
        "userDefined": false
      },
      {
        "text": "寒冷",
        "alias": "temperature",
        "meta": "@temperature",
        "userDefined": true
      }
    ],
    "isTemplate": false,
    "count": 0,
    "updated": 0
  },
  {
    "id": "4de66fad-0171-41d0-b00b-c2c279a1f1ca",
    "data": [
      {
        "text": "你知道现在外面",
        "userDefined": false
      },
      {
        "text": "冷",
        "alias": "temperature",
        "meta": "@temperature",
        "userDefined": false
      },
      {
        "text": "不",
        "userDefined": false
      },
      {
        "text": "冷",
        "meta": "@sys.ignore",
        "userDefined": false
      }
    ],
    "isTemplate": false,
    "count": 0,
    "updated": 0
  },
  {
    "id": "97c0731d-c653-4473-a971-7583a12abde5",
    "data": [
      {
        "text": "台南市南区",
        "alias": "address",
        "meta": "@sys.address",
        "userDefined": false
      },
      {
        "text": "几度",
        "userDefined": false
      }
    ],
    "isTemplate": false,
    "count": 0,
    "updated": 0
  },
  {
    "id": "b19248e5-94f2-4033-a66f-b8cf5d399ac0",
    "data": [
      {
        "text": "两天后",
        "alias": "date-time",
        "meta": "@sys.date-time",
        "userDefined": true
      },
      {
        "text": "的天气会不会很",
        "userDefined": false
      },
      {
        "text": "寒冷",
        "alias": "temperature",
        "meta": "@temperature",
        "userDefined": true
      },
      {
        "text": "吗",
        "userDefined": false
      }
    ],
    "isTemplate": false,
    "count": 0,
    "updated": 0
  },
  {
    "id": "c79bac14-6a94-469a-a8c8-f6c0705657fd",
    "data": [
      {
        "text": "今天",
        "alias": "date-time",
        "meta": "@sys.date-time",
        "userDefined": false
      },
      {
        "text": "上海",
        "alias": "address",
        "meta": "@sys.address",
        "userDefined": false
      },
      {
        "text": "的气温如何",
        "userDefined": false
      }
    ],
    "isTemplate": false,
    "count": 0,
    "updated": 0
  },
  {
    "id": "0fe7d6f3-c67f-44cb-963d-5e4c4f4fab48",
    "data": [
      {
        "text": "明天",
        "alias": "date-time",
        "meta": "@sys.date-time",
        "userDefined": true
      },
      {
        "text": "的天气会很",
        "userDefined": false
      },
      {
        "text": "温和",
        "alias": "temperature",
        "meta": "@temperature",
        "userDefined": true
      },
      {
        "text": "吗",
        "userDefined": false
      }
    ],
    "isTemplate": false,
    "count": 0,
    "updated": 0
  },
  {
    "id": "e9a5a726-0934-4751-9b1c-652968770872",
    "data": [
      {
        "text": "下星期日",
        "alias": "date-time",
        "meta": "@sys.date-time",
        "userDefined": false
      },
      {
        "text": "马来西亚",
        "alias": "address",
        "meta": "@sys.address",
        "userDefined": true
      },
      {
        "text": "的天气会很",
        "userDefined": false
      },
      {
        "text": "热",
        "alias": "temperature",
        "meta": "@temperature",
        "userDefined": false
      },
      {
        "text": "吗",
        "userDefined": false
      }
    ],
    "isTemplate": false,
    "count": 0,
    "updated": 0
  },
  {
    "id": "0b591695-b403-44b8-992a-1f5a784e1afd",
    "data": [
      {
        "text": "明天",
        "alias": "date-time",
        "meta": "@sys.date-time",
        "userDefined": false
      },
      {
        "text": "马来西亚",
        "alias": "address",
        "meta": "@sys.address",
        "userDefined": true
      },
      {
        "text": "最近的天气是不是很",
        "userDefined": false
      },
      {
        "text": "冷",
        "alias": "temperature",
        "meta": "@temperature",
        "userDefined": false
      }
    ],
    "isTemplate": false,
    "count": 0,
    "updated": 0
  },
  {
    "id": "532e12da-2610-41ed-bc3b-4e44c850a9dc",
    "data": [
      {
        "text": "明天",
        "alias": "date-time",
        "meta": "@sys.date-time",
        "userDefined": true
      },
      {
        "text": "的天气是不是很",
        "userDefined": false
      },
      {
        "text": "暖",
        "alias": "temperature",
        "meta": "@temperature",
        "userDefined": true
      },
      {
        "text": "吗",
        "userDefined": false
      }
    ],
    "isTemplate": false,
    "count": 0,
    "updated": 0
  },
  {
    "id": "b86751d4-50c5-4b3e-8bb6-3d8a354efeb3",
    "data": [
      {
        "text": "我最近的天气是不是很",
        "userDefined": false
      },
      {
        "text": "冷",
        "alias": "temperature",
        "meta": "@temperature",
        "userDefined": false
      }
    ],
    "isTemplate": false,
    "count": 0,
    "updated": 0
  },
  {
    "id": "3598761b-0039-4026-9832-054e103cde5a",
    "data": [
      {
        "text": "上海",
        "alias": "address",
        "meta": "@sys.address",
        "userDefined": false
      },
      {
        "text": "三天后",
        "alias": "date-time",
        "meta": "@sys.date-time",
        "userDefined": false
      },
      {
        "text": "多少度",
        "userDefined": false
      }
    ],
    "isTemplate": false,
    "count": 0,
    "updated": 0
  },
  {
    "id": "fbd7d083-bc1a-47e9-845e-5e7fe1b4e248",
    "data": [
      {
        "text": "台南市南区",
        "alias": "address",
        "meta": "@sys.address",
        "userDefined": false
      },
      {
        "text": "现在几度",
        "userDefined": false
      }
    ],
    "isTemplate": false,
    "count": 0,
    "updated": 0
  }
]