[
  {
    "id": "b0a47c06-8cea-4ec1-a458-1822493e1acf",
    "data": [
      {
        "text": "e quanto a ",
        "userDefined": false
      },
      {
        "text": "Paris",
        "alias": "address",
        "meta": "@sys.location",
        "userDefined": true
      }
    ],
    "isTemplate": false,
    "count": 0,
    "updated": 0
  },
  {
    "id": "d93d3acf-80d4-4291-bc31-9694e5648e32",
    "data": [
      {
        "text": "pode verificar ",
        "userDefined": false
      },
      {
        "text": "Seattle",
        "alias": "address",
        "meta": "@sys.location",
        "userDefined": true
      }
    ],
    "isTemplate": false,
    "count": 1,
    "updated": 0
  },
  {
    "id": "be4c42ae-23b5-4017-af79-5258b381285c",
    "data": [
      {
        "text": "Moscou",
        "alias": "address",
        "meta": "@sys.location",
        "userDefined": true
      }
    ],
    "isTemplate": false,
    "count": 0,
    "updated": 0
  },
  {
    "id": "16b951cc-fa8e-4c76-b6be-d0fa8ac0ad60",
    "data": [
      {
        "text": "você pode verificar ",
        "userDefined": false
      },
      {
        "text": "Seattle",
        "alias": "address",
        "meta": "@sys.location",
        "userDefined": true
      }
    ],
    "isTemplate": false,
    "count": 0,
    "updated": 0
  },
  {
    "id": "21e5018a-dc97-4e3a-a8b7-09c68871033f",
    "data": [
      {
        "text": "e quanto a ",
        "userDefined": false
      },
      {
        "text": "Oakland",
        "alias": "address",
        "meta": "@sys.location",
        "userDefined": true
      }
    ],
    "isTemplate": false,
    "count": 0,
    "updated": 0
  },
  {
    "id": "6a0ab973-8fa8-4ea0-bc98-f7ae81e9abe7",
    "data": [
      {
        "text": "agora em ",
        "userDefined": false
      },
      {
        "text": "Aspen",
        "alias": "address",
        "meta": "@sys.location",
        "userDefined": true
      }
    ],
    "isTemplate": false,
    "count": 0,
    "updated": 0
  },
  {
    "id": "cdc903e8-4f85-4d8b-85f3-ca022b22126a",
    "data": [
      {
        "text": "e quanto a ",
        "userDefined": false
      },
      {
        "text": "São Francisco",
        "alias": "address",
        "meta": "@sys.location",
        "userDefined": true
      }
    ],
    "isTemplate": false,
    "count": 0,
    "updated": 0
  },
  {
    "id": "401791de-5c83-472c-9d7b-f96872fb0f68",
    "data": [
      {
        "text": "e quanto a ",
        "userDefined": false
      },
      {
        "text": "Aspen",
        "alias": "address",
        "meta": "@sys.location",
        "userDefined": true
      }
    ],
    "isTemplate": false,
    "count": 0,
    "updated": 0
  },
  {
    "id": "eb3901b0-4f14-43b1-8a21-02d518650b6b",
    "data": [
      {
        "text": "e em ",
        "userDefined": false
      },
      {
        "text": "Londres",
        "alias": "address",
        "meta": "@sys.location",
        "userDefined": true
      }
    ],
    "isTemplate": false,
    "count": 0,
    "updated": 0
  }
]