[
  {
    "id": "9127420d-e77d-4d28-bf2e-1f8ff7d3e105",
    "data": [
      {
        "text": "下星期一",
        "alias": "date-time",
        "meta": "@sys.date-time",
        "userDefined": false
      },
      {
        "text": "在",
        "userDefined": false
      },
      {
        "text": "北京",
        "alias": "address",
        "meta": "@sys.address",
        "userDefined": false
      },
      {
        "text": "呢",
        "userDefined": false
      }
    ],
    "isTemplate": false,
    "count": 0,
    "updated": 0
  },
  {
    "id": "994e8cf8-9ce8-47fc-bb7d-0b9020d183d8",
    "data": [
      {
        "text": "今天",
        "alias": "date-time",
        "meta": "@sys.date-time",
        "userDefined": false
      },
      {
        "text": "在",
        "userDefined": false
      },
      {
        "text": "天津",
        "alias": "address",
        "meta": "@sys.address",
        "userDefined": false
      }
    ],
    "isTemplate": false,
    "count": 0,
    "updated": 0
  },
  {
    "id": "7b78b374-28bd-4ad7-ad51-3bf5fa8867b1",
    "data": [
      {
        "text": "我要",
        "userDefined": false
      },
      {
        "text": "上海",
        "alias": "address",
        "meta": "@sys.address",
        "userDefined": false
      },
      {
        "text": "明天",
        "alias": "date-time",
        "meta": "@sys.date-time",
        "userDefined": false
      },
      {
        "text": "的",
        "userDefined": false
      }
    ],
    "isTemplate": false,
    "count": 0,
    "updated": 0
  },
  {
    "id": "b411485b-696f-4b97-acae-ce237b92e0b5",
    "data": [
      {
        "text": "下個星期五",
        "alias": "date-time",
        "meta": "@sys.date-time",
        "userDefined": false
      },
      {
        "text": "在",
        "userDefined": false
      },
      {
        "text": "南京",
        "alias": "address",
        "meta": "@sys.address",
        "userDefined": false
      }
    ],
    "isTemplate": false,
    "count": 0,
    "updated": 0
  },
  {
    "id": "0b232f5c-09a2-41f3-81a6-d25b2da3066b",
    "data": [
      {
        "text": "還要",
        "userDefined": false
      },
      {
        "text": "下星期日",
        "alias": "date-time",
        "meta": "@sys.date-time",
        "userDefined": true
      },
      {
        "text": "在",
        "userDefined": false
      },
      {
        "text": "蘇州",
        "alias": "address",
        "meta": "@sys.address",
        "userDefined": false
      }
    ],
    "isTemplate": false,
    "count": 0,
    "updated": 0
  },
  {
    "id": "7a6c09f0-863d-4a2a-8cc3-e98f5add1549",
    "data": [
      {
        "text": "明天",
        "alias": "date-time",
        "meta": "@sys.date-time",
        "userDefined": false
      },
      {
        "text": "在",
        "userDefined": false
      },
      {
        "text": "北京",
        "alias": "address",
        "meta": "@sys.address",
        "userDefined": false
      }
    ],
    "isTemplate": false,
    "count": 0,
    "updated": 0
  },
  {
    "id": "37de5699-a751-4252-8d8b-270564e47c66",
    "data": [
      {
        "text": "關于",
        "userDefined": false
      },
      {
        "text": "兩天後",
        "alias": "date-time",
        "meta": "@sys.date-time",
        "userDefined": true
      },
      {
        "text": "在",
        "userDefined": false
      },
      {
        "text": "上海",
        "alias": "address",
        "meta": "@sys.address",
        "userDefined": false
      }
    ],
    "isTemplate": false,
    "count": 0,
    "updated": 0
  },
  {
    "id": "edd2c624-9def-4d79-adfc-836094a187cb",
    "data": [
      {
        "text": "青島",
        "alias": "address",
        "meta": "@sys.address",
        "userDefined": false
      },
      {
        "text": "明天",
        "alias": "date-time",
        "meta": "@sys.date-time",
        "userDefined": false
      }
    ],
    "isTemplate": false,
    "count": 0,
    "updated": 0
  },
  {
    "id": "1ddc5466-2cb9-43f4-ae0d-612e9af12bea",
    "data": [
      {
        "text": "沈陽",
        "alias": "address",
        "meta": "@sys.address",
        "userDefined": false
      },
      {
        "text": "五天後",
        "alias": "date-time",
        "meta": "@sys.date-time",
        "userDefined": false
      }
    ],
    "isTemplate": false,
    "count": 0,
    "updated": 0
  },
  {
    "id": "9d507261-02ad-4a34-9e1c-dc01d59ed267",
    "data": [
      {
        "text": "三天後",
        "alias": "date-time",
        "meta": "@sys.date-time",
        "userDefined": false
      },
      {
        "text": "在",
        "userDefined": false
      },
      {
        "text": "武漢",
        "alias": "address",
        "meta": "@sys.address",
        "userDefined": false
      },
      {
        "text": "呢",
        "userDefined": false
      }
    ],
    "isTemplate": false,
    "count": 0,
    "updated": 0
  }
]