[
  {
    "id": "86f29148-401c-465f-8c00-215c5afb50ea",
    "data": [
      {
        "text": "sur",
        "meta": "@sys.ignore",
        "userDefined": false
      },
      {
        "text": " ",
        "userDefined": false
      },
      {
        "text": "Nantes",
        "alias": "address",
        "meta": "@sys.location",
        "userDefined": false
      }
    ],
    "isTemplate": false,
    "count": 0,
    "updated": 0
  },
  {
    "id": "c67e7e0f-df12-4300-a5ce-812ba5490dd7",
    "data": [
      {
        "text": "et à ",
        "userDefined": false
      },
      {
        "text": "Montpellier",
        "alias": "address",
        "meta": "@sys.location",
        "userDefined": true
      }
    ],
    "isTemplate": false,
    "count": 0,
    "updated": 0
  },
  {
    "id": "6fbec147-a589-4cb9-8c4d-e99cf346f3f5",
    "data": [
      {
        "text": "à ",
        "userDefined": false
      },
      {
        "text": "Orléans",
        "alias": "address",
        "meta": "@sys.location",
        "userDefined": false
      }
    ],
    "isTemplate": false,
    "count": 0,
    "updated": 0
  },
  {
    "id": "d7ef1357-18f3-4dab-92c5-bb3b563bb053",
    "data": [
      {
        "text": "et",
        "meta": "@sys.ignore",
        "userDefined": false
      },
      {
        "text": " à ",
        "userDefined": false
      },
      {
        "text": "Londres",
        "alias": "address",
        "meta": "@sys.location",
        "userDefined": false
      }
    ],
    "isTemplate": false,
    "count": 0,
    "updated": 0
  },
  {
    "id": "37fd5416-16fc-456d-a57c-425688994777",
    "data": [
      {
        "text": "et à ",
        "userDefined": false
      },
      {
        "text": "Marseille",
        "alias": "address",
        "meta": "@sys.location",
        "userDefined": false
      },
      {
        "text": " aussi",
        "userDefined": false
      }
    ],
    "isTemplate": false,
    "count": 0,
    "updated": 0
  }
]