[
  {
    "id": "ab024c0b-7b16-43db-9c2a-133bc7d9a89d",
    "data": [
      {
        "text": "und ",
        "userDefined": false
      },
      {
        "text": "morgen",
        "alias": "date-time",
        "meta": "@sys.date-time",
        "userDefined": false
      }
    ],
    "isTemplate": false,
    "count": 0,
    "updated": 0
  },
  {
    "id": "97808804-8394-4e1f-880b-320e7bd6ebb5",
    "data": [
      {
        "text": "und auch ",
        "userDefined": false
      },
      {
        "text": "morgen",
        "alias": "date-time",
        "meta": "@sys.date-time",
        "userDefined": false
      }
    ],
    "isTemplate": false,
    "count": 0,
    "updated": 0
  },
  {
    "id": "52f2b7c0-3ed3-45ba-a446-8c0cc4b88898",
    "data": [
      {
        "text": "und auch für ",
        "userDefined": false
      },
      {
        "text": "morgen",
        "alias": "date-time",
        "meta": "@sys.date-time",
        "userDefined": false
      }
    ],
    "isTemplate": false,
    "count": 0,
    "updated": 0
  },
  {
    "id": "39df2398-43f4-4cfd-ba53-37e71d2feac8",
    "data": [
      {
        "text": "und an diesem ",
        "userDefined": false
      },
      {
        "text": "Wochenende",
        "alias": "date-time",
        "meta": "@sys.date-time",
        "userDefined": true
      }
    ],
    "isTemplate": false,
    "count": 0,
    "updated": 0
  },
  {
    "id": "4b8d6b14-d916-40c6-92f1-060d45bf451f",
    "data": [
      {
        "text": "und ",
        "userDefined": false
      },
      {
        "text": "übermorgen",
        "alias": "date-time",
        "meta": "@sys.date-time",
        "userDefined": false
      }
    ],
    "isTemplate": false,
    "count": 0,
    "updated": 0
  },
  {
    "id": "8da3b88d-8674-4ec5-984b-66dbf5c8c408",
    "data": [
      {
        "text": "und",
        "meta": "@sys.ignore",
        "userDefined": false
      },
      {
        "text": " für ",
        "userDefined": false
      },
      {
        "text": "morgen",
        "alias": "date-time",
        "meta": "@sys.date-time",
        "userDefined": false
      }
    ],
    "isTemplate": false,
    "count": 0,
    "updated": 0
  },
  {
    "id": "05826911-f8a6-4654-96b3-23acb4bf6165",
    "data": [
      {
        "text": "und ",
        "userDefined": false
      },
      {
        "text": "nächste Woche",
        "alias": "date-time",
        "meta": "@sys.date-time",
        "userDefined": false
      }
    ],
    "isTemplate": false,
    "count": 0,
    "updated": 0
  },
  {
    "id": "2404c1bc-95ea-468d-930a-f5df838530f3",
    "data": [
      {
        "text": "heute Abend",
        "alias": "date-time",
        "meta": "@sys.date-time",
        "userDefined": false
      }
    ],
    "isTemplate": false,
    "count": 0,
    "updated": 0
  },
  {
    "id": "38ec2b8c-425e-4bc1-9e3f-9179c557c96f",
    "data": [
      {
        "text": "und für ",
        "userDefined": false
      },
      {
        "text": "nächste Woche",
        "alias": "date-time",
        "meta": "@sys.date-time",
        "userDefined": false
      }
    ],
    "isTemplate": false,
    "count": 0,
    "updated": 0
  }
]