[
  {
    "id": "22767680-80bb-4e64-abb3-cec9ebedd66a",
    "data": [
      {
        "text": "temperatura em ",
        "userDefined": false
      },
      {
        "text": "Bangkok",
        "alias": "address",
        "meta": "@sys.location",
        "userDefined": true
      }
    ],
    "isTemplate": false,
    "count": 0,
    "updated": 0
  },
  {
    "id": "8d1005aa-4211-4210-858f-23a16c0e6621",
    "data": [
      {
        "text": "está ",
        "userDefined": false
      },
      {
        "text": "calor",
        "alias": "temperature",
        "meta": "@temperature",
        "userDefined": true
      },
      {
        "text": " em ",
        "userDefined": false
      },
      {
        "text": "Nova York",
        "alias": "address",
        "meta": "@sys.location",
        "userDefined": true
      }
    ],
    "isTemplate": false,
    "count": 0,
    "updated": 0
  },
  {
    "id": "a9154861-de71-4a40-8da8-ba2b2d23d7de",
    "data": [
      {
        "text": "qual a temperatura ",
        "userDefined": false
      },
      {
        "text": "amanhã",
        "alias": "date-time",
        "meta": "@sys.date-time",
        "userDefined": true
      }
    ],
    "isTemplate": false,
    "count": 0,
    "updated": 0
  },
  {
    "id": "02c896c3-5d3c-40df-af8e-9f6d7653acc0",
    "data": [
      {
        "text": "hoje será um dia ",
        "userDefined": false
      },
      {
        "text": "quente",
        "alias": "temperature",
        "meta": "@temperature",
        "userDefined": true
      }
    ],
    "isTemplate": false,
    "count": 0,
    "updated": 0
  },
  {
    "id": "91581503-50c7-4df0-ad46-c472c45cebda",
    "data": [
      {
        "text": "qual deve ser a temperatura ",
        "userDefined": false
      },
      {
        "text": "deste domingo",
        "alias": "date-time",
        "meta": "@sys.date-time",
        "userDefined": true
      },
      {
        "text": " em ",
        "userDefined": false
      },
      {
        "text": "Mountain View",
        "alias": "address",
        "meta": "@sys.location",
        "userDefined": true
      }
    ],
    "isTemplate": false,
    "count": 0,
    "updated": 0
  },
  {
    "id": "351a0a5c-6a66-4f81-8b53-03d4d31a0535",
    "data": [
      {
        "text": "quantos graus em ",
        "userDefined": false
      },
      {
        "text": "Londres",
        "alias": "address",
        "meta": "@sys.location",
        "userDefined": true
      },
      {
        "text": " agora",
        "userDefined": false
      }
    ],
    "isTemplate": false,
    "count": 0,
    "updated": 0
  },
  {
    "id": "92046e12-88e6-41e5-a8cf-9bb1fe9af3b7",
    "data": [
      {
        "text": "está ",
        "userDefined": false
      },
      {
        "text": "frio",
        "alias": "temperature",
        "meta": "@temperature",
        "userDefined": true
      },
      {
        "text": " em ",
        "userDefined": false
      },
      {
        "text": "Nova York",
        "alias": "address",
        "meta": "@sys.location",
        "userDefined": true
      }
    ],
    "isTemplate": false,
    "count": 0,
    "updated": 0
  },
  {
    "id": "6f8857ba-c5b5-4119-a579-3ac23659776b",
    "data": [
      {
        "text": "quantos graus está fazendo ",
        "userDefined": false
      },
      {
        "text": "hoje",
        "alias": "date-time",
        "meta": "@sys.date-time",
        "userDefined": false
      }
    ],
    "isTemplate": false,
    "count": 0,
    "updated": 0
  },
  {
    "id": "cf566905-7433-457e-8522-18f1c964c3e0",
    "data": [
      {
        "text": "está fazendo ",
        "userDefined": false
      },
      {
        "text": "calor",
        "alias": "temperature",
        "meta": "@temperature",
        "userDefined": false
      },
      {
        "text": " no ",
        "userDefined": false
      },
      {
        "text": "Recife",
        "alias": "address",
        "meta": "@sys.location",
        "userDefined": false
      }
    ],
    "isTemplate": false,
    "count": 0,
    "updated": 0
  },
  {
    "id": "e93cc4e7-89fa-4c45-9314-9b930dadbc12",
    "data": [
      {
        "text": "você sabe se está ",
        "userDefined": false
      },
      {
        "text": "frio",
        "alias": "temperature",
        "meta": "@temperature",
        "userDefined": true
      },
      {
        "text": " lá fora agora",
        "userDefined": false
      }
    ],
    "isTemplate": false,
    "count": 0,
    "updated": 0
  },
  {
    "id": "bd008e30-87d1-4c96-a21c-1aa05ea8f864",
    "data": [
      {
        "text": "mostrar a temperatura em ",
        "userDefined": false
      },
      {
        "text": "Paris",
        "alias": "address",
        "meta": "@sys.location",
        "userDefined": true
      },
      {
        "text": " em ",
        "userDefined": false
      },
      {
        "text": "Fahrenheit",
        "alias": "unit",
        "meta": "@unit-temperature",
        "userDefined": true
      }
    ],
    "isTemplate": false,
    "count": 0,
    "updated": 0
  },
  {
    "id": "0fc3de64-62e1-4a44-8287-10dc9f4fe6d3",
    "data": [
      {
        "text": "qual será a temperatura ",
        "userDefined": false
      },
      {
        "text": "amanhã",
        "alias": "date-time",
        "meta": "@sys.date-time",
        "userDefined": true
      }
    ],
    "isTemplate": false,
    "count": 0,
    "updated": 0
  },
  {
    "id": "f5d30952-8595-4a34-b918-95293b38b482",
    "data": [
      {
        "text": "temperatura",
        "userDefined": false
      }
    ],
    "isTemplate": false,
    "count": 0,
    "updated": 0
  },
  {
    "id": "d575cc32-aa0f-42eb-a53e-f6a236e8591e",
    "data": [
      {
        "text": "qual será a temperatura em ",
        "userDefined": false
      },
      {
        "text": "Camberra",
        "alias": "address",
        "meta": "@sys.location",
        "userDefined": true
      },
      {
        "text": " ",
        "userDefined": false
      },
      {
        "text": "amanhã",
        "alias": "date-time",
        "meta": "@sys.date-time",
        "userDefined": true
      }
    ],
    "isTemplate": false,
    "count": 0,
    "updated": 0
  },
  {
    "id": "ea07030b-7a96-4aa0-815c-a842413efc3d",
    "data": [
      {
        "text": "quantos graus está em ",
        "userDefined": false
      },
      {
        "text": "Curitiba",
        "alias": "address",
        "meta": "@sys.location",
        "userDefined": true
      },
      {
        "text": " agora",
        "userDefined": false
      }
    ],
    "isTemplate": false,
    "count": 0,
    "updated": 0
  },
  {
    "id": "d3166a6a-bef9-4d4b-9f3c-f21fb1a4840e",
    "data": [
      {
        "text": "está ",
        "userDefined": false
      },
      {
        "text": "quente",
        "alias": "temperature",
        "meta": "@temperature",
        "userDefined": true
      },
      {
        "text": " em ",
        "userDefined": false
      },
      {
        "text": "Nova York",
        "alias": "address",
        "meta": "@sys.location",
        "userDefined": true
      }
    ],
    "isTemplate": false,
    "count": 0,
    "updated": 0
  }
]