[
  {
    "id": "2ed66c7b-f12a-424f-8432-2603f8a398b5",
    "data": [
      {
        "text": "仙台",
        "alias": "address",
        "meta": "@sys.location",
        "userDefined": true
      },
      {
        "text": "はどうなりますか",
        "userDefined": false
      }
    ],
    "isTemplate": false,
    "count": 0,
    "updated": 0
  },
  {
    "id": "f18c3695-92cf-4420-9f76-dc0a70c9f2b2",
    "data": [
      {
        "text": "じゃあ",
        "userDefined": false
      },
      {
        "text": "ロンドン",
        "alias": "address",
        "meta": "@sys.location",
        "userDefined": true
      },
      {
        "text": "は",
        "userDefined": false
      }
    ],
    "isTemplate": false,
    "count": 0,
    "updated": 0
  },
  {
    "id": "9a834925-c42a-410b-9a65-8e65cbea0c8d",
    "data": [
      {
        "text": "沖縄",
        "alias": "address",
        "meta": "@sys.location",
        "userDefined": true
      },
      {
        "text": "はどう",
        "userDefined": false
      }
    ],
    "isTemplate": false,
    "count": 0,
    "updated": 0
  },
  {
    "id": "d599ea82-6b17-4d14-b8dd-e8bfddc43a9a",
    "data": [
      {
        "text": "サンフランシスコ",
        "alias": "address",
        "meta": "@sys.location",
        "userDefined": true
      },
      {
        "text": "を調べて",
        "userDefined": false
      }
    ],
    "isTemplate": false,
    "count": 0,
    "updated": 0
  },
  {
    "id": "e8be211c-c38c-4737-83db-c2328c3f14d2",
    "data": [
      {
        "text": "東京",
        "alias": "address",
        "meta": "@sys.location",
        "userDefined": true
      }
    ],
    "isTemplate": false,
    "count": 0,
    "updated": 0
  },
  {
    "id": "46545ce2-73ac-478d-9356-dc9ce9351995",
    "data": [
      {
        "text": "現在の",
        "userDefined": false
      },
      {
        "text": "新潟市",
        "alias": "address",
        "meta": "@sys.location",
        "userDefined": true
      }
    ],
    "isTemplate": false,
    "count": 0,
    "updated": 0
  },
  {
    "id": "24e23d4f-e494-4fc5-9abe-a54addc10623",
    "data": [
      {
        "text": "パリ",
        "alias": "address",
        "meta": "@sys.location",
        "userDefined": true
      },
      {
        "text": "は",
        "userDefined": false
      }
    ],
    "isTemplate": false,
    "count": 0,
    "updated": 0
  },
  {
    "id": "4fd82d62-a0b0-4825-8bc9-0a703d14183a",
    "data": [
      {
        "text": "さいたま市",
        "alias": "address",
        "meta": "@sys.location",
        "userDefined": true
      },
      {
        "text": "はどうですか",
        "userDefined": false
      }
    ],
    "isTemplate": false,
    "count": 0,
    "updated": 0
  }
]