[
  {
    "id": "e03f15af-e0f0-486b-b924-8e4adf7b61ea",
    "data": [
      {
        "text": "我還很想",
        "userDefined": false
      },
      {
        "text": "一月一號",
        "alias": "date-time",
        "meta": "@sys.date-time",
        "userDefined": false
      }
    ],
    "isTemplate": false,
    "count": 0,
    "updated": 0
  },
  {
    "id": "f8049f38-7385-48ec-a230-55fe293d216b",
    "data": [
      {
        "text": "還能不能",
        "userDefined": false
      },
      {
        "text": "明天",
        "alias": "date-time",
        "meta": "@sys.date-time",
        "userDefined": false
      }
    ],
    "isTemplate": false,
    "count": 0,
    "updated": 0
  },
  {
    "id": "05fcb331-f160-4e28-ae0d-3d24df7337e2",
    "data": [
      {
        "text": "現在",
        "userDefined": false
      },
      {
        "text": "明天",
        "alias": "date-time",
        "meta": "@sys.date-time",
        "userDefined": false
      }
    ],
    "isTemplate": false,
    "count": 0,
    "updated": 0
  },
  {
    "id": "ec3e2f97-44d0-4bd7-9a1d-743781f7ab0c",
    "data": [
      {
        "text": "會不會",
        "userDefined": false
      },
      {
        "text": "前天",
        "alias": "date-time",
        "meta": "@sys.date-time",
        "userDefined": false
      }
    ],
    "isTemplate": false,
    "count": 0,
    "updated": 0
  },
  {
    "id": "036ecac8-08b4-47ed-9120-dc252ebded2a",
    "data": [
      {
        "text": "還要",
        "userDefined": false
      },
      {
        "text": "明天",
        "alias": "date-time",
        "meta": "@sys.date-time",
        "userDefined": false
      }
    ],
    "isTemplate": false,
    "count": 0,
    "updated": 0
  },
  {
    "id": "737b1e44-836a-459a-9b66-f49d9cf1b094",
    "data": [
      {
        "text": "還需要",
        "userDefined": false
      },
      {
        "text": "昨天",
        "alias": "date-time",
        "meta": "@sys.date-time",
        "userDefined": false
      }
    ],
    "isTemplate": false,
    "count": 0,
    "updated": 0
  },
  {
    "id": "5209dde5-43f0-427f-8a19-031d22ba66cb",
    "data": [
      {
        "text": "關于",
        "userDefined": false
      },
      {
        "text": "兩天後",
        "alias": "date-time",
        "meta": "@sys.date-time",
        "userDefined": true
      }
    ],
    "isTemplate": false,
    "count": 0,
    "updated": 0
  },
  {
    "id": "97eac810-50d4-486b-9997-306edd27186e",
    "data": [
      {
        "text": "關",
        "meta": "@sys.ignore",
        "userDefined": false
      },
      {
        "text": "于",
        "userDefined": false
      },
      {
        "text": "明天",
        "alias": "date-time",
        "meta": "@sys.date-time",
        "userDefined": false
      }
    ],
    "isTemplate": false,
    "count": 0,
    "updated": 0
  },
  {
    "id": "1d3d2fba-5a8f-43df-aa6c-074ffd555a53",
    "data": [
      {
        "text": "能不能",
        "userDefined": false
      },
      {
        "text": "下星期五",
        "alias": "date-time",
        "meta": "@sys.date-time",
        "userDefined": false
      }
    ],
    "isTemplate": false,
    "count": 0,
    "updated": 0
  },
  {
    "id": "b5bb44c9-1748-414b-9b2e-2b2f459109d9",
    "data": [
      {
        "text": "怎麽能",
        "userDefined": false
      },
      {
        "text": "下個星期日",
        "alias": "date-time",
        "meta": "@sys.date-time",
        "userDefined": false
      }
    ],
    "isTemplate": false,
    "count": 0,
    "updated": 0
  },
  {
    "id": "83f52cb3-f23e-4be6-a0bf-8ffce9d82953",
    "data": [
      {
        "text": "明天",
        "alias": "date-time",
        "meta": "@sys.date-time",
        "userDefined": false
      }
    ],
    "isTemplate": false,
    "count": 0,
    "updated": 0
  },
  {
    "id": "a952cdcf-b8eb-4d19-b9fe-91b6d97b38ec",
    "data": [
      {
        "text": "我還要",
        "userDefined": false
      },
      {
        "text": "昨天",
        "alias": "date-time",
        "meta": "@sys.date-time",
        "userDefined": false
      }
    ],
    "isTemplate": false,
    "count": 0,
    "updated": 0
  },
  {
    "id": "1fd1195d-c0fc-45cd-a5cc-5d9705a0b0d9",
    "data": [
      {
        "text": "還要",
        "userDefined": false
      },
      {
        "text": "三天前",
        "alias": "date-time",
        "meta": "@sys.date-time",
        "userDefined": false
      }
    ],
    "isTemplate": false,
    "count": 0,
    "updated": 0
  }
]