[
  {
    "id": "e467f7c8-99ee-41d9-bbb7-2f9bac0da826",
    "data": [
      {
        "text": "est-ce qu\u0027",
        "userDefined": false
      },
      {
        "text": "il",
        "meta": "@sys.ignore",
        "userDefined": false
      },
      {
        "text": " faut que je mette ",
        "userDefined": false
      },
      {
        "text": "mon",
        "meta": "@sys.ignore",
        "userDefined": false
      },
      {
        "text": " ",
        "userDefined": false
      },
      {
        "text": "cardigan",
        "alias": "outfit",
        "meta": "@outfit",
        "userDefined": false
      }
    ],
    "isTemplate": false,
    "count": 0,
    "updated": 0
  },
  {
    "id": "1eb1428f-527d-4926-acde-5966c29b564b",
    "data": [
      {
        "text": "faut-il mettre ",
        "userDefined": false
      },
      {
        "text": "ma",
        "meta": "@sys.ignore",
        "userDefined": false
      },
      {
        "text": " ",
        "userDefined": false
      },
      {
        "text": "veste",
        "alias": "outfit",
        "meta": "@outfit",
        "userDefined": false
      },
      {
        "text": " ",
        "userDefined": false
      },
      {
        "text": "demain",
        "alias": "date-time",
        "meta": "@sys.date-time",
        "userDefined": false
      }
    ],
    "isTemplate": false,
    "count": 0,
    "updated": 0
  },
  {
    "id": "31629657-2a8d-44e8-ad6c-47b84d736397",
    "data": [
      {
        "text": "fait-il beau pour que je puisse porter ",
        "userDefined": false
      },
      {
        "text": "une",
        "meta": "@sys.ignore",
        "userDefined": false
      },
      {
        "text": " ",
        "userDefined": false
      },
      {
        "text": "robe",
        "alias": "outfit",
        "meta": "@outfit",
        "userDefined": false
      },
      {
        "text": " ",
        "userDefined": false
      },
      {
        "text": "aujourd\u0027hui",
        "alias": "date-time",
        "meta": "@sys.date-time",
        "userDefined": false
      }
    ],
    "isTemplate": false,
    "count": 0,
    "updated": 0
  },
  {
    "id": "5cecd70d-7684-4dc2-ba11-5f898c96e9aa",
    "data": [
      {
        "text": "devrais-je prendre mes ",
        "userDefined": false
      },
      {
        "text": "lunettes de soleil",
        "alias": "outfit",
        "meta": "@outfit",
        "userDefined": false
      }
    ],
    "isTemplate": false,
    "count": 0,
    "updated": 0
  },
  {
    "id": "6d5dbda3-0fd6-43b7-8beb-5bee1334da50",
    "data": [
      {
        "text": "puis-je mettre un ",
        "userDefined": false
      },
      {
        "text": "short",
        "alias": "outfit",
        "meta": "@outfit",
        "userDefined": false
      },
      {
        "text": " ",
        "userDefined": false
      },
      {
        "text": "aujourd\u0027hui",
        "alias": "date-time",
        "meta": "@sys.date-time",
        "userDefined": false
      },
      {
        "text": " pour ",
        "userDefined": false
      },
      {
        "text": "me",
        "meta": "@sys.ignore",
        "userDefined": false
      },
      {
        "text": " promener à ",
        "userDefined": false
      },
      {
        "text": "Tours",
        "alias": "address",
        "meta": "@sys.location",
        "userDefined": false
      }
    ],
    "isTemplate": false,
    "count": 0,
    "updated": 0
  },
  {
    "id": "b7d9f37f-c81c-4f8e-b625-05b897d3cc5c",
    "data": [
      {
        "text": "fait-il assez ",
        "userDefined": false
      },
      {
        "text": "froid",
        "meta": "@sys.ignore",
        "userDefined": false
      },
      {
        "text": " pour que je puisse mettre ",
        "userDefined": false
      },
      {
        "text": "mon",
        "meta": "@sys.ignore",
        "userDefined": false
      },
      {
        "text": " nouveau ",
        "userDefined": false
      },
      {
        "text": "chapeau",
        "alias": "outfit",
        "meta": "@outfit",
        "userDefined": false
      }
    ],
    "isTemplate": false,
    "count": 0,
    "updated": 0
  },
  {
    "id": "29b6471c-6765-4474-994f-317920879eb9",
    "data": [
      {
        "text": "faut-il que je prenne mes ",
        "userDefined": false
      },
      {
        "text": "gants",
        "alias": "outfit",
        "meta": "@outfit",
        "userDefined": false
      },
      {
        "text": " pour aller à ",
        "userDefined": false
      },
      {
        "text": "Nantes",
        "alias": "address",
        "meta": "@sys.location",
        "userDefined": false
      }
    ],
    "isTemplate": false,
    "count": 0,
    "updated": 0
  },
  {
    "id": "e87d1902-daae-4f29-abc9-611f0f353158",
    "data": [
      {
        "text": "est-ce que ",
        "userDefined": false
      },
      {
        "text": "j",
        "meta": "@sys.ignore",
        "userDefined": false
      },
      {
        "text": "\u0027",
        "userDefined": false
      },
      {
        "text": "ai",
        "meta": "@sys.ignore",
        "userDefined": false
      },
      {
        "text": " besoin ",
        "userDefined": false
      },
      {
        "text": "de",
        "meta": "@sys.ignore",
        "userDefined": false
      },
      {
        "text": " mettre ",
        "userDefined": false
      },
      {
        "text": "des",
        "meta": "@sys.ignore",
        "userDefined": false
      },
      {
        "text": " ",
        "userDefined": false
      },
      {
        "text": "gants",
        "alias": "outfit",
        "meta": "@outfit",
        "userDefined": false
      },
      {
        "text": " ",
        "userDefined": false
      },
      {
        "text": "aujourd\u0027hui",
        "alias": "date-time",
        "meta": "@sys.date-time",
        "userDefined": true
      },
      {
        "text": " à ",
        "userDefined": false
      },
      {
        "text": "Paris",
        "alias": "address",
        "meta": "@sys.location",
        "userDefined": false
      }
    ],
    "isTemplate": false,
    "count": 0,
    "updated": 0
  },
  {
    "id": "23b56ecf-51cd-45aa-9c41-9efcfcfab85b",
    "data": [
      {
        "text": "est-ce que le temps est bon pour porter ",
        "userDefined": false
      },
      {
        "text": "ma",
        "meta": "@sys.ignore",
        "userDefined": false
      },
      {
        "text": " ",
        "userDefined": false
      },
      {
        "text": "robe",
        "alias": "outfit",
        "meta": "@outfit",
        "userDefined": false
      }
    ],
    "isTemplate": false,
    "count": 0,
    "updated": 0
  },
  {
    "id": "2a6aed12-8cf9-4350-b34a-017ffadf6d1d",
    "data": [
      {
        "text": "dois-je prendre ",
        "userDefined": false
      },
      {
        "text": "un",
        "meta": "@sys.ignore",
        "userDefined": false
      },
      {
        "text": " ",
        "userDefined": false
      },
      {
        "text": "parapluie",
        "alias": "outfit",
        "meta": "@outfit",
        "userDefined": false
      },
      {
        "text": " avec ",
        "userDefined": false
      },
      {
        "text": "moi",
        "meta": "@sys.ignore",
        "userDefined": false
      }
    ],
    "isTemplate": false,
    "count": 0,
    "updated": 0
  }
]