[
  {
    "id": "1f3e9c8c-19c2-4357-8dd2-5e2952086e08",
    "data": [
      {
        "text": "сегодня",
        "alias": "date-time",
        "meta": "@sys.date-time",
        "userDefined": true
      },
      {
        "text": " подходящая погода для ",
        "userDefined": false
      },
      {
        "text": "прогулки",
        "alias": "activity",
        "meta": "@activity",
        "userDefined": true
      }
    ],
    "isTemplate": false,
    "count": 0,
    "updated": 0
  },
  {
    "id": "77341acf-ceb9-41ae-b1e5-edadb3f65c38",
    "data": [
      {
        "text": "сейчас хорошая погода для ",
        "userDefined": false
      },
      {
        "text": "пробежки",
        "alias": "activity",
        "meta": "@activity",
        "userDefined": true
      }
    ],
    "isTemplate": false,
    "count": 0,
    "updated": 0
  },
  {
    "id": "8421b10f-5d8a-4a65-b09c-d9a72c44b7ed",
    "data": [
      {
        "text": "подходящая ли на улице погода для ",
        "userDefined": false
      },
      {
        "text": "езды на горном велосипеде",
        "alias": "activity",
        "meta": "@activity",
        "userDefined": true
      }
    ],
    "isTemplate": false,
    "count": 0,
    "updated": 0
  },
  {
    "id": "1150f57c-b8c8-4c41-8397-15f887179c01",
    "data": [
      {
        "text": "виндсерфинг",
        "alias": "activity",
        "meta": "@activity",
        "userDefined": true
      },
      {
        "text": " в ",
        "userDefined": false
      },
      {
        "text": "Пхукете",
        "alias": "address",
        "meta": "@sys.location",
        "userDefined": true
      },
      {
        "text": " погода то что надо",
        "userDefined": false
      }
    ],
    "isTemplate": false,
    "count": 0,
    "updated": 0
  },
  {
    "id": "72034fba-bd54-4027-9a6d-7687f50497c3",
    "data": [
      {
        "text": "пробежка",
        "alias": "activity",
        "meta": "@activity",
        "userDefined": true
      },
      {
        "text": " этим ",
        "userDefined": false
      },
      {
        "text": "вечером",
        "alias": "date-time",
        "meta": "@sys.date-time",
        "userDefined": true
      }
    ],
    "isTemplate": false,
    "count": 0,
    "updated": 0
  },
  {
    "id": "9240dd94-d130-4cb1-9f33-6f084832079a",
    "data": [
      {
        "text": "стоит ли ",
        "userDefined": false
      },
      {
        "text": "идти в поход",
        "alias": "activity",
        "meta": "@activity",
        "userDefined": true
      },
      {
        "text": " в ",
        "userDefined": false
      },
      {
        "text": "эти выходные",
        "alias": "date-time",
        "meta": "@sys.date-time",
        "userDefined": true
      },
      {
        "text": " ",
        "userDefined": false
      },
      {
        "text": "Москва",
        "alias": "address",
        "meta": "@sys.location",
        "userDefined": true
      }
    ],
    "isTemplate": false,
    "count": 0,
    "updated": 0
  },
  {
    "id": "5837458e-6aa3-4270-b46a-d1cd4c0e8bad",
    "data": [
      {
        "text": "хорошая погода для ",
        "userDefined": false
      },
      {
        "text": "серфинга",
        "alias": "activity",
        "meta": "@activity",
        "userDefined": true
      }
    ],
    "isTemplate": false,
    "count": 0,
    "updated": 0
  },
  {
    "id": "a39814c1-4701-4393-b332-e73ec7c59580",
    "data": [
      {
        "text": "достаточно ли хороша погода для езды на ",
        "userDefined": false
      },
      {
        "text": "велосипеде",
        "alias": "activity",
        "meta": "@activity",
        "userDefined": true
      }
    ],
    "isTemplate": false,
    "count": 0,
    "updated": 0
  },
  {
    "id": "a8ba9306-fe17-4844-a6ea-8c14d888a9a6",
    "data": [
      {
        "text": "думаешь погода не подходит для игры в ",
        "userDefined": false
      },
      {
        "text": "бадминтон",
        "alias": "activity",
        "meta": "@activity",
        "userDefined": true
      }
    ],
    "isTemplate": false,
    "count": 0,
    "updated": 0
  },
  {
    "id": "2b34c740-3b92-4c15-ada5-f3cd76b7f538",
    "data": [
      {
        "text": "сегодня",
        "alias": "date-time",
        "meta": "@sys.date-time",
        "userDefined": true
      },
      {
        "text": " хорошая погода для ",
        "userDefined": false
      },
      {
        "text": "прогулки",
        "alias": "activity",
        "meta": "@activity",
        "userDefined": true
      }
    ],
    "isTemplate": false,
    "count": 0,
    "updated": 0
  },
  {
    "id": "0ebf1343-a410-4364-b7f7-5aae97e30e0c",
    "data": [
      {
        "text": "хотим ",
        "userDefined": false
      },
      {
        "text": "понаблюдать за птицами",
        "alias": "activity",
        "meta": "@activity",
        "userDefined": true
      },
      {
        "text": " ",
        "userDefined": false
      },
      {
        "text": "сегодня",
        "alias": "date-time",
        "meta": "@sys.date-time",
        "userDefined": true
      },
      {
        "text": " в ",
        "userDefined": false
      },
      {
        "text": "Бостоне",
        "alias": "address",
        "meta": "@sys.location",
        "userDefined": true
      }
    ],
    "isTemplate": false,
    "count": 0,
    "updated": 0
  },
  {
    "id": "f6b439d2-6a86-45e6-9e2b-98cfca7c3988",
    "data": [
      {
        "text": "достаточно ли тепло для ",
        "userDefined": false
      },
      {
        "text": "игр",
        "alias": "activity",
        "meta": "@activity",
        "userDefined": true
      },
      {
        "text": " на улице",
        "userDefined": false
      }
    ],
    "isTemplate": false,
    "count": 0,
    "updated": 0
  },
  {
    "id": "e12096a1-ad71-4ad8-8490-620da01c1def",
    "data": [
      {
        "text": "думаешь достаточно тепло для ",
        "userDefined": false
      },
      {
        "text": "велопрогулки",
        "alias": "activity",
        "meta": "@activity",
        "userDefined": true
      }
    ],
    "isTemplate": false,
    "count": 1,
    "updated": 0
  },
  {
    "id": "9d5de4f1-8b5c-4258-ba4a-420881e57eb7",
    "data": [
      {
        "text": "могу ли покататься на ",
        "userDefined": false
      },
      {
        "text": "сноуборде",
        "alias": "activity",
        "meta": "@activity",
        "userDefined": true
      }
    ],
    "isTemplate": false,
    "count": 0,
    "updated": 0
  },
  {
    "id": "fadee558-fdef-42db-8ec5-2842a9f375d0",
    "data": [
      {
        "text": "стоит ли идти на ",
        "userDefined": false
      },
      {
        "text": "пробежку",
        "alias": "activity",
        "meta": "@activity",
        "userDefined": true
      }
    ],
    "isTemplate": false,
    "count": 0,
    "updated": 0
  },
  {
    "id": "6a005c63-f01c-4579-9f28-23eb17f5d2d1",
    "data": [
      {
        "text": "смогу ли я ",
        "userDefined": false
      },
      {
        "text": "пойти в поход",
        "alias": "activity",
        "meta": "@activity",
        "userDefined": true
      }
    ],
    "isTemplate": false,
    "count": 0,
    "updated": 0
  },
  {
    "id": "59bb3a8d-4857-4884-8ab7-fe783ff610fe",
    "data": [
      {
        "text": "подходит ли погода для ",
        "userDefined": false
      },
      {
        "text": "прогулки",
        "alias": "activity",
        "meta": "@activity",
        "userDefined": true
      }
    ],
    "isTemplate": false,
    "count": 0,
    "updated": 0
  },
  {
    "id": "25515f22-8dc0-4cf1-90a4-19b94edcf7f4",
    "data": [
      {
        "text": "хочу ",
        "userDefined": false
      },
      {
        "text": "прогуляться",
        "alias": "activity",
        "meta": "@activity",
        "userDefined": true
      },
      {
        "text": " по ",
        "userDefined": false
      },
      {
        "text": "Мадриду",
        "alias": "address",
        "meta": "@sys.location",
        "userDefined": true
      }
    ],
    "isTemplate": false,
    "count": 0,
    "updated": 0
  },
  {
    "id": "9810e3da-0a1e-427d-8d1c-712b7f6b1631",
    "data": [
      {
        "text": "стоит ли ",
        "userDefined": false
      },
      {
        "text": "идти в поход",
        "alias": "activity",
        "meta": "@activity",
        "userDefined": true
      },
      {
        "text": " ",
        "userDefined": false
      },
      {
        "text": "сейчас",
        "alias": "date-time",
        "meta": "@sys.date-time",
        "userDefined": true
      }
    ],
    "isTemplate": false,
    "count": 0,
    "updated": 0
  },
  {
    "id": "8a803c93-6bdf-45d1-b0d3-90132b64e409",
    "data": [
      {
        "text": "хочу ",
        "userDefined": false
      },
      {
        "text": "прогуляться",
        "alias": "activity",
        "meta": "@activity",
        "userDefined": true
      },
      {
        "text": " как там погода",
        "userDefined": false
      }
    ],
    "isTemplate": false,
    "count": 2,
    "updated": 0
  },
  {
    "id": "d1dae953-5190-4b5e-af11-15c31b3f52bc",
    "data": [
      {
        "text": "достаточно ли тепло чтобы пойти ",
        "userDefined": false
      },
      {
        "text": "поплавать",
        "alias": "activity",
        "meta": "@activity",
        "userDefined": true
      }
    ],
    "isTemplate": false,
    "count": 0,
    "updated": 0
  },
  {
    "id": "c4b93e28-69a1-4382-a189-ad6e094c8ae5",
    "data": [
      {
        "text": "велопрогулка",
        "alias": "activity",
        "meta": "@activity",
        "userDefined": true
      },
      {
        "text": " по ",
        "userDefined": false
      },
      {
        "text": "Москве",
        "alias": "address",
        "meta": "@sys.location",
        "userDefined": true
      },
      {
        "text": " стоит ли",
        "userDefined": false
      }
    ],
    "isTemplate": false,
    "count": 0,
    "updated": 0
  },
  {
    "id": "999c3c32-ca50-4a01-83fd-4f809a7b3c0b",
    "data": [
      {
        "text": "будет ли холодно в эту ",
        "userDefined": false
      },
      {
        "text": "пятницу",
        "alias": "date-time",
        "meta": "@sys.date-time",
        "userDefined": true
      },
      {
        "text": " хотим ",
        "userDefined": false
      },
      {
        "text": "поиграть в снежки",
        "alias": "activity",
        "meta": "@activity",
        "userDefined": true
      }
    ],
    "isTemplate": false,
    "count": 0,
    "updated": 0
  },
  {
    "id": "e601a649-4cc3-4c0c-8ec8-65f4892946b4",
    "data": [
      {
        "text": "хорошая погода для ",
        "userDefined": false
      },
      {
        "text": "осмотра достопримечательностей",
        "alias": "activity",
        "meta": "@activity",
        "userDefined": true
      }
    ],
    "isTemplate": false,
    "count": 0,
    "updated": 0
  },
  {
    "id": "6c6e232a-97ff-4295-9c03-8288e9ee614d",
    "data": [
      {
        "text": "стоит ли ехать в ",
        "userDefined": false
      },
      {
        "text": "Вену",
        "alias": "address",
        "meta": "@sys.location",
        "userDefined": true
      },
      {
        "text": " ",
        "userDefined": false
      },
      {
        "text": "кататься на лыжах",
        "alias": "activity",
        "meta": "@activity",
        "userDefined": true
      }
    ],
    "isTemplate": false,
    "count": 0,
    "updated": 0
  },
  {
    "id": "b6560676-3367-44cc-9542-6947bacae897",
    "data": [
      {
        "text": "рафтинг",
        "alias": "activity",
        "meta": "@activity",
        "userDefined": true
      },
      {
        "text": " в ",
        "userDefined": false
      },
      {
        "text": "Майами",
        "alias": "address",
        "meta": "@sys.location",
        "userDefined": true
      },
      {
        "text": " ",
        "userDefined": false
      },
      {
        "text": "этим вечером",
        "alias": "date-time",
        "meta": "@sys.date-time",
        "userDefined": true
      }
    ],
    "isTemplate": false,
    "count": 0,
    "updated": 0
  },
  {
    "id": "68322f7a-cc65-4bf8-bec8-6591d0b208fa",
    "data": [
      {
        "text": "будет ли достаточно тепло чтобы ",
        "userDefined": false
      },
      {
        "text": "пойти за грибами",
        "alias": "activity",
        "meta": "@activity",
        "userDefined": true
      },
      {
        "text": " в ",
        "userDefined": false
      },
      {
        "text": "эту пятницу",
        "alias": "date-time",
        "meta": "@sys.date-time",
        "userDefined": true
      },
      {
        "text": " ",
        "userDefined": false
      },
      {
        "text": "Новосибирск",
        "alias": "address",
        "meta": "@sys.location",
        "userDefined": true
      }
    ],
    "isTemplate": false,
    "count": 0,
    "updated": 0
  },
  {
    "id": "8f0da894-167e-4704-b69a-6d16912ca074",
    "data": [
      {
        "text": "погода то что надо для ",
        "userDefined": false
      },
      {
        "text": "похода",
        "alias": "activity",
        "meta": "@activity",
        "userDefined": true
      }
    ],
    "isTemplate": false,
    "count": 0,
    "updated": 0
  },
  {
    "id": "bfe57a6d-cc5c-4eca-88de-f0e2e6add6d9",
    "data": [
      {
        "text": "хочу ",
        "userDefined": false
      },
      {
        "text": "пойти в поход",
        "alias": "activity",
        "meta": "@activity",
        "userDefined": true
      },
      {
        "text": " на улице тепло",
        "userDefined": false
      }
    ],
    "isTemplate": false,
    "count": 1,
    "updated": 0
  },
  {
    "id": "32422d49-0ae1-4745-b984-c6164746415b",
    "data": [
      {
        "text": "собираюсь ",
        "userDefined": false
      },
      {
        "text": "сегодня",
        "alias": "date-time",
        "meta": "@sys.date-time",
        "userDefined": true
      },
      {
        "text": " ",
        "userDefined": false
      },
      {
        "text": "кататься на лыжах",
        "alias": "activity",
        "meta": "@activity",
        "userDefined": true
      },
      {
        "text": " получится",
        "userDefined": false
      }
    ],
    "isTemplate": false,
    "count": 1,
    "updated": 0
  },
  {
    "id": "3b2ae00b-2578-4d89-aacf-8e6ad5a7b47b",
    "data": [
      {
        "text": "можно ",
        "userDefined": false
      },
      {
        "text": "поплавать",
        "alias": "activity",
        "meta": "@activity",
        "userDefined": true
      }
    ],
    "isTemplate": false,
    "count": 0,
    "updated": 0
  },
  {
    "id": "1b392123-dd2c-41ad-8b06-b3afb00ee026",
    "data": [
      {
        "text": "можно ли ",
        "userDefined": false
      },
      {
        "text": "играть в снежки",
        "alias": "activity",
        "meta": "@activity",
        "userDefined": true
      }
    ],
    "isTemplate": false,
    "count": 0,
    "updated": 0
  },
  {
    "id": "21b70658-e3f2-47fd-9c1b-b7ce3f3e10e8",
    "data": [
      {
        "text": "хорошо ты думаешь погода подходит для ",
        "userDefined": false
      },
      {
        "text": "похода",
        "alias": "activity",
        "meta": "@activity",
        "userDefined": true
      }
    ],
    "isTemplate": false,
    "count": 0,
    "updated": 0
  },
  {
    "id": "14302694-a8e7-4999-9ef3-d90e43df3006",
    "data": [
      {
        "text": "вечером",
        "alias": "date-time",
        "meta": "@sys.date-time",
        "userDefined": true
      },
      {
        "text": " собираемся на ",
        "userDefined": false
      },
      {
        "text": "сафари",
        "alias": "activity",
        "meta": "@activity",
        "userDefined": true
      },
      {
        "text": " погода подходит",
        "userDefined": false
      }
    ],
    "isTemplate": false,
    "count": 0,
    "updated": 0
  }
]