[
  {
    "id": "45ed714d-5ad8-47fe-99ed-0bf9f218d1fe",
    "data": [
      {
        "text": "posso ",
        "userDefined": false
      },
      {
        "text": "correr",
        "alias": "activity",
        "meta": "@activity",
        "userDefined": false
      },
      {
        "text": " ",
        "userDefined": false
      },
      {
        "text": "amanhã de manhã",
        "alias": "date-time",
        "meta": "@sys.date-time",
        "userDefined": true
      }
    ],
    "isTemplate": false,
    "count": 0,
    "updated": 0
  },
  {
    "id": "489fd582-90be-4730-85be-4cb5202040da",
    "data": [
      {
        "text": "o tempo está bom para ",
        "userDefined": false
      },
      {
        "text": "surfar",
        "alias": "activity",
        "meta": "@activity",
        "userDefined": false
      },
      {
        "text": " no ",
        "userDefined": false
      },
      {
        "text": "Rio de Janeiro",
        "alias": "address",
        "meta": "@sys.location",
        "userDefined": true
      }
    ],
    "isTemplate": false,
    "count": 0,
    "updated": 0
  },
  {
    "id": "86d576c7-4373-47a0-8122-58c3759c08cf",
    "data": [
      {
        "text": "posso ",
        "userDefined": false
      },
      {
        "text": "nadar",
        "alias": "activity",
        "meta": "@activity",
        "userDefined": false
      },
      {
        "text": " ",
        "userDefined": false
      },
      {
        "text": "amanhã",
        "alias": "date-time",
        "meta": "@sys.date-time",
        "userDefined": false
      },
      {
        "text": " em ",
        "userDefined": false
      },
      {
        "text": "Lisboa",
        "alias": "address",
        "meta": "@sys.location",
        "userDefined": false
      }
    ],
    "isTemplate": false,
    "count": 0,
    "updated": 0
  },
  {
    "id": "26346c96-e40a-47ef-af8e-51f8b16cf35d",
    "data": [
      {
        "text": "pensa que o tempo está mau para ",
        "userDefined": false
      },
      {
        "text": "jogar frisbee",
        "alias": "activity",
        "meta": "@activity",
        "userDefined": true
      }
    ],
    "isTemplate": false,
    "count": 0,
    "updated": 0
  },
  {
    "id": "f68ddf8f-fe3d-4766-89da-6ea0a3e32fb9",
    "data": [
      {
        "text": "o tempo está bom para ",
        "userDefined": false
      },
      {
        "text": "lutas de bolas de neve",
        "alias": "activity",
        "meta": "@activity",
        "userDefined": true
      }
    ],
    "isTemplate": false,
    "count": 0,
    "updated": 0
  },
  {
    "id": "f94c208e-4985-44db-9339-4c8d905cef7f",
    "data": [
      {
        "text": "devo ir ",
        "userDefined": false
      },
      {
        "text": "correr",
        "alias": "activity",
        "meta": "@activity",
        "userDefined": true
      }
    ],
    "isTemplate": false,
    "count": 0,
    "updated": 0
  },
  {
    "id": "45a9539a-8d1a-4aec-90c1-0b60907c1d16",
    "data": [
      {
        "text": "o tempo vai estar bom para ",
        "userDefined": false
      },
      {
        "text": "jogar frisbee",
        "alias": "activity",
        "meta": "@activity",
        "userDefined": true
      },
      {
        "text": " ao ar livre",
        "userDefined": false
      }
    ],
    "isTemplate": false,
    "count": 0,
    "updated": 0
  },
  {
    "id": "2262ab71-4758-4f5d-9004-c60bdf2c24a4",
    "data": [
      {
        "text": "estou a planear ",
        "userDefined": false
      },
      {
        "text": "fazer esqui",
        "alias": "activity",
        "meta": "@activity",
        "userDefined": true
      },
      {
        "text": " ",
        "userDefined": false
      },
      {
        "text": "hoje",
        "alias": "date-time",
        "meta": "@sys.date-time",
        "userDefined": true
      },
      {
        "text": " vai ser possível",
        "userDefined": false
      }
    ],
    "isTemplate": false,
    "count": 0,
    "updated": 0
  },
  {
    "id": "28758013-254a-4e38-924e-b5bee0981013",
    "data": [
      {
        "text": "é boa ideia ",
        "userDefined": false
      },
      {
        "text": "fazer uma caminhada",
        "alias": "activity",
        "meta": "@activity",
        "userDefined": true
      },
      {
        "text": " agora",
        "userDefined": false
      }
    ],
    "isTemplate": false,
    "count": 0,
    "updated": 0
  },
  {
    "id": "c475f33e-5376-465b-ae9f-96f40ea1e7bd",
    "data": [
      {
        "text": "o tempo está bom para ",
        "userDefined": false
      },
      {
        "text": "caminhar",
        "alias": "activity",
        "meta": "@activity",
        "userDefined": true
      }
    ],
    "isTemplate": false,
    "count": 0,
    "updated": 0
  },
  {
    "id": "f1ec0640-74a6-47fb-bc27-4e00beb101db",
    "data": [
      {
        "text": "posso ",
        "userDefined": false
      },
      {
        "text": "fazer surf",
        "alias": "activity",
        "meta": "@activity",
        "userDefined": true
      }
    ],
    "isTemplate": false,
    "count": 0,
    "updated": 0
  },
  {
    "id": "8b133bf5-43ee-40e3-83c8-fe874edcb574",
    "data": [
      {
        "text": "o tempo está suficientemente bom para ",
        "userDefined": false
      },
      {
        "text": "jogar frisbee",
        "alias": "activity",
        "meta": "@activity",
        "userDefined": true
      },
      {
        "text": " lá fora",
        "userDefined": false
      }
    ],
    "isTemplate": false,
    "count": 0,
    "updated": 0
  },
  {
    "id": "d924c9b0-71f6-4681-b5eb-5b65814e2b7c",
    "data": [
      {
        "text": "é uma boa ideia fazer uma ",
        "userDefined": false
      },
      {
        "text": "caminhada",
        "alias": "activity",
        "meta": "@activity",
        "userDefined": true
      },
      {
        "text": " agora",
        "userDefined": false
      }
    ],
    "isTemplate": false,
    "count": 0,
    "updated": 0
  },
  {
    "id": "866faf0b-f1a8-4d94-bf46-b5f9557f66c3",
    "data": [
      {
        "text": "pensa que o tempo está bom para ",
        "userDefined": false
      },
      {
        "text": "ciclismo",
        "alias": "activity",
        "meta": "@activity",
        "userDefined": true
      }
    ],
    "isTemplate": false,
    "count": 0,
    "updated": 0
  }
]