[
  {
    "id": "d7a7142f-ec64-4607-a885-44f1ea5fce53",
    "data": [
      {
        "text": "e a ",
        "userDefined": false
      },
      {
        "text": "Londra",
        "alias": "address",
        "meta": "@sys.location",
        "userDefined": true
      }
    ],
    "isTemplate": false,
    "count": 0,
    "updated": 0
  },
  {
    "id": "3fe1b95e-6f3e-4ce3-9f9f-0efb6af108c8",
    "data": [
      {
        "text": "puoi controllare a ",
        "userDefined": false
      },
      {
        "text": "Matera",
        "alias": "address",
        "meta": "@sys.location",
        "userDefined": true
      }
    ],
    "isTemplate": false,
    "count": 1,
    "updated": 0
  },
  {
    "id": "45eea2e2-4660-41d1-9e36-f32b523e52f4",
    "data": [
      {
        "text": "anche per ",
        "userDefined": false
      },
      {
        "text": "Genova",
        "alias": "address",
        "meta": "@sys.location",
        "userDefined": true
      }
    ],
    "isTemplate": false,
    "count": 0,
    "updated": 0
  },
  {
    "id": "49774edd-ed7f-413e-a0bc-98807dfab1fc",
    "data": [
      {
        "text": "anche a ",
        "userDefined": false
      },
      {
        "text": "Mosca",
        "alias": "address",
        "meta": "@sys.location",
        "userDefined": true
      }
    ],
    "isTemplate": false,
    "count": 0,
    "updated": 0
  },
  {
    "id": "da84f719-1f9a-4404-97d4-032e601bc9b9",
    "data": [
      {
        "text": "a ",
        "userDefined": false
      },
      {
        "text": "Parigi",
        "alias": "address",
        "meta": "@sys.location",
        "userDefined": true
      }
    ],
    "isTemplate": false,
    "count": 0,
    "updated": 0
  },
  {
    "id": "a0dcc400-a723-4acb-9c67-44bb03913046",
    "data": [
      {
        "text": "per ",
        "userDefined": false
      },
      {
        "text": "New York",
        "alias": "address",
        "meta": "@sys.location",
        "userDefined": true
      }
    ],
    "isTemplate": false,
    "count": 0,
    "updated": 0
  },
  {
    "id": "e210658c-368f-4a6d-8da5-e804b0d6e714",
    "data": [
      {
        "text": "e anche per ",
        "userDefined": false
      },
      {
        "text": "Napoli",
        "alias": "address",
        "meta": "@sys.location",
        "userDefined": true
      }
    ],
    "isTemplate": false,
    "count": 0,
    "updated": 0
  },
  {
    "id": "0259630d-0a6b-4737-836a-8ba9407c2c7f",
    "data": [
      {
        "text": "anche per ",
        "userDefined": false
      },
      {
        "text": "Roma",
        "alias": "address",
        "meta": "@sys.location",
        "userDefined": true
      }
    ],
    "isTemplate": false,
    "count": 0,
    "updated": 0
  }
]