[
  {
    "id": "dfcdda11-a165-46d8-94b8-5163aec75b21",
    "data": [
      {
        "text": "明天",
        "alias": "date-time",
        "meta": "@sys.date-time",
        "userDefined": false
      },
      {
        "text": "會",
        "userDefined": false
      },
      {
        "text": "遊泳",
        "alias": "activity",
        "meta": "@activity",
        "userDefined": false
      },
      {
        "text": "嗎",
        "userDefined": false
      }
    ],
    "isTemplate": false,
    "count": 0,
    "updated": 0
  },
  {
    "id": "0dab4e4e-dc50-4e97-8cde-9cb4cc8f0e8c",
    "data": [
      {
        "text": "兩天後",
        "alias": "date-time",
        "meta": "@sys.date-time",
        "userDefined": false
      },
      {
        "text": "會不會",
        "userDefined": false
      },
      {
        "text": "滑翔傘",
        "alias": "activity",
        "meta": "@activity",
        "userDefined": false
      },
      {
        "text": "嗎",
        "userDefined": false
      }
    ],
    "isTemplate": false,
    "count": 0,
    "updated": 0
  },
  {
    "id": "d5fccabf-3156-4137-8a3b-f62f3876132c",
    "data": [
      {
        "text": "下星期日",
        "alias": "date-time",
        "meta": "@sys.date-time",
        "userDefined": false
      },
      {
        "text": "在",
        "userDefined": false
      },
      {
        "text": "新加坡",
        "alias": "address",
        "meta": "@sys.address",
        "userDefined": true
      },
      {
        "text": "可以不可以",
        "userDefined": false
      },
      {
        "text": "打雪仗",
        "alias": "activity",
        "meta": "@activity",
        "userDefined": false
      }
    ],
    "isTemplate": false,
    "count": 0,
    "updated": 0
  },
  {
    "id": "2f4f10f4-039d-495e-8574-7ef4dde74e41",
    "data": [
      {
        "text": "三月三號",
        "alias": "date-time",
        "meta": "@sys.date-time",
        "userDefined": false
      },
      {
        "text": "會不會",
        "userDefined": false
      },
      {
        "text": "沖浪",
        "alias": "activity",
        "meta": "@activity",
        "userDefined": false
      }
    ],
    "isTemplate": false,
    "count": 0,
    "updated": 0
  },
  {
    "id": "ee8ac4fd-8ad5-4dfe-8bbe-5e959d66ee59",
    "data": [
      {
        "text": "北京",
        "alias": "address",
        "meta": "@sys.address",
        "userDefined": false
      },
      {
        "text": "裏面會不會去",
        "userDefined": false
      },
      {
        "text": "滑雪",
        "alias": "activity",
        "meta": "@activity",
        "userDefined": false
      }
    ],
    "isTemplate": false,
    "count": 0,
    "updated": 0
  },
  {
    "id": "ccbd1dfa-a3b2-4965-b72e-f33f1f37b2d5",
    "data": [
      {
        "text": "五天前",
        "alias": "date-time",
        "meta": "@sys.date-time",
        "userDefined": false
      },
      {
        "text": "在",
        "userDefined": false
      },
      {
        "text": "青島",
        "alias": "address",
        "meta": "@sys.address",
        "userDefined": false
      },
      {
        "text": "裏面可能去",
        "userDefined": false
      },
      {
        "text": "風筝",
        "alias": "activity",
        "meta": "@activity",
        "userDefined": false
      },
      {
        "text": "嗎",
        "userDefined": false
      }
    ],
    "isTemplate": false,
    "count": 0,
    "updated": 0
  },
  {
    "id": "fa583ca8-9588-4bdd-a73e-862c9caaeb47",
    "data": [
      {
        "text": "後天",
        "alias": "date-time",
        "meta": "@sys.date-time",
        "userDefined": false
      },
      {
        "text": "我行去",
        "userDefined": false
      },
      {
        "text": "沖浪",
        "alias": "activity",
        "meta": "@activity",
        "userDefined": false
      }
    ],
    "isTemplate": false,
    "count": 0,
    "updated": 0
  },
  {
    "id": "caa8606c-1fa2-48a4-8d30-e7869c41ee37",
    "data": [
      {
        "text": "明天",
        "alias": "date-time",
        "meta": "@sys.date-time",
        "userDefined": false
      },
      {
        "text": "我們會不會去",
        "userDefined": false
      },
      {
        "text": "打雪仗",
        "alias": "activity",
        "meta": "@activity",
        "userDefined": false
      },
      {
        "text": "嗎",
        "userDefined": false
      }
    ],
    "isTemplate": false,
    "count": 0,
    "updated": 0
  },
  {
    "id": "e208a576-1cef-40b5-b5d2-8034dae427d1",
    "data": [
      {
        "text": "明天",
        "alias": "date-time",
        "meta": "@sys.date-time",
        "userDefined": false
      },
      {
        "text": "可以去",
        "userDefined": false
      },
      {
        "text": "露營",
        "alias": "activity",
        "meta": "@activity",
        "userDefined": false
      },
      {
        "text": "嗎",
        "userDefined": false
      }
    ],
    "isTemplate": false,
    "count": 0,
    "updated": 0
  },
  {
    "id": "9e9c868b-82f6-47f8-bbdd-4929568cdbd9",
    "data": [
      {
        "text": "在",
        "userDefined": false
      },
      {
        "text": "杭州",
        "alias": "address",
        "meta": "@sys.address",
        "userDefined": false
      },
      {
        "text": "會不會去",
        "userDefined": false
      },
      {
        "text": "雪橇",
        "alias": "activity",
        "meta": "@activity",
        "userDefined": false
      }
    ],
    "isTemplate": false,
    "count": 0,
    "updated": 0
  },
  {
    "id": "f8f9f0d2-6911-4e24-b4e4-d6ac345a6fd9",
    "data": [
      {
        "text": "明天",
        "alias": "date-time",
        "meta": "@sys.date-time",
        "userDefined": false
      },
      {
        "text": "在",
        "userDefined": false
      },
      {
        "text": "廣州",
        "alias": "address",
        "meta": "@sys.address",
        "userDefined": true
      },
      {
        "text": "可以",
        "userDefined": false
      },
      {
        "text": "攀登",
        "alias": "activity",
        "meta": "@activity",
        "userDefined": false
      },
      {
        "text": "嗎",
        "userDefined": false
      }
    ],
    "isTemplate": false,
    "count": 0,
    "updated": 0
  },
  {
    "id": "02e2f360-c574-44a8-bb67-da86f9e4b7ce",
    "data": [
      {
        "text": "兩個星期後",
        "alias": "date-time",
        "meta": "@sys.date-time",
        "userDefined": false
      },
      {
        "text": "在",
        "userDefined": false
      },
      {
        "text": "武漢",
        "alias": "address",
        "meta": "@sys.address",
        "userDefined": false
      },
      {
        "text": "可能去",
        "userDefined": false
      },
      {
        "text": "皮劃艇",
        "alias": "activity",
        "meta": "@activity",
        "userDefined": false
      },
      {
        "text": "嗎",
        "userDefined": false
      }
    ],
    "isTemplate": false,
    "count": 0,
    "updated": 0
  },
  {
    "id": "0e8c74b6-fd4d-41ef-9e80-b280bb1fbd54",
    "data": [
      {
        "text": "明天",
        "alias": "date-time",
        "meta": "@sys.date-time",
        "userDefined": false
      },
      {
        "text": "會不會去",
        "userDefined": false
      },
      {
        "text": "徒步旅行",
        "alias": "activity",
        "meta": "@activity",
        "userDefined": false
      },
      {
        "text": "嗎",
        "userDefined": false
      }
    ],
    "isTemplate": false,
    "count": 0,
    "updated": 0
  },
  {
    "id": "9f7864d3-147f-48a0-8726-11e915b9f320",
    "data": [
      {
        "text": "明天",
        "alias": "date-time",
        "meta": "@sys.date-time",
        "userDefined": false
      },
      {
        "text": "在",
        "userDefined": false
      },
      {
        "text": "深圳",
        "alias": "address",
        "meta": "@sys.address",
        "userDefined": false
      },
      {
        "text": "我很想去",
        "userDefined": false
      },
      {
        "text": "跑步",
        "alias": "activity",
        "meta": "@activity",
        "userDefined": false
      }
    ],
    "isTemplate": false,
    "count": 0,
    "updated": 0
  },
  {
    "id": "bd981325-849f-451f-b2ef-1933b2f33d8d",
    "data": [
      {
        "text": "現在適合出去",
        "userDefined": false
      },
      {
        "text": "徒步旅行",
        "alias": "activity",
        "meta": "@activity",
        "userDefined": false
      },
      {
        "text": "嗎",
        "userDefined": false
      }
    ],
    "isTemplate": false,
    "count": 1,
    "updated": 0
  },
  {
    "id": "4507cc70-bd37-4edb-a0af-30ceb2bc4849",
    "data": [
      {
        "text": "今天",
        "alias": "date-time",
        "meta": "@sys.date-time",
        "userDefined": false
      },
      {
        "text": "會不會",
        "userDefined": false
      },
      {
        "text": "單板滑雪",
        "alias": "activity",
        "meta": "@activity",
        "userDefined": false
      },
      {
        "text": "嗎",
        "userDefined": false
      }
    ],
    "isTemplate": false,
    "count": 0,
    "updated": 0
  },
  {
    "id": "a3d47112-01af-4d74-be8e-85e5cb961d40",
    "data": [
      {
        "text": "新加坡",
        "alias": "address",
        "meta": "@sys.address",
        "userDefined": false
      },
      {
        "text": "會不會",
        "userDefined": false
      },
      {
        "text": "滑板",
        "alias": "activity",
        "meta": "@activity",
        "userDefined": false
      }
    ],
    "isTemplate": false,
    "count": 0,
    "updated": 0
  },
  {
    "id": "dc1093e8-9617-4d7a-9f1e-a9b195611eea",
    "data": [
      {
        "text": "今天",
        "alias": "date-time",
        "meta": "@sys.date-time",
        "userDefined": false
      },
      {
        "text": "要去",
        "userDefined": false
      },
      {
        "text": "沖浪",
        "alias": "activity",
        "meta": "@activity",
        "userDefined": false
      }
    ],
    "isTemplate": false,
    "count": 0,
    "updated": 0
  },
  {
    "id": "5dc0498a-1616-46c6-a00c-7132d2a37851",
    "data": [
      {
        "text": "今天",
        "alias": "date-time",
        "meta": "@sys.date-time",
        "userDefined": false
      },
      {
        "text": "在",
        "userDefined": false
      },
      {
        "text": "台北",
        "alias": "address",
        "meta": "@sys.address",
        "userDefined": false
      },
      {
        "text": "我會",
        "userDefined": false
      },
      {
        "text": "風筝",
        "alias": "activity",
        "meta": "@activity",
        "userDefined": false
      },
      {
        "text": "嗎",
        "userDefined": false
      }
    ],
    "isTemplate": false,
    "count": 0,
    "updated": 0
  },
  {
    "id": "a5aab862-02ea-40cb-8aa4-a094bd714259",
    "data": [
      {
        "text": "明天",
        "alias": "date-time",
        "meta": "@sys.date-time",
        "userDefined": false
      },
      {
        "text": "在",
        "userDefined": false
      },
      {
        "text": "深圳",
        "alias": "address",
        "meta": "@sys.address",
        "userDefined": false
      },
      {
        "text": "會不會去",
        "userDefined": false
      },
      {
        "text": "風筝沖浪",
        "alias": "activity",
        "meta": "@activity",
        "userDefined": false
      },
      {
        "text": "嗎",
        "userDefined": false
      }
    ],
    "isTemplate": false,
    "count": 0,
    "updated": 0
  },
  {
    "id": "9a1913d2-2f45-4047-af67-bec2adcce139",
    "data": [
      {
        "text": "明天",
        "alias": "date-time",
        "meta": "@sys.date-time",
        "userDefined": false
      },
      {
        "text": "我跟我的朋友一起想去",
        "userDefined": false
      },
      {
        "text": "沖浪",
        "alias": "activity",
        "meta": "@activity",
        "userDefined": false
      },
      {
        "text": "可以嗎嗎",
        "userDefined": false
      }
    ],
    "isTemplate": false,
    "count": 0,
    "updated": 0
  },
  {
    "id": "acf5c6fc-7a53-4f91-a190-f8bdd0798591",
    "data": [
      {
        "text": "現在的天氣適合在戶外玩",
        "userDefined": false
      },
      {
        "text": "飛盤",
        "alias": "activity",
        "meta": "@activity",
        "userDefined": false
      },
      {
        "text": "嗎",
        "userDefined": false
      }
    ],
    "isTemplate": false,
    "count": 0,
    "updated": 0
  },
  {
    "id": "0db1c425-5cf8-4c33-bd19-194799ddf156",
    "data": [
      {
        "text": "明天",
        "alias": "date-time",
        "meta": "@sys.date-time",
        "userDefined": false
      },
      {
        "text": "上海",
        "alias": "address",
        "meta": "@sys.address",
        "userDefined": false
      },
      {
        "text": "會",
        "userDefined": false
      },
      {
        "text": "步行",
        "alias": "activity",
        "meta": "@activity",
        "userDefined": false
      },
      {
        "text": "嗎",
        "userDefined": false
      }
    ],
    "isTemplate": false,
    "count": 0,
    "updated": 0
  }
]