[
  {
    "id": "adce8ac9-99b9-426c-8647-bf3b2db63ce9",
    "data": [
      {
        "text": "我还很想",
        "userDefined": false
      },
      {
        "text": "阵雪",
        "alias": "condition",
        "meta": "@weather-condition",
        "userDefined": false
      }
    ],
    "isTemplate": false,
    "count": 0,
    "updated": 0
  },
  {
    "id": "930142dc-03eb-48e7-abb8-519b53bc3bc8",
    "data": [
      {
        "text": "怎么能",
        "userDefined": false
      },
      {
        "text": "雷雨",
        "alias": "condition",
        "meta": "@weather-condition",
        "userDefined": false
      }
    ],
    "isTemplate": false,
    "count": 0,
    "updated": 0
  },
  {
    "id": "ffeaa329-c287-4197-b683-07cf82a84764",
    "data": [
      {
        "text": "关于",
        "userDefined": false
      },
      {
        "text": "风",
        "alias": "condition",
        "meta": "@weather-condition",
        "userDefined": false
      }
    ],
    "isTemplate": false,
    "count": 0,
    "updated": 0
  },
  {
    "id": "867484a5-9447-4eec-b258-c049fbc4e9ea",
    "data": [
      {
        "text": "能不能",
        "userDefined": false
      },
      {
        "text": "雷暴",
        "alias": "condition",
        "meta": "@weather-condition",
        "userDefined": false
      }
    ],
    "isTemplate": false,
    "count": 0,
    "updated": 0
  },
  {
    "id": "8d6b5006-cc26-414b-b853-15b31a7a3e90",
    "data": [
      {
        "text": "我还要",
        "userDefined": false
      },
      {
        "text": "细雨",
        "alias": "condition",
        "meta": "@weather-condition",
        "userDefined": false
      }
    ],
    "isTemplate": false,
    "count": 0,
    "updated": 0
  },
  {
    "id": "e5bfab40-2d0a-44d5-bad9-050ea1691bc5",
    "data": [
      {
        "text": "还需要",
        "userDefined": false
      },
      {
        "text": "晴朗",
        "alias": "condition",
        "meta": "@weather-condition",
        "userDefined": false
      }
    ],
    "isTemplate": false,
    "count": 0,
    "updated": 0
  },
  {
    "id": "038ac228-c461-4a96-b5ca-cc8da8bc4474",
    "data": [
      {
        "text": "还能不能",
        "userDefined": false
      },
      {
        "text": "太阳",
        "alias": "condition",
        "meta": "@weather-condition",
        "userDefined": false
      }
    ],
    "isTemplate": false,
    "count": 0,
    "updated": 0
  },
  {
    "id": "090bb033-5e76-470a-bd3e-618a8b4774b2",
    "data": [
      {
        "text": "烟雾",
        "alias": "condition",
        "meta": "@weather-condition",
        "userDefined": false
      },
      {
        "text": "呢",
        "userDefined": false
      }
    ],
    "isTemplate": false,
    "count": 1,
    "updated": 0
  },
  {
    "id": "b47acc35-7a1a-4a18-8419-56f8c5ad8e3e",
    "data": [
      {
        "text": "会不会",
        "userDefined": false
      },
      {
        "text": "多云",
        "alias": "condition",
        "meta": "@weather-condition",
        "userDefined": false
      }
    ],
    "isTemplate": false,
    "count": 0,
    "updated": 0
  },
  {
    "id": "a3b6cf79-26b5-4889-86db-d66c6f1ecdcb",
    "data": [
      {
        "text": "现在",
        "userDefined": false
      },
      {
        "text": "下雨",
        "alias": "condition",
        "meta": "@weather-condition",
        "userDefined": false
      }
    ],
    "isTemplate": false,
    "count": 0,
    "updated": 0
  },
  {
    "id": "43c11faf-492b-4d1e-aedb-aa850232c738",
    "data": [
      {
        "text": "还要",
        "userDefined": false
      },
      {
        "text": "多风",
        "alias": "condition",
        "meta": "@weather-condition",
        "userDefined": false
      }
    ],
    "isTemplate": false,
    "count": 0,
    "updated": 0
  }
]