[
  {
    "id": "cff68142-aa0e-452c-814f-88d9fc0e9102",
    "data": [
      {
        "text": "и ",
        "userDefined": false
      },
      {
        "text": "дождь",
        "alias": "condition",
        "meta": "@weather-condition",
        "userDefined": true
      }
    ],
    "isTemplate": false,
    "count": 0,
    "updated": 0
  },
  {
    "id": "0b1dbb21-dd24-44d2-9afb-ae62f06f3299",
    "data": [
      {
        "text": "а ",
        "userDefined": false
      },
      {
        "text": "снег",
        "alias": "condition",
        "meta": "@weather-condition",
        "userDefined": true
      }
    ],
    "isTemplate": false,
    "count": 0,
    "updated": 0
  }
]