[
  {
    "id": "de09eef6-9318-4f80-bb67-a45d20ea775c",
    "data": [
      {
        "text": "我还要",
        "userDefined": false
      },
      {
        "text": "昨天",
        "alias": "date-time",
        "meta": "@sys.date-time",
        "userDefined": false
      }
    ],
    "isTemplate": false,
    "count": 0,
    "updated": 0
  },
  {
    "id": "4eca3927-cd35-4872-a8ce-46d70bda1fd9",
    "data": [
      {
        "text": "会不会",
        "userDefined": false
      },
      {
        "text": "前天",
        "alias": "date-time",
        "meta": "@sys.date-time",
        "userDefined": false
      }
    ],
    "isTemplate": false,
    "count": 0,
    "updated": 0
  },
  {
    "id": "4e14acab-3c7d-43d5-a7fd-5c66231d651d",
    "data": [
      {
        "text": "还要",
        "userDefined": false
      },
      {
        "text": "明天",
        "alias": "date-time",
        "meta": "@sys.date-time",
        "userDefined": false
      }
    ],
    "isTemplate": false,
    "count": 0,
    "updated": 0
  },
  {
    "id": "52587731-26bb-4d0b-9a76-1993d53b7d95",
    "data": [
      {
        "text": "关于",
        "userDefined": false
      },
      {
        "text": "两天后",
        "alias": "date-time",
        "meta": "@sys.date-time",
        "userDefined": true
      }
    ],
    "isTemplate": false,
    "count": 0,
    "updated": 0
  },
  {
    "id": "84673e6d-c57f-4f4f-995b-1cd916822385",
    "data": [
      {
        "text": "能不能",
        "userDefined": false
      },
      {
        "text": "下星期五",
        "alias": "date-time",
        "meta": "@sys.date-time",
        "userDefined": false
      }
    ],
    "isTemplate": false,
    "count": 0,
    "updated": 0
  },
  {
    "id": "ac90e29d-3c3c-4b93-a1ba-5af58f737a00",
    "data": [
      {
        "text": "怎么能",
        "userDefined": false
      },
      {
        "text": "下个星期日",
        "alias": "date-time",
        "meta": "@sys.date-time",
        "userDefined": false
      }
    ],
    "isTemplate": false,
    "count": 0,
    "updated": 0
  },
  {
    "id": "e5a9a78d-8d8a-4471-9e3d-00e2ca54c6e8",
    "data": [
      {
        "text": "还需要",
        "userDefined": false
      },
      {
        "text": "昨天",
        "alias": "date-time",
        "meta": "@sys.date-time",
        "userDefined": false
      }
    ],
    "isTemplate": false,
    "count": 0,
    "updated": 0
  },
  {
    "id": "e8cc50c7-162c-42bd-a78e-4981090c8e18",
    "data": [
      {
        "text": "还要",
        "userDefined": false
      },
      {
        "text": "三天前",
        "alias": "date-time",
        "meta": "@sys.date-time",
        "userDefined": false
      }
    ],
    "isTemplate": false,
    "count": 0,
    "updated": 0
  },
  {
    "id": "5a0bcb7c-a976-4922-bf65-340ce6f8cb1d",
    "data": [
      {
        "text": "星期六",
        "alias": "date-time",
        "meta": "@sys.date-time",
        "userDefined": false
      },
      {
        "text": "呢",
        "userDefined": false
      }
    ],
    "isTemplate": false,
    "count": 0,
    "updated": 0
  },
  {
    "id": "4d3e507f-2ef3-40e5-9a5a-be0d53c9b4f0",
    "data": [
      {
        "text": "我还很想",
        "userDefined": false
      },
      {
        "text": "一月一号",
        "alias": "date-time",
        "meta": "@sys.date-time",
        "userDefined": false
      }
    ],
    "isTemplate": false,
    "count": 0,
    "updated": 0
  },
  {
    "id": "47c5bcdb-de4c-4857-96da-24ab8a224470",
    "data": [
      {
        "text": "还能不能",
        "userDefined": false
      },
      {
        "text": "明天",
        "alias": "date-time",
        "meta": "@sys.date-time",
        "userDefined": false
      }
    ],
    "isTemplate": false,
    "count": 0,
    "updated": 0
  },
  {
    "id": "889cbd32-e75d-497b-898c-816cc25f8bb2",
    "data": [
      {
        "text": "现在",
        "userDefined": false
      },
      {
        "text": "明天",
        "alias": "date-time",
        "meta": "@sys.date-time",
        "userDefined": false
      }
    ],
    "isTemplate": false,
    "count": 0,
    "updated": 0
  },
  {
    "id": "c165e135-d8a8-4119-9daf-d82b0ff215f3",
    "data": [
      {
        "text": "关",
        "meta": "@sys.ignore",
        "userDefined": false
      },
      {
        "text": "于",
        "userDefined": false
      },
      {
        "text": "明天",
        "alias": "date-time",
        "meta": "@sys.date-time",
        "userDefined": false
      }
    ],
    "isTemplate": false,
    "count": 0,
    "updated": 0
  },
  {
    "id": "91e2f452-43e8-4671-aca4-dd0e51ee9d54",
    "data": [
      {
        "text": "明天",
        "alias": "date-time",
        "meta": "@sys.date-time",
        "userDefined": false
      }
    ],
    "isTemplate": false,
    "count": 0,
    "updated": 0
  }
]