[
  {
    "id": "ad3ecdea-bea1-449c-820f-738c14b595b0",
    "data": [
      {
        "text": "e la ",
        "userDefined": false
      },
      {
        "text": "pioggia",
        "alias": "condition",
        "meta": "@weather-condition",
        "userDefined": true
      }
    ],
    "isTemplate": false,
    "count": 0,
    "updated": 0
  },
  {
    "id": "004a8790-5bb6-447c-bbae-bc76ad76e085",
    "data": [
      {
        "text": "e le ",
        "userDefined": false
      },
      {
        "text": "nuvole",
        "alias": "condition",
        "meta": "@weather-condition",
        "userDefined": true
      }
    ],
    "isTemplate": false,
    "count": 0,
    "updated": 0
  },
  {
    "id": "10e70340-cac0-4105-9033-69f7ad784dbd",
    "data": [
      {
        "text": "e ",
        "userDefined": false
      },
      {
        "text": "nevicherà",
        "alias": "condition",
        "meta": "@weather-condition",
        "userDefined": true
      }
    ],
    "isTemplate": false,
    "count": 0,
    "updated": 0
  }
]