[
  {
    "id": "bd24f24f-a77a-4a87-96ec-1bb06d3501bc",
    "data": [
      {
        "text": "switch to ",
        "userDefined": false
      },
      {
        "text": "F",
        "alias": "unit",
        "meta": "@unit-temperature",
        "userDefined": false
      }
    ],
    "isTemplate": false,
    "count": 0,
    "updated": 1510347669
  },
  {
    "id": "ce760d1a-f65d-48ac-8c48-d044125cdf8b",
    "data": [
      {
        "text": "what\u0027s the weather in ",
        "userDefined": false
      },
      {
        "text": "F",
        "alias": "unit",
        "meta": "@unit-temperature",
        "userDefined": true
      }
    ],
    "isTemplate": false,
    "count": 0
  },
  {
    "id": "69ac7feb-a516-4670-a49c-c8e5a5b13c19",
    "data": [
      {
        "text": "switch degrees to ",
        "userDefined": false
      },
      {
        "text": "C",
        "alias": "unit",
        "meta": "@unit-temperature",
        "userDefined": true
      }
    ],
    "isTemplate": false,
    "count": 0
  },
  {
    "id": "69c79ff7-73e0-47c1-99cd-56e435f1e2cc",
    "data": [
      {
        "text": "show weather in ",
        "userDefined": false
      },
      {
        "text": "F",
        "alias": "unit",
        "meta": "@unit-temperature",
        "userDefined": false
      }
    ],
    "isTemplate": false,
    "count": 0,
    "updated": 1510347669
  },
  {
    "id": "72085dc2-87cd-4f32-a5f6-0c95e8c3690c",
    "data": [
      {
        "text": "change temperature units",
        "userDefined": false
      }
    ],
    "isTemplate": false,
    "count": 0,
    "updated": 1510347669
  },
  {
    "id": "9cf20bff-8523-462e-9d0f-dd7f65204a2e",
    "data": [
      {
        "text": "can you say it in ",
        "userDefined": false
      },
      {
        "text": "C",
        "alias": "unit",
        "meta": "@unit-temperature",
        "userDefined": false
      }
    ],
    "isTemplate": false,
    "count": 0
  },
  {
    "id": "d3c12da9-833a-4506-874b-6ee4207d5d8c",
    "data": [
      {
        "text": "weather in ",
        "userDefined": false
      },
      {
        "text": "Fahrenheit degrees",
        "alias": "unit",
        "meta": "@unit-temperature",
        "userDefined": true
      }
    ],
    "isTemplate": false,
    "count": 0
  },
  {
    "id": "6d05dd7a-21d6-439b-b5fb-cad0e744d5a5",
    "data": [
      {
        "text": "switch weather units",
        "userDefined": false
      }
    ],
    "isTemplate": false,
    "count": 0,
    "updated": 1510347669
  },
  {
    "id": "7b72cbee-0701-4a3d-8479-ee8061da2b89",
    "data": [
      {
        "text": "tell me weather in ",
        "userDefined": false
      },
      {
        "text": "Celsius",
        "alias": "unit",
        "meta": "@unit-temperature",
        "userDefined": false
      }
    ],
    "isTemplate": false,
    "count": 0,
    "updated": 1510347669
  }
]