[
  {
    "id": "2c773a97-aea0-4b2e-9868-5526f422f003",
    "data": [
      {
        "text": "我很寂寞",
        "userDefined": false
      }
    ],
    "isTemplate": false,
    "count": 0,
    "updated": 0
  },
  {
    "id": "ea1d559e-7714-4063-83c6-bd5c177f33ee",
    "data": [
      {
        "text": "我觉得孤独",
        "userDefined": false
      }
    ],
    "isTemplate": false,
    "count": 0,
    "updated": 0
  },
  {
    "id": "2377eb0b-4377-4f78-8cd2-f2771fa31698",
    "data": [
      {
        "text": "你觉得孤独吗",
        "userDefined": false
      }
    ],
    "isTemplate": false,
    "count": 0,
    "updated": 0
  },
  {
    "id": "1a7a1f5e-3566-4b9b-ad8e-69efbbdbddf7",
    "data": [
      {
        "text": "我想你觉得孤独",
        "userDefined": false
      }
    ],
    "isTemplate": false,
    "count": 0,
    "updated": 0
  },
  {
    "id": "a3a10754-84d0-467d-af93-8a15ee657480",
    "data": [
      {
        "text": "帮助我我觉得孤独",
        "userDefined": false
      }
    ],
    "isTemplate": false,
    "count": 0,
    "updated": 0
  },
  {
    "id": "1b198665-2836-4a95-b96c-e2569071d98c",
    "data": [
      {
        "text": "我现在觉得孤独",
        "userDefined": false
      }
    ],
    "isTemplate": false,
    "count": 0,
    "updated": 0
  },
  {
    "id": "e0c0bfd0-6fd0-4f90-9dfd-028277fdb493",
    "data": [
      {
        "text": "我觉得很孤独",
        "userDefined": false
      }
    ],
    "isTemplate": false,
    "count": 0,
    "updated": 0
  },
  {
    "id": "5a7e0e1b-e6fa-49fc-b1ee-8305f90de895",
    "data": [
      {
        "text": "我很孤独",
        "userDefined": false
      }
    ],
    "isTemplate": false,
    "count": 0,
    "updated": 0
  },
  {
    "id": "86857855-6090-43cd-91f8-51ce39d92ecf",
    "data": [
      {
        "text": "我非常孤独的",
        "userDefined": false
      }
    ],
    "isTemplate": false,
    "count": 0,
    "updated": 0
  },
  {
    "id": "bd843226-0d3d-4892-8b30-fbb2e4d208b4",
    "data": [
      {
        "text": "我真的很孤单",
        "userDefined": false
      }
    ],
    "isTemplate": false,
    "count": 0,
    "updated": 0
  },
  {
    "id": "1975fd99-aaf6-4c3b-903c-b2192e8d2324",
    "data": [
      {
        "text": "我感到孤独",
        "userDefined": false
      }
    ],
    "isTemplate": false,
    "count": 0,
    "updated": 0
  },
  {
    "id": "eac07e4b-7ae6-4b14-a4f5-140defd4379b",
    "data": [
      {
        "text": "我感到非常孤独",
        "userDefined": false
      }
    ],
    "isTemplate": false,
    "count": 0,
    "updated": 0
  }
]