[
  {
    "id": "ddf7bda8-cf89-4022-bbff-a79fcd73647d",
    "data": [
      {
        "text": "我累了",
        "userDefined": false
      }
    ],
    "isTemplate": false,
    "count": 0,
    "updated": 0
  },
  {
    "id": "71cf3114-dc9e-4a5d-8183-30e505efe54b",
    "data": [
      {
        "text": "我疲劳了",
        "userDefined": false
      }
    ],
    "isTemplate": false,
    "count": 0,
    "updated": 0
  },
  {
    "id": "9629224c-037a-4581-b9f5-07413e2c2d8e",
    "data": [
      {
        "text": "我累了得很",
        "userDefined": false
      }
    ],
    "isTemplate": false,
    "count": 0,
    "updated": 0
  },
  {
    "id": "f248513b-a716-476a-858f-dfa4e7ddca19",
    "data": [
      {
        "text": "我劳累了",
        "userDefined": false
      }
    ],
    "isTemplate": false,
    "count": 0,
    "updated": 0
  },
  {
    "id": "ffe0ec4d-48d7-4c14-bc1f-a42671ee54db",
    "data": [
      {
        "text": "我疲倦了",
        "userDefined": false
      }
    ],
    "isTemplate": false,
    "count": 0,
    "updated": 0
  }
]