[
  {
    "id": "237de134-6644-46ee-be8c-701a3111299e",
    "data": [
      {
        "text": "我很高兴与你谈话",
        "userDefined": false
      }
    ],
    "isTemplate": false,
    "count": 0,
    "updated": 0
  },
  {
    "id": "8fff3579-fb80-476a-b125-ff9559496daa",
    "data": [
      {
        "text": "跟你聊天真好",
        "userDefined": false
      }
    ],
    "isTemplate": false,
    "count": 0,
    "updated": 0
  },
  {
    "id": "96354699-d23a-40b9-bb1c-a61f2666fe29",
    "data": [
      {
        "text": "很高兴可以跟你聊天",
        "userDefined": false
      }
    ],
    "isTemplate": false,
    "count": 0,
    "updated": 0
  },
  {
    "id": "6e45693f-2d89-4cc9-a15c-6c46d2bef8f4",
    "data": [
      {
        "text": "今天聊得很愉快希望下次再有机会",
        "userDefined": false
      }
    ],
    "isTemplate": false,
    "count": 0,
    "updated": 0
  },
  {
    "id": "1aded728-4c1c-49b4-96b8-482550bedf79",
    "data": [
      {
        "text": "跟你谈天说地感觉很好",
        "userDefined": false
      }
    ],
    "isTemplate": false,
    "count": 0,
    "updated": 0
  },
  {
    "id": "50783bb2-1547-4f6f-b383-bcdb618b3234",
    "data": [
      {
        "text": "能可以跟你谈笑风生是我的荣幸",
        "userDefined": false
      }
    ],
    "isTemplate": false,
    "count": 0,
    "updated": 0
  },
  {
    "id": "5986cfc7-a71c-472c-8fdd-ecfb44772893",
    "data": [
      {
        "text": "真是与君一席话胜读十年书",
        "userDefined": false
      }
    ],
    "isTemplate": false,
    "count": 0,
    "updated": 0
  },
  {
    "id": "fac4a11d-6243-4937-b866-90d1b3ed5b5a",
    "data": [
      {
        "text": "跟你说话真是太好了",
        "userDefined": false
      }
    ],
    "isTemplate": false,
    "count": 0,
    "updated": 0
  },
  {
    "id": "1e8cf2a3-c54d-4540-b8a2-19b118801088",
    "data": [
      {
        "text": "跟你说话很好",
        "userDefined": false
      }
    ],
    "isTemplate": false,
    "count": 0,
    "updated": 0
  },
  {
    "id": "beba5644-fc87-4b5f-86e8-c726724b299b",
    "data": [
      {
        "text": "我很高兴与你交谈",
        "userDefined": false
      }
    ],
    "isTemplate": false,
    "count": 0,
    "updated": 0
  },
  {
    "id": "68dbb4e3-0033-4ba7-ad24-bcfa25702a5b",
    "data": [
      {
        "text": "跟你说话很高兴",
        "userDefined": false
      }
    ],
    "isTemplate": false,
    "count": 0,
    "updated": 0
  }
]