[
  {
    "id": "d8343b8f-9eb4-4dd0-94dc-58309f2cf4c8",
    "data": [
      {
        "text": "我不想说话",
        "userDefined": false
      }
    ],
    "isTemplate": false,
    "count": 0,
    "updated": 0
  },
  {
    "id": "20349315-ae5b-4c33-a37c-e1cf574d6692",
    "data": [
      {
        "text": "不要跟你说话",
        "userDefined": false
      }
    ],
    "isTemplate": false,
    "count": 0,
    "updated": 0
  },
  {
    "id": "0f7c6715-7774-4fd9-9dde-6649e353871b",
    "data": [
      {
        "text": "不要谈话跟你",
        "userDefined": false
      }
    ],
    "isTemplate": false,
    "count": 0,
    "updated": 0
  },
  {
    "id": "182473af-793e-4fdd-9b0c-29b17f5db436",
    "data": [
      {
        "text": "我要告诉你",
        "userDefined": false
      }
    ],
    "isTemplate": false,
    "count": 0,
    "updated": 0
  },
  {
    "id": "a46b7bf2-9a48-4a01-80d7-b2c4745c8e28",
    "data": [
      {
        "text": "不要给我说话",
        "userDefined": false
      }
    ],
    "isTemplate": false,
    "count": 0,
    "updated": 0
  },
  {
    "id": "12e6f4b4-6906-4af9-9d75-02ccf63edcb2",
    "data": [
      {
        "text": "别跟我说话",
        "userDefined": false
      }
    ],
    "isTemplate": false,
    "count": 0,
    "updated": 0
  },
  {
    "id": "1004d0c0-526b-4207-a6fc-b1e5685c81ab",
    "data": [
      {
        "text": "闭嘴啊",
        "userDefined": false
      }
    ],
    "isTemplate": false,
    "count": 0,
    "updated": 0
  },
  {
    "id": "d90566e0-caed-4802-857b-8ddef0674be5",
    "data": [
      {
        "text": "我不要说话",
        "userDefined": false
      }
    ],
    "isTemplate": false,
    "count": 0,
    "updated": 0
  },
  {
    "id": "4e9de839-3e2c-4b4a-aa25-3674aa39bfc8",
    "data": [
      {
        "text": "我不想跟你说话",
        "userDefined": false
      }
    ],
    "isTemplate": false,
    "count": 0,
    "updated": 0
  },
  {
    "id": "17f40aa2-96b2-4c7c-90f7-154e75d0bfed",
    "data": [
      {
        "text": "我不要跟你说话",
        "userDefined": false
      }
    ],
    "isTemplate": false,
    "count": 0,
    "updated": 0
  },
  {
    "id": "25af6d1a-db6c-4e3f-82aa-0f19ec6119a6",
    "data": [
      {
        "text": "我不再跟你说话了",
        "userDefined": false
      }
    ],
    "isTemplate": false,
    "count": 0,
    "updated": 0
  },
  {
    "id": "faaeb0f7-37a1-4b55-9e0c-f74025da1ee4",
    "data": [
      {
        "text": "我不想要跟你说话",
        "userDefined": false
      }
    ],
    "isTemplate": false,
    "count": 0,
    "updated": 0
  }
]