{
  "id": "b85d151d-5418-4519-b2f4-9e50bb2b674b",
  "name": "smalltalk.appraisal.well_done",
  "auto": true,
  "contexts": [],
  "responses": [
    {
      "resetContexts": false,
      "action": "smalltalk.appraisal.well_done",
      "affectedContexts": [],
      "parameters": [],
      "defaultResponsePlatforms": {},
      "speech": []
    }
  ],
  "priority": 500000,
  "webhookUsed": false,
  "webhookForSlotFilling": false,
  "lastUpdate": 1493720705586,
  "fallbackIntent": false,
  "events": []
}