[
  {
    "id": "3543ff36-31ae-40e1-9036-3a4569831237",
    "data": [
      {
        "text": "我不管",
        "userDefined": false
      }
    ],
    "isTemplate": false,
    "count": 0,
    "updated": 0
  },
  {
    "id": "6cb0b3ad-9be5-4fb8-9a43-0ffbb59f5853",
    "data": [
      {
        "text": "我不在乎",
        "userDefined": false
      }
    ],
    "isTemplate": false,
    "count": 0,
    "updated": 0
  },
  {
    "id": "50badf10-f164-4968-872b-abe963195e61",
    "data": [
      {
        "text": "我不该在乎",
        "userDefined": false
      }
    ],
    "isTemplate": false,
    "count": 0,
    "updated": 0
  },
  {
    "id": "4f1e8712-99b0-4a91-b5d9-77dde9f4beb1",
    "data": [
      {
        "text": "我正在不在乎",
        "userDefined": false
      }
    ],
    "isTemplate": false,
    "count": 0,
    "updated": 0
  },
  {
    "id": "38710ce0-c2bb-468f-9f35-ebfd103d25e9",
    "data": [
      {
        "text": "我根本不在乎",
        "userDefined": false
      }
    ],
    "isTemplate": false,
    "count": 0,
    "updated": 0
  },
  {
    "id": "d3a89f2d-2c84-48e6-9df0-c22aabdff761",
    "data": [
      {
        "text": "不关心",
        "userDefined": false
      }
    ],
    "isTemplate": false,
    "count": 0,
    "updated": 0
  },
  {
    "id": "49e0f55a-e670-4c0b-abcf-c1f108d1c90b",
    "data": [
      {
        "text": "我不关心",
        "userDefined": false
      }
    ],
    "isTemplate": false,
    "count": 0,
    "updated": 0
  },
  {
    "id": "764e1513-a281-4286-b7a2-57bfbbd531d7",
    "data": [
      {
        "text": "我真的不关心",
        "userDefined": false
      }
    ],
    "isTemplate": false,
    "count": 0,
    "updated": 0
  },
  {
    "id": "2c9b4338-0217-4632-b422-40de32041fae",
    "data": [
      {
        "text": "根本不在乎",
        "userDefined": false
      }
    ],
    "isTemplate": false,
    "count": 0,
    "updated": 0
  },
  {
    "id": "3cb07f2e-9069-4a5d-ab9d-25cc0ec49245",
    "data": [
      {
        "text": "根本不关心",
        "userDefined": false
      }
    ],
    "isTemplate": false,
    "count": 0,
    "updated": 0
  },
  {
    "id": "00c1237b-8c03-4cda-ad50-16066c86280e",
    "data": [
      {
        "text": "我根本不关心",
        "userDefined": false
      }
    ],
    "isTemplate": false,
    "count": 0,
    "updated": 0
  }
]