{
  "id": "2e20d6e7-0c3b-44b5-a7fb-5fd92bef1b0d",
  "name": "smalltalk.greetings.whatsup",
  "auto": true,
  "contexts": [],
  "responses": [
    {
      "resetContexts": false,
      "action": "smalltalk.greetings.whatsup",
      "affectedContexts": [],
      "parameters": [],
      "defaultResponsePlatforms": {},
      "speech": []
    }
  ],
  "priority": 500000,
  "webhookUsed": false,
  "webhookForSlotFilling": false,
  "lastUpdate": 1493720705649,
  "fallbackIntent": false,
  "events": []
}