[
  {
    "id": "6fdaa784-f879-46f9-9e7e-9c010f343648",
    "data": [
      {
        "text": "我很伤心",
        "userDefined": false
      }
    ],
    "isTemplate": false,
    "count": 0,
    "updated": 0
  },
  {
    "id": "4b7236f9-4519-4ea1-bd7c-309fb0365278",
    "data": [
      {
        "text": "我悲哀",
        "userDefined": false
      }
    ],
    "isTemplate": false,
    "count": 0,
    "updated": 0
  },
  {
    "id": "113a0335-20dd-4f06-97f0-f8e73e9c27db",
    "data": [
      {
        "text": "我难过",
        "userDefined": false
      }
    ],
    "isTemplate": false,
    "count": 0,
    "updated": 0
  },
  {
    "id": "bc7ecf67-211a-4b71-be01-5f0d4cf8f575",
    "data": [
      {
        "text": "我悲伤",
        "userDefined": false
      }
    ],
    "isTemplate": false,
    "count": 0,
    "updated": 0
  },
  {
    "id": "b9e80428-0ec1-40f4-a508-2f1f47f2949f",
    "data": [
      {
        "text": "我伤心",
        "userDefined": false
      }
    ],
    "isTemplate": false,
    "count": 0,
    "updated": 0
  },
  {
    "id": "2491a2fe-1796-4201-9fb2-93372bf10dda",
    "data": [
      {
        "text": "我忧愁",
        "userDefined": false
      }
    ],
    "isTemplate": false,
    "count": 0,
    "updated": 0
  },
  {
    "id": "07f0e7e2-1c67-4056-b2aa-dac86a7bb81f",
    "data": [
      {
        "text": "我觉得悲哀",
        "userDefined": false
      }
    ],
    "isTemplate": false,
    "count": 0,
    "updated": 0
  },
  {
    "id": "9c1d61cc-12f3-431c-a6b0-37b851892ddb",
    "data": [
      {
        "text": "我觉得难过",
        "userDefined": false
      }
    ],
    "isTemplate": false,
    "count": 0,
    "updated": 0
  },
  {
    "id": "bc49f3f8-15e0-4fa9-8ad6-f99e1fd49b95",
    "data": [
      {
        "text": "我觉得悲伤",
        "userDefined": false
      }
    ],
    "isTemplate": false,
    "count": 0,
    "updated": 0
  },
  {
    "id": "30129606-a854-4179-ba88-7fbedb78e204",
    "data": [
      {
        "text": "我觉得伤心",
        "userDefined": false
      }
    ],
    "isTemplate": false,
    "count": 0,
    "updated": 0
  },
  {
    "id": "fcc10f77-700e-457e-8ab8-849316158a30",
    "data": [
      {
        "text": "我觉得忧愁",
        "userDefined": false
      }
    ],
    "isTemplate": false,
    "count": 0,
    "updated": 0
  },
  {
    "id": "1121e5f6-fcc8-4413-af4f-9b75fbd37115",
    "data": [
      {
        "text": "我觉得很悲哀",
        "userDefined": false
      }
    ],
    "isTemplate": false,
    "count": 0,
    "updated": 0
  },
  {
    "id": "33f77dee-c22d-45ad-a1d6-a841ccb3a523",
    "data": [
      {
        "text": "我觉得很难过",
        "userDefined": false
      }
    ],
    "isTemplate": false,
    "count": 0,
    "updated": 0
  },
  {
    "id": "dc65364c-d9e3-4c28-80c4-d5bf3344a538",
    "data": [
      {
        "text": "我觉得很悲伤",
        "userDefined": false
      }
    ],
    "isTemplate": false,
    "count": 0,
    "updated": 0
  },
  {
    "id": "2b3623b7-a701-4968-af73-94ac65b18acd",
    "data": [
      {
        "text": "我觉得很伤心",
        "userDefined": false
      }
    ],
    "isTemplate": false,
    "count": 0,
    "updated": 0
  },
  {
    "id": "2c382b5e-c422-4266-bb5e-be8515a3fe40",
    "data": [
      {
        "text": "我觉得很忧愁",
        "userDefined": false
      }
    ],
    "isTemplate": false,
    "count": 0,
    "updated": 0
  },
  {
    "id": "1c14d043-b856-4e87-a029-6c5b66b7916f",
    "data": [
      {
        "text": "我觉非常很悲哀",
        "userDefined": false
      }
    ],
    "isTemplate": false,
    "count": 0,
    "updated": 0
  },
  {
    "id": "84e42327-8e54-4858-a249-a700d3e00828",
    "data": [
      {
        "text": "我觉非常很难过",
        "userDefined": false
      }
    ],
    "isTemplate": false,
    "count": 0,
    "updated": 0
  },
  {
    "id": "cbab9e52-d615-4b2a-b0a2-f7432ca27adc",
    "data": [
      {
        "text": "我觉非常很悲伤",
        "userDefined": false
      }
    ],
    "isTemplate": false,
    "count": 0,
    "updated": 0
  },
  {
    "id": "b73263b1-3cc4-498f-a790-29b2df6f1287",
    "data": [
      {
        "text": "我觉非常很伤心",
        "userDefined": false
      }
    ],
    "isTemplate": false,
    "count": 0,
    "updated": 0
  },
  {
    "id": "916ab4ae-b428-40cd-bda3-434a085c8919",
    "data": [
      {
        "text": "我觉非常很忧愁",
        "userDefined": false
      }
    ],
    "isTemplate": false,
    "count": 0,
    "updated": 0
  }
]