[
  {
    "id": "1e141625-54b8-4d20-b59a-4c66dfeab29a",
    "data": [
      {
        "text": "你好",
        "userDefined": false
      }
    ],
    "isTemplate": false,
    "count": 0,
    "updated": 0
  },
  {
    "id": "ca7beb6d-d693-4177-bf7b-560fffa49d4a",
    "data": [
      {
        "text": "喂",
        "userDefined": false
      }
    ],
    "isTemplate": false,
    "count": 0,
    "updated": 0
  },
  {
    "id": "9fe5e050-25d9-4c0c-8571-523e0175c1cf",
    "data": [
      {
        "text": "嗨",
        "userDefined": false
      }
    ],
    "isTemplate": false,
    "count": 0,
    "updated": 0
  },
  {
    "id": "eb9e0243-2b12-4762-a58d-6064126cbbf4",
    "data": [
      {
        "text": "哈啰",
        "userDefined": false
      }
    ],
    "isTemplate": false,
    "count": 0,
    "updated": 0
  },
  {
    "id": "b6bbc031-438b-410d-8f9c-8b88e96d0b6b",
    "data": [
      {
        "text": "嘿",
        "userDefined": false
      }
    ],
    "isTemplate": false,
    "count": 0,
    "updated": 0
  },
  {
    "id": "0c9548a1-54d3-4240-83dc-3b63add207e3",
    "data": [
      {
        "text": "嗨 你好",
        "userDefined": false
      }
    ],
    "isTemplate": false,
    "count": 0,
    "updated": 0
  },
  {
    "id": "be6ade25-de91-4e5e-9118-cd263a4f6e14",
    "data": [
      {
        "text": "嗨宝贝",
        "userDefined": false
      }
    ],
    "isTemplate": false,
    "count": 0,
    "updated": 0
  },
  {
    "id": "bfb74870-b30e-404f-b2d2-fecbd15b6984",
    "data": [
      {
        "text": "嗨蜜糖",
        "userDefined": false
      }
    ],
    "isTemplate": false,
    "count": 0,
    "updated": 0
  },
  {
    "id": "bce52da1-b00d-489c-841b-dc5e8b26c4a2",
    "data": [
      {
        "text": "嗨美女",
        "userDefined": false
      }
    ],
    "isTemplate": false,
    "count": 0,
    "updated": 0
  },
  {
    "id": "ed416841-a675-4a51-93c5-f54cfd700971",
    "data": [
      {
        "text": "嗨甜心",
        "userDefined": false
      }
    ],
    "isTemplate": false,
    "count": 0,
    "updated": 0
  },
  {
    "id": "4ab40c39-681e-467d-a6f6-af2df783af56",
    "data": [
      {
        "text": "嗨飞飞",
        "userDefined": false
      }
    ],
    "isTemplate": false,
    "count": 0,
    "updated": 0
  },
  {
    "id": "1b057f99-8712-47e3-9f36-d05f9af6fb67",
    "data": [
      {
        "text": "嗨老婆",
        "userDefined": false
      }
    ],
    "isTemplate": false,
    "count": 0,
    "updated": 0
  },
  {
    "id": "a95357ab-a753-480d-856f-1fc5d54dddb4",
    "data": [
      {
        "text": "嗨爱人",
        "userDefined": false
      }
    ],
    "isTemplate": false,
    "count": 0,
    "updated": 0
  },
  {
    "id": "3a3b387a-a162-471a-a703-84bda6fd39c4",
    "data": [
      {
        "text": "嗨可爱的",
        "userDefined": false
      }
    ],
    "isTemplate": false,
    "count": 0,
    "updated": 0
  },
  {
    "id": "95d144f8-2306-4d9d-a679-ed5b28689df1",
    "data": [
      {
        "text": "嗨 亲爱的",
        "userDefined": false
      }
    ],
    "isTemplate": false,
    "count": 0,
    "updated": 0
  },
  {
    "id": "f6308a5d-2596-4759-83f2-2be7c7533c58",
    "data": [
      {
        "text": "嗨你好朋友",
        "userDefined": false
      }
    ],
    "isTemplate": false,
    "count": 0,
    "updated": 0
  },
  {
    "id": "e9e8509f-2a6e-4f99-bc73-7eef070db376",
    "data": [
      {
        "text": "哈啰老婆",
        "userDefined": false
      }
    ],
    "isTemplate": false,
    "count": 0,
    "updated": 0
  },
  {
    "id": "5e41b640-d8ec-492a-800e-e0bb5c80783d",
    "data": [
      {
        "text": "哈啰飞飞",
        "userDefined": false
      }
    ],
    "isTemplate": false,
    "count": 0,
    "updated": 0
  },
  {
    "id": "fd9efcb6-83bc-40f0-ae29-66ac64f7bbfa",
    "data": [
      {
        "text": "哈啰宝贝",
        "userDefined": false
      }
    ],
    "isTemplate": false,
    "count": 0,
    "updated": 0
  },
  {
    "id": "fe28bca8-dc96-489b-8d32-2826a953afc8",
    "data": [
      {
        "text": "哈啰美女",
        "userDefined": false
      }
    ],
    "isTemplate": false,
    "count": 0,
    "updated": 0
  },
  {
    "id": "1462ae48-3e6c-44fd-b895-3028807b9c48",
    "data": [
      {
        "text": "哈啰甜心",
        "userDefined": false
      }
    ],
    "isTemplate": false,
    "count": 0,
    "updated": 0
  },
  {
    "id": "10b970e6-e251-4999-99a2-024a358688cf",
    "data": [
      {
        "text": "哈啰朋友",
        "userDefined": false
      }
    ],
    "isTemplate": false,
    "count": 0,
    "updated": 0
  },
  {
    "id": "888d8fe2-49f3-4e32-b6db-a264bce30f25",
    "data": [
      {
        "text": "哈啰你好",
        "userDefined": false
      }
    ],
    "isTemplate": false,
    "count": 0,
    "updated": 0
  },
  {
    "id": "7a7cfb35-4a07-4537-8fe0-0f509df874b8",
    "data": [
      {
        "text": "哈啰我亲爱的",
        "userDefined": false
      }
    ],
    "isTemplate": false,
    "count": 0,
    "updated": 0
  },
  {
    "id": "a940c358-5e0c-4413-95c6-aa4b85338e56",
    "data": [
      {
        "text": "嘿 你好",
        "userDefined": false
      }
    ],
    "isTemplate": false,
    "count": 0,
    "updated": 0
  },
  {
    "id": "00774830-6cc3-4209-92df-ca618fabb852",
    "data": [
      {
        "text": "嘿老婆",
        "userDefined": false
      }
    ],
    "isTemplate": false,
    "count": 0,
    "updated": 0
  },
  {
    "id": "5efc5e2d-8367-4d76-a3c3-6d2e6ba38e56",
    "data": [
      {
        "text": "嘿飞飞",
        "userDefined": false
      }
    ],
    "isTemplate": false,
    "count": 0,
    "updated": 0
  },
  {
    "id": "808e1e60-97a6-4c9f-8e73-901b1fed86ce",
    "data": [
      {
        "text": "嘿美女",
        "userDefined": false
      }
    ],
    "isTemplate": false,
    "count": 0,
    "updated": 0
  },
  {
    "id": "41043857-d238-4951-9b87-5c3dd3d4f955",
    "data": [
      {
        "text": "嘿伙伴",
        "userDefined": false
      }
    ],
    "isTemplate": false,
    "count": 0,
    "updated": 0
  },
  {
    "id": "53686ef4-be4b-4f2e-8595-7bff1350418a",
    "data": [
      {
        "text": "嘿女孩",
        "userDefined": false
      }
    ],
    "isTemplate": false,
    "count": 0,
    "updated": 0
  },
  {
    "id": "c9493059-5916-4c50-bfbe-3dbd2d17017c",
    "data": [
      {
        "text": "嘿助手",
        "userDefined": false
      }
    ],
    "isTemplate": false,
    "count": 0,
    "updated": 0
  },
  {
    "id": "091d78c9-3d58-4e9c-80bc-c6a50c44fdf3",
    "data": [
      {
        "text": "嘿可爱的",
        "userDefined": false
      }
    ],
    "isTemplate": false,
    "count": 0,
    "updated": 0
  },
  {
    "id": "7099748e-53e6-42e4-9d98-69a3cc62b23e",
    "data": [
      {
        "text": "只想给你打个招呼",
        "userDefined": false
      }
    ],
    "isTemplate": false,
    "count": 0,
    "updated": 0
  },
  {
    "id": "ad1a7bd5-a328-4606-990a-6c32a3d8fdae",
    "data": [
      {
        "text": "美好的一天对吧",
        "userDefined": false
      }
    ],
    "isTemplate": false,
    "count": 0,
    "updated": 0
  },
  {
    "id": "0de5b046-f799-4765-906b-4f009f74c118",
    "data": [
      {
        "text": "再一次问好",
        "userDefined": false
      }
    ],
    "isTemplate": false,
    "count": 0,
    "updated": 0
  },
  {
    "id": "b2629cdb-296a-4878-aae7-01b8a94777e5",
    "data": [
      {
        "text": "好久不见",
        "userDefined": false
      }
    ],
    "isTemplate": false,
    "count": 0,
    "updated": 0
  },
  {
    "id": "0650939b-1748-4bf6-8190-76450168f535",
    "data": [
      {
        "text": "哈喽",
        "userDefined": false
      }
    ],
    "isTemplate": false,
    "count": 0,
    "updated": 0
  },
  {
    "id": "20331897-ee13-4eab-a2eb-024d3e51e193",
    "data": [
      {
        "text": "你好啊",
        "userDefined": false
      }
    ],
    "isTemplate": false,
    "count": 0,
    "updated": 0
  },
  {
    "id": "6dcd36b7-345f-47d0-8855-78ec8139c58e",
    "data": [
      {
        "text": "嘿嘿",
        "userDefined": false
      }
    ],
    "isTemplate": false,
    "count": 0,
    "updated": 0
  }
]