[
  {
    "id": "88f0321b-f3fa-4af7-b3e2-88ffd74e9837",
    "data": [
      {
        "text": "我很生气",
        "userDefined": false
      }
    ],
    "isTemplate": false,
    "count": 0,
    "updated": 0
  },
  {
    "id": "9a84e253-56f3-455d-b2ed-5f470a34b535",
    "data": [
      {
        "text": "我发怒的",
        "userDefined": false
      }
    ],
    "isTemplate": false,
    "count": 0,
    "updated": 0
  },
  {
    "id": "a4972cbf-e3fe-440a-9bbd-9d773516da57",
    "data": [
      {
        "text": "我愤怒的",
        "userDefined": false
      }
    ],
    "isTemplate": false,
    "count": 0,
    "updated": 0
  },
  {
    "id": "f600c390-2ce5-44b6-914f-60857e83c9c7",
    "data": [
      {
        "text": "我生气的",
        "userDefined": false
      }
    ],
    "isTemplate": false,
    "count": 0,
    "updated": 0
  },
  {
    "id": "c55913e9-abc3-4a36-bd75-a0aafa438a44",
    "data": [
      {
        "text": "我很发怒的",
        "userDefined": false
      }
    ],
    "isTemplate": false,
    "count": 0,
    "updated": 0
  },
  {
    "id": "bfdf549d-965f-417b-97ed-e16dd2ff3dde",
    "data": [
      {
        "text": "我很愤怒的",
        "userDefined": false
      }
    ],
    "isTemplate": false,
    "count": 0,
    "updated": 0
  },
  {
    "id": "deefb7b5-1c81-4321-88ac-30f4f89b7489",
    "data": [
      {
        "text": "我很生气的",
        "userDefined": false
      }
    ],
    "isTemplate": false,
    "count": 0,
    "updated": 0
  },
  {
    "id": "c9105940-3a59-44cd-b4c0-f8bd640e25b9",
    "data": [
      {
        "text": "我觉得很发怒的",
        "userDefined": false
      }
    ],
    "isTemplate": false,
    "count": 0,
    "updated": 0
  },
  {
    "id": "c2d6a9c0-6b49-4a7d-892e-ac64720c4120",
    "data": [
      {
        "text": "我觉得很愤怒的",
        "userDefined": false
      }
    ],
    "isTemplate": false,
    "count": 0,
    "updated": 0
  },
  {
    "id": "84ce701e-22da-47cf-9de1-fb79247744a9",
    "data": [
      {
        "text": "我觉得很生气的",
        "userDefined": false
      }
    ],
    "isTemplate": false,
    "count": 0,
    "updated": 0
  }
]