{
  "id": "219efabe-612b-46d5-9adf-34bd44182e6e",
  "name": "smalltalk.appraisal.no_problem",
  "auto": true,
  "contexts": [],
  "responses": [
    {
      "resetContexts": false,
      "action": "smalltalk.appraisal.no_problem",
      "affectedContexts": [],
      "parameters": [],
      "defaultResponsePlatforms": {},
      "speech": []
    }
  ],
  "priority": 500000,
  "webhookUsed": false,
  "webhookForSlotFilling": false,
  "lastUpdate": 1493720705581,
  "fallbackIntent": false,
  "events": []
}