{
  "id": "90abb667-20a1-46ec-bea5-bda6e77041bc",
  "name": "smalltalk.user.needs_advice",
  "auto": true,
  "contexts": [],
  "responses": [
    {
      "resetContexts": false,
      "action": "smalltalk.user.needs_advice",
      "affectedContexts": [],
      "parameters": [],
      "defaultResponsePlatforms": {},
      "speech": []
    }
  ],
  "priority": 500000,
  "webhookUsed": false,
  "webhookForSlotFilling": false,
  "lastUpdate": 1493720705688,
  "fallbackIntent": false,
  "events": []
}