[
  {
    "id": "9c5e2b7b-084f-42d5-9047-016d047c9f7a",
    "data": [
      {
        "text": "我觉得很困",
        "userDefined": false
      }
    ],
    "isTemplate": false,
    "count": 0,
    "updated": 0
  },
  {
    "id": "10f16aff-1f23-4b79-acd4-5d704b3f7dc3",
    "data": [
      {
        "text": "我困倦的",
        "userDefined": false
      }
    ],
    "isTemplate": false,
    "count": 0,
    "updated": 0
  },
  {
    "id": "cda57b6d-e462-4ed4-85ae-f92463ec88d6",
    "data": [
      {
        "text": "我瞌睡的",
        "userDefined": false
      }
    ],
    "isTemplate": false,
    "count": 0,
    "updated": 0
  },
  {
    "id": "006f1a71-2014-4d92-b8fd-bdf5589e8d8f",
    "data": [
      {
        "text": "我觉得困倦的",
        "userDefined": false
      }
    ],
    "isTemplate": false,
    "count": 0,
    "updated": 0
  },
  {
    "id": "2320f486-6613-47a6-8ff2-91f815c66edb",
    "data": [
      {
        "text": "我觉得瞌睡的",
        "userDefined": false
      }
    ],
    "isTemplate": false,
    "count": 0,
    "updated": 0
  },
  {
    "id": "509eb087-f302-4631-9cce-98c76cafe422",
    "data": [
      {
        "text": "我觉得很困倦的",
        "userDefined": false
      }
    ],
    "isTemplate": false,
    "count": 0,
    "updated": 0
  },
  {
    "id": "0e454f25-ed9a-4bd8-86f6-3e218b48aed5",
    "data": [
      {
        "text": "我觉得很瞌睡的",
        "userDefined": false
      }
    ],
    "isTemplate": false,
    "count": 0,
    "updated": 0
  },
  {
    "id": "972e3217-c03d-460e-bec1-d50e1b850db9",
    "data": [
      {
        "text": "我觉得非常困倦的",
        "userDefined": false
      }
    ],
    "isTemplate": false,
    "count": 0,
    "updated": 0
  },
  {
    "id": "55b73277-0ba6-4d25-a581-c3b681cf1ab4",
    "data": [
      {
        "text": "我觉得非常瞌睡的",
        "userDefined": false
      }
    ],
    "isTemplate": false,
    "count": 0,
    "updated": 0
  },
  {
    "id": "0fa14189-f228-4952-b7ac-77862a94797e",
    "data": [
      {
        "text": "我觉得困倦的怎么办",
        "userDefined": false
      }
    ],
    "isTemplate": false,
    "count": 0,
    "updated": 0
  },
  {
    "id": "34380af9-dfa3-47ee-bbd0-ed95ca12b1fe",
    "data": [
      {
        "text": "我觉得瞌睡的怎么办",
        "userDefined": false
      }
    ],
    "isTemplate": false,
    "count": 0,
    "updated": 0
  }
]