[
  {
    "id": "b7c241aa-8530-4600-9863-baf65f788496",
    "data": [
      {
        "text": "我该是什么样子",
        "userDefined": false
      }
    ],
    "isTemplate": false,
    "count": 0,
    "updated": 0
  },
  {
    "id": "5517b579-23f8-4401-a126-f6ed0338b261",
    "data": [
      {
        "text": "我看起来怎么样",
        "userDefined": false
      }
    ],
    "isTemplate": false,
    "count": 0,
    "updated": 0
  },
  {
    "id": "bd0c3ce2-22b7-4094-afb3-cfddc6bd580c",
    "data": [
      {
        "text": "我看上去怎么样",
        "userDefined": false
      }
    ],
    "isTemplate": false,
    "count": 0,
    "updated": 0
  },
  {
    "id": "cabd6afd-c243-4744-b1dd-6408e188e5b5",
    "data": [
      {
        "text": "我看起来什么人",
        "userDefined": false
      }
    ],
    "isTemplate": false,
    "count": 0,
    "updated": 0
  },
  {
    "id": "bd2f825b-4976-4a54-bcea-79e66e20ca5c",
    "data": [
      {
        "text": "我看上去什么人",
        "userDefined": false
      }
    ],
    "isTemplate": false,
    "count": 0,
    "updated": 0
  },
  {
    "id": "d6419ea5-31f6-4864-81f0-a032585787e3",
    "data": [
      {
        "text": "我看起来像什么人",
        "userDefined": false
      }
    ],
    "isTemplate": false,
    "count": 0,
    "updated": 0
  }
]