[
  {
    "id": "535366cb-9a71-4533-a75f-d873ea08ca4e",
    "data": [
      {
        "text": "哈哈",
        "userDefined": false
      }
    ],
    "isTemplate": false,
    "count": 0,
    "updated": 0
  },
  {
    "id": "b2825724-e719-4a5d-a3ce-e90782926ca4",
    "data": [
      {
        "text": "哈哈哈",
        "userDefined": false
      }
    ],
    "isTemplate": false,
    "count": 0,
    "updated": 0
  },
  {
    "id": "692fab31-8711-452e-b99e-5b31deddac87",
    "data": [
      {
        "text": "xd",
        "userDefined": false
      }
    ],
    "isTemplate": false,
    "count": 0,
    "updated": 0
  },
  {
    "id": "96c7ee2f-2e9d-4e8f-ba90-08ce9fa66216",
    "data": [
      {
        "text": "啊啊啊",
        "userDefined": false
      }
    ],
    "isTemplate": false,
    "count": 0,
    "updated": 0
  },
  {
    "id": "2f1fc2b1-c1dd-45fe-974e-c60bba32433d",
    "data": [
      {
        "text": "哈哈哈哈",
        "userDefined": false
      }
    ],
    "isTemplate": false,
    "count": 0,
    "updated": 0
  },
  {
    "id": "f81dd0db-f1ce-4a47-a99f-1b0b131a0be6",
    "data": [
      {
        "text": "lmao",
        "userDefined": false
      }
    ],
    "isTemplate": false,
    "count": 0,
    "updated": 0
  },
  {
    "id": "9b421a49-2e60-4ed6-aebf-ca98cc4e3c1f",
    "data": [
      {
        "text": "那很好笑",
        "userDefined": false
      }
    ],
    "isTemplate": false,
    "count": 0,
    "updated": 0
  },
  {
    "id": "c1a8e028-a7fc-40ad-89a3-86213d524014",
    "data": [
      {
        "text": "啊",
        "userDefined": false
      }
    ],
    "isTemplate": false,
    "count": 0,
    "updated": 0
  },
  {
    "id": "7c99c375-0cc9-4bf3-864f-70b6140c9cb7",
    "data": [
      {
        "text": "啊啊",
        "userDefined": false
      }
    ],
    "isTemplate": false,
    "count": 0,
    "updated": 0
  },
  {
    "id": "364b9308-67d9-4455-8c94-a19503417069",
    "data": [
      {
        "text": "阿哈哈",
        "userDefined": false
      }
    ],
    "isTemplate": false,
    "count": 0,
    "updated": 0
  },
  {
    "id": "c85160a8-12d2-4d55-8264-e2ebf50e2fda",
    "data": [
      {
        "text": "阿哈哈哈",
        "userDefined": false
      }
    ],
    "isTemplate": false,
    "count": 0,
    "updated": 0
  },
  {
    "id": "a16440fb-4b13-4fd7-a835-cf8269bc2174",
    "data": [
      {
        "text": "哈",
        "userDefined": false
      }
    ],
    "isTemplate": false,
    "count": 0,
    "updated": 0
  },
  {
    "id": "6d4e7f04-0048-43b4-8433-d35d2eaa8c84",
    "data": [
      {
        "text": "呵呵",
        "userDefined": false
      }
    ],
    "isTemplate": false,
    "count": 0,
    "updated": 0
  },
  {
    "id": "63376ce3-55a4-48f1-969b-e50df599b865",
    "data": [
      {
        "text": "哈哈有趣",
        "userDefined": false
      }
    ],
    "isTemplate": false,
    "count": 0,
    "updated": 0
  },
  {
    "id": "7ef43ff6-93dd-4d9c-a06f-4d096fc8cb21",
    "data": [
      {
        "text": "哈哈哈哈哈哈",
        "userDefined": false
      }
    ],
    "isTemplate": false,
    "count": 0,
    "updated": 0
  },
  {
    "id": "25ed54a9-b685-4978-bbcc-960461df492b",
    "data": [
      {
        "text": "哈哈很有趣",
        "userDefined": false
      }
    ],
    "isTemplate": false,
    "count": 0,
    "updated": 0
  },
  {
    "id": "b3db1883-350d-4ae2-ad95-58c23b18d879",
    "data": [
      {
        "text": "哈哈很好笑",
        "userDefined": false
      }
    ],
    "isTemplate": false,
    "count": 0,
    "updated": 0
  },
  {
    "id": "824fe9d6-1d55-43ea-9a8f-2fada6f9f94e",
    "data": [
      {
        "text": "哈哈哈有趣",
        "userDefined": false
      }
    ],
    "isTemplate": false,
    "count": 0,
    "updated": 0
  },
  {
    "id": "ea98de4d-62b7-48ac-b9d7-080716124a23",
    "data": [
      {
        "text": "哈哈哈很好笑",
        "userDefined": false
      }
    ],
    "isTemplate": false,
    "count": 0,
    "updated": 0
  },
  {
    "id": "db49cbe4-772e-4fa6-88f7-81e2084fd3b0",
    "data": [
      {
        "text": "你能笑吗",
        "userDefined": false
      }
    ],
    "isTemplate": false,
    "count": 0,
    "updated": 0
  },
  {
    "id": "f42afeb4-21cb-453b-962b-9699991d709b",
    "data": [
      {
        "text": "你可以笑吗",
        "userDefined": false
      }
    ],
    "isTemplate": false,
    "count": 0,
    "updated": 0
  },
  {
    "id": "112f7dbd-c899-4b84-9dab-75796335e853",
    "data": [
      {
        "text": "你笑吗",
        "userDefined": false
      }
    ],
    "isTemplate": false,
    "count": 0,
    "updated": 0
  },
  {
    "id": "395fc433-509e-43d5-a568-fcfd7707b1c5",
    "data": [
      {
        "text": "我想听你笑",
        "userDefined": false
      }
    ],
    "isTemplate": false,
    "count": 0,
    "updated": 0
  },
  {
    "id": "637601a9-a045-4682-8bc1-2f617824f9f6",
    "data": [
      {
        "text": "对我笑吧",
        "userDefined": false
      }
    ],
    "isTemplate": false,
    "count": 0,
    "updated": 0
  },
  {
    "id": "ba89d37d-aa16-4cc4-bc91-41a34426afa8",
    "data": [
      {
        "text": "你知道怎么笑吗",
        "userDefined": false
      }
    ],
    "isTemplate": false,
    "count": 0,
    "updated": 0
  },
  {
    "id": "3d44f027-6293-45e8-8d69-242d32d7f2bf",
    "data": [
      {
        "text": "我希望你能笑",
        "userDefined": false
      }
    ],
    "isTemplate": false,
    "count": 0,
    "updated": 0
  }
]