[
  {
    "id": "31f81f1c-6092-4e6a-b73d-a60c4108d2f7",
    "data": [
      {
        "text": "晚上好",
        "userDefined": false
      }
    ],
    "isTemplate": false,
    "count": 0,
    "updated": 0
  },
  {
    "id": "6f184ac7-e4a4-4b41-be17-bf5b0650f43e",
    "data": [
      {
        "text": "嗨晚上好",
        "userDefined": false
      }
    ],
    "isTemplate": false,
    "count": 0,
    "updated": 0
  },
  {
    "id": "eebeb885-a9b1-4382-9051-421ab256aa7e",
    "data": [
      {
        "text": "哈啰晚上好",
        "userDefined": false
      }
    ],
    "isTemplate": false,
    "count": 0,
    "updated": 0
  },
  {
    "id": "e1b1b79b-0a38-4a46-94f6-992f9172cdda",
    "data": [
      {
        "text": "晚上好 谢谢",
        "userDefined": false
      }
    ],
    "isTemplate": false,
    "count": 0,
    "updated": 0
  },
  {
    "id": "b6127f61-a627-4e58-a500-9e44c2665b4d",
    "data": [
      {
        "text": "晚上好 朋友",
        "userDefined": false
      }
    ],
    "isTemplate": false,
    "count": 0,
    "updated": 0
  },
  {
    "id": "8359f77e-20a4-41e7-a71d-5bc1defa298b",
    "data": [
      {
        "text": "晚上好 蜜糖",
        "userDefined": false
      }
    ],
    "isTemplate": false,
    "count": 0,
    "updated": 0
  },
  {
    "id": "2fbaa952-1d17-4fbf-bdae-7d2b03af005c",
    "data": [
      {
        "text": "晚上好美女",
        "userDefined": false
      }
    ],
    "isTemplate": false,
    "count": 0,
    "updated": 0
  },
  {
    "id": "8d079035-1576-43a1-b927-66a58d7d9830",
    "data": [
      {
        "text": "晚上好老婆",
        "userDefined": false
      }
    ],
    "isTemplate": false,
    "count": 0,
    "updated": 0
  },
  {
    "id": "9c12c0d0-cfeb-4344-b232-76dc9fd48451",
    "data": [
      {
        "text": "晚上好爱人",
        "userDefined": false
      }
    ],
    "isTemplate": false,
    "count": 0,
    "updated": 0
  },
  {
    "id": "9ddea923-72f9-449f-b4f7-5fa6cb41166f",
    "data": [
      {
        "text": "晚上好飞飞",
        "userDefined": false
      }
    ],
    "isTemplate": false,
    "count": 0,
    "updated": 0
  },
  {
    "id": "08d8a247-fc79-4ff8-972d-ac89949239e9",
    "data": [
      {
        "text": "晚上好宝贝",
        "userDefined": false
      }
    ],
    "isTemplate": false,
    "count": 0,
    "updated": 0
  },
  {
    "id": "5117bd59-dab2-4a66-95ee-bd9f8d05ae93",
    "data": [
      {
        "text": "晚上好甜心",
        "userDefined": false
      }
    ],
    "isTemplate": false,
    "count": 0,
    "updated": 0
  },
  {
    "id": "b846e6b2-0534-4f71-b8f0-99a1e4d2c283",
    "data": [
      {
        "text": "晚上好伙伴",
        "userDefined": false
      }
    ],
    "isTemplate": false,
    "count": 0,
    "updated": 0
  },
  {
    "id": "14620b29-45b5-4ccb-9b83-2e0d5c0e0a96",
    "data": [
      {
        "text": "晚上好女孩",
        "userDefined": false
      }
    ],
    "isTemplate": false,
    "count": 0,
    "updated": 0
  },
  {
    "id": "34da82c2-c4dc-4a2f-9681-d31af7504cd9",
    "data": [
      {
        "text": "晚上好助手",
        "userDefined": false
      }
    ],
    "isTemplate": false,
    "count": 0,
    "updated": 0
  },
  {
    "id": "8fbec2d7-cf4b-4b22-ba6b-e72e52d57e0f",
    "data": [
      {
        "text": "晚上好可爱的",
        "userDefined": false
      }
    ],
    "isTemplate": false,
    "count": 0,
    "updated": 0
  },
  {
    "id": "58ff6c2f-99b4-4f32-ba87-a3e2a3ab1f50",
    "data": [
      {
        "text": "晚上好心爱的",
        "userDefined": false
      }
    ],
    "isTemplate": false,
    "count": 0,
    "updated": 0
  },
  {
    "id": "88df0840-8d7d-4a52-b92d-e081c2c53b2d",
    "data": [
      {
        "text": "晚上好 我亲爱的",
        "userDefined": false
      }
    ],
    "isTemplate": false,
    "count": 0,
    "updated": 0
  },
  {
    "id": "673cb67b-9faf-404d-9c14-95ba18557876",
    "data": [
      {
        "text": "晚上好亲爱的朋友",
        "userDefined": false
      }
    ],
    "isTemplate": false,
    "count": 0,
    "updated": 0
  },
  {
    "id": "c8cffd01-a875-490d-845a-9a239a67ff76",
    "data": [
      {
        "text": "祝你晚上好",
        "userDefined": false
      }
    ],
    "isTemplate": false,
    "count": 0,
    "updated": 0
  },
  {
    "id": "95abd973-89dc-4949-94b8-23dd6b02a7c7",
    "data": [
      {
        "text": "祝你有一个愉快的晚上",
        "userDefined": false
      }
    ],
    "isTemplate": false,
    "count": 0,
    "updated": 0
  },
  {
    "id": "b37d59fb-89c6-4aba-96eb-02a390c71eb9",
    "data": [
      {
        "text": "祝你有一个美好的晚上",
        "userDefined": false
      }
    ],
    "isTemplate": false,
    "count": 0,
    "updated": 0
  },
  {
    "id": "1e77d69b-1c5e-4f2e-9b35-1727c0eeb0d2",
    "data": [
      {
        "text": "美好的夜晚对吗",
        "userDefined": false
      }
    ],
    "isTemplate": false,
    "count": 0,
    "updated": 0
  }
]