{
  "id": "36f7cf1a-8142-4fad-b5d1-ff8ba819b979",
  "name": "smalltalk.greetings.goodnight",
  "auto": true,
  "contexts": [],
  "responses": [
    {
      "resetContexts": false,
      "action": "smalltalk.greetings.goodnight",
      "affectedContexts": [],
      "parameters": [],
      "defaultResponsePlatforms": {},
      "speech": []
    }
  ],
  "priority": 500000,
  "webhookUsed": false,
  "webhookForSlotFilling": false,
  "lastUpdate": 1493720705620,
  "fallbackIntent": false,
  "events": []
}