[
  {
    "id": "6c76f390-80f7-49a7-9e30-9871f1c72624",
    "data": [
      {
        "text": "你好吗",
        "userDefined": false
      }
    ],
    "isTemplate": false,
    "count": 0,
    "updated": 0
  },
  {
    "id": "7c2e5c17-0e46-4f9b-bfbb-4d30615ddad5",
    "data": [
      {
        "text": "你吃饭了吗",
        "userDefined": false
      }
    ],
    "isTemplate": false,
    "count": 0,
    "updated": 0
  },
  {
    "id": "bf6c952e-0f98-4bc1-b844-ca3986db975f",
    "data": [
      {
        "text": "你吃饭了没有",
        "userDefined": false
      }
    ],
    "isTemplate": false,
    "count": 0,
    "updated": 0
  },
  {
    "id": "b7930113-e365-48ca-b646-444964fed10c",
    "data": [
      {
        "text": "你怎么了",
        "userDefined": false
      }
    ],
    "isTemplate": false,
    "count": 0,
    "updated": 0
  },
  {
    "id": "2018b816-70ce-4c54-8d2b-a36d81abb45c",
    "data": [
      {
        "text": "你还好吗",
        "userDefined": false
      }
    ],
    "isTemplate": false,
    "count": 0,
    "updated": 0
  },
  {
    "id": "4a0314f8-37ee-4400-9cce-a91727c76e65",
    "data": [
      {
        "text": "妳心情好吗",
        "userDefined": false
      }
    ],
    "isTemplate": false,
    "count": 0,
    "updated": 0
  },
  {
    "id": "6179e17f-e47e-437e-9d4d-18ec80cbea1c",
    "data": [
      {
        "text": "哈啰你好吗",
        "userDefined": false
      }
    ],
    "isTemplate": false,
    "count": 0,
    "updated": 0
  },
  {
    "id": "28e5cfdb-fed4-4951-82b0-0599ccb31627",
    "data": [
      {
        "text": "你高兴吗",
        "userDefined": false
      }
    ],
    "isTemplate": false,
    "count": 0,
    "updated": 0
  },
  {
    "id": "6f5d44a7-80b6-4eb6-8a6d-91442c141b5e",
    "data": [
      {
        "text": "你开心吗",
        "userDefined": false
      }
    ],
    "isTemplate": false,
    "count": 0,
    "updated": 0
  },
  {
    "id": "0951174c-be46-4564-becf-86334e0923c5",
    "data": [
      {
        "text": "你还好吧",
        "userDefined": false
      }
    ],
    "isTemplate": false,
    "count": 0,
    "updated": 0
  },
  {
    "id": "4f05b146-0c60-40fa-8ffc-64e61472632e",
    "data": [
      {
        "text": "这段时间还好吗",
        "userDefined": false
      }
    ],
    "isTemplate": false,
    "count": 0,
    "updated": 0
  },
  {
    "id": "42877957-893b-494c-9669-305f7424e881",
    "data": [
      {
        "text": "请问你最近好吗",
        "userDefined": false
      }
    ],
    "isTemplate": false,
    "count": 0,
    "updated": 0
  },
  {
    "id": "7e3fe6de-9684-41a0-9629-23a766ab9fec",
    "data": [
      {
        "text": "请问你还好吗",
        "userDefined": false
      }
    ],
    "isTemplate": false,
    "count": 0,
    "updated": 0
  },
  {
    "id": "af3c8e0d-c6be-4264-9956-36ba4916fec6",
    "data": [
      {
        "text": "最近",
        "meta": "@sys.ignore",
        "userDefined": false
      },
      {
        "text": "很好你呢",
        "userDefined": false
      }
    ],
    "isTemplate": false,
    "count": 0,
    "updated": 0
  },
  {
    "id": "b11c6ff3-d444-4be6-b0e0-c6f482894a3e",
    "data": [
      {
        "text": "你最近在忙什么",
        "userDefined": false
      }
    ],
    "isTemplate": false,
    "count": 0,
    "updated": 0
  },
  {
    "id": "49c9ae2e-5a80-4a69-a73a-70ca56b8d6e3",
    "data": [
      {
        "text": "最近心情好吗",
        "userDefined": false
      }
    ],
    "isTemplate": false,
    "count": 0,
    "updated": 0
  },
  {
    "id": "48c0ccd7-8a4c-4927-b9e0-7833d946098b",
    "data": [
      {
        "text": "最近你好吗",
        "userDefined": false
      }
    ],
    "isTemplate": false,
    "count": 0,
    "updated": 0
  },
  {
    "id": "dde89ec6-7d55-4e3e-b99a-3246911fea01",
    "data": [
      {
        "text": "你最近还好吗",
        "userDefined": false
      }
    ],
    "isTemplate": false,
    "count": 0,
    "updated": 0
  },
  {
    "id": "1833675d-2fd2-4793-bbc9-a7a493a3b787",
    "data": [
      {
        "text": "最近好吗",
        "userDefined": false
      }
    ],
    "isTemplate": false,
    "count": 0,
    "updated": 0
  },
  {
    "id": "1aee0fc8-0316-4db6-ac60-d3696418f728",
    "data": [
      {
        "text": "最近还好啊",
        "userDefined": false
      }
    ],
    "isTemplate": false,
    "count": 0,
    "updated": 0
  },
  {
    "id": "1f4ef51e-9bb4-4f18-8d42-3bf8c2d11360",
    "data": [
      {
        "text": "飞飞你还好吗",
        "userDefined": false
      }
    ],
    "isTemplate": false,
    "count": 0,
    "updated": 0
  },
  {
    "id": "f351991f-f513-4cc1-9af2-b6e1d8879387",
    "data": [
      {
        "text": "怎么样",
        "userDefined": false
      }
    ],
    "isTemplate": false,
    "count": 0,
    "updated": 0
  },
  {
    "id": "6052e470-d01b-4042-ac6d-551937c89b4e",
    "data": [
      {
        "text": "你过得好吗",
        "userDefined": false
      }
    ],
    "isTemplate": false,
    "count": 0,
    "updated": 0
  },
  {
    "id": "77d9861b-3b35-4c03-9a9d-3a7f319f19f2",
    "data": [
      {
        "text": "你今天过得怎么样",
        "userDefined": false
      }
    ],
    "isTemplate": false,
    "count": 0,
    "updated": 0
  },
  {
    "id": "c0df39ec-8cd4-4cb9-84c7-8e67f711a36e",
    "data": [
      {
        "text": "你晚上过得怎么样",
        "userDefined": false
      }
    ],
    "isTemplate": false,
    "count": 0,
    "updated": 0
  },
  {
    "id": "bd39ce28-a125-409f-b954-1713c3a289bc",
    "data": [
      {
        "text": "希望你的一天顺利",
        "userDefined": false
      }
    ],
    "isTemplate": false,
    "count": 0,
    "updated": 0
  },
  {
    "id": "60f2deec-f97a-496b-825b-00740d5916cd",
    "data": [
      {
        "text": "嘿",
        "userDefined": false
      }
    ],
    "isTemplate": false,
    "count": 0,
    "updated": 0
  },
  {
    "id": "e74c84f9-0ff5-417d-9b2e-ebc1e62cb925",
    "data": [
      {
        "text": "嘿嘿",
        "userDefined": false
      }
    ],
    "isTemplate": false,
    "count": 0,
    "updated": 0
  }
]