[
  {
    "id": "f9fd4454-75cb-4aec-a455-453f84220883",
    "data": [
      {
        "text": "不客气",
        "userDefined": false
      }
    ],
    "isTemplate": false,
    "count": 0,
    "updated": 0
  },
  {
    "id": "4302fe1c-d423-465f-a8f5-80888fcf3e86",
    "data": [
      {
        "text": "欢迎",
        "userDefined": false
      }
    ],
    "isTemplate": false,
    "count": 0,
    "updated": 0
  },
  {
    "id": "653844a3-b212-4bd0-a583-28da1c801294",
    "data": [
      {
        "text": "欢迎光临",
        "userDefined": false
      }
    ],
    "isTemplate": false,
    "count": 0,
    "updated": 0
  },
  {
    "id": "f84a04f2-7d13-4093-b336-bb6304671072",
    "data": [
      {
        "text": "祝贺",
        "userDefined": false
      }
    ],
    "isTemplate": false,
    "count": 0,
    "updated": 0
  },
  {
    "id": "0c07005b-0f71-4f89-80d7-cc55f8c4697d",
    "data": [
      {
        "text": "祝贺你",
        "userDefined": false
      }
    ],
    "isTemplate": false,
    "count": 0,
    "updated": 0
  }
]