[
  {
    "id": "ad563405-619d-47b5-bd36-a5099cc01218",
    "data": [
      {
        "text": "很高兴见到你",
        "userDefined": false
      }
    ],
    "isTemplate": false,
    "count": 0,
    "updated": 0
  },
  {
    "id": "2905d325-0b90-44fb-8edf-12c81270a68c",
    "data": [
      {
        "text": "我很高兴见到你",
        "userDefined": false
      }
    ],
    "isTemplate": false,
    "count": 0,
    "updated": 0
  },
  {
    "id": "827d9bb6-ceb9-4215-a82c-63b7513405a3",
    "data": [
      {
        "text": "见到你很愉快",
        "userDefined": false
      }
    ],
    "isTemplate": false,
    "count": 0,
    "updated": 0
  },
  {
    "id": "22fa7b5a-64ea-4127-85c4-6a8de284ff14",
    "data": [
      {
        "text": "没想到能再次见到你真好",
        "userDefined": false
      }
    ],
    "isTemplate": false,
    "count": 0,
    "updated": 0
  },
  {
    "id": "30305481-1db8-4b62-9e22-662074dd4f54",
    "data": [
      {
        "text": "再次见到你多好啊",
        "userDefined": false
      }
    ],
    "isTemplate": false,
    "count": 0,
    "updated": 0
  },
  {
    "id": "a04f8b61-41a8-45e9-b172-b35850eaae68",
    "data": [
      {
        "text": "再次见到你我非常高兴",
        "userDefined": false
      }
    ],
    "isTemplate": false,
    "count": 0,
    "updated": 0
  },
  {
    "id": "22376fad-2d89-4ff5-bc94-cf2cfe5b4280",
    "data": [
      {
        "text": "再次碰头真教人兴奋呀",
        "userDefined": false
      }
    ],
    "isTemplate": false,
    "count": 0,
    "updated": 0
  },
  {
    "id": "c545dd85-52d6-49f8-b677-e9be7b90e6f4",
    "data": [
      {
        "text": "见到你多好啊",
        "userDefined": false
      }
    ],
    "isTemplate": false,
    "count": 0,
    "updated": 0
  },
  {
    "id": "d80ec423-07b6-4740-8d44-bca14b6f56aa",
    "data": [
      {
        "text": "见到你多棒啊",
        "userDefined": false
      }
    ],
    "isTemplate": false,
    "count": 0,
    "updated": 0
  },
  {
    "id": "0e41c0b8-5886-4fbc-84f9-8b4a4f0a8904",
    "data": [
      {
        "text": "见到你我很开心",
        "userDefined": false
      }
    ],
    "isTemplate": false,
    "count": 0,
    "updated": 0
  },
  {
    "id": "6ea2952d-2190-49d0-a63c-a4fd5cc8ab14",
    "data": [
      {
        "text": "见到你我也很高兴",
        "userDefined": false
      }
    ],
    "isTemplate": false,
    "count": 0,
    "updated": 0
  },
  {
    "id": "af4d9687-d201-4cf8-aa39-22d724ed8c7e",
    "data": [
      {
        "text": "见到你真是太高兴了",
        "userDefined": false
      }
    ],
    "isTemplate": false,
    "count": 0,
    "updated": 0
  },
  {
    "id": "9884daef-8944-47f7-9052-9d0c5c89cf95",
    "data": [
      {
        "text": "见到你我兴奋得不得了",
        "userDefined": false
      }
    ],
    "isTemplate": false,
    "count": 0,
    "updated": 0
  },
  {
    "id": "90322dd7-9f22-4ecd-a3f6-806bfe5c8c70",
    "data": [
      {
        "text": "见到你是多美好的一件事",
        "userDefined": false
      }
    ],
    "isTemplate": false,
    "count": 0,
    "updated": 0
  },
  {
    "id": "b67267f6-fd75-45fd-a9f4-4ae1e252c7e6",
    "data": [
      {
        "text": "与你碰面真荣幸",
        "userDefined": false
      }
    ],
    "isTemplate": false,
    "count": 0,
    "updated": 0
  },
  {
    "id": "58027900-3060-4865-bfa2-8122362885bc",
    "data": [
      {
        "text": "很高兴与你见面",
        "userDefined": false
      }
    ],
    "isTemplate": false,
    "count": 0,
    "updated": 0
  },
  {
    "id": "a7bc2eed-639a-48a3-8139-e58961840252",
    "data": [
      {
        "text": "很高兴能再次相见",
        "userDefined": false
      }
    ],
    "isTemplate": false,
    "count": 0,
    "updated": 0
  },
  {
    "id": "1f85dba3-1e51-47a9-bdc7-92b74f4cf3ef",
    "data": [
      {
        "text": "很高兴再一次见到你",
        "userDefined": false
      }
    ],
    "isTemplate": false,
    "count": 0,
    "updated": 0
  },
  {
    "id": "bebfb497-6972-4281-a76e-b1d210cbb382",
    "data": [
      {
        "text": "很高兴能见到你你好吗",
        "userDefined": false
      }
    ],
    "isTemplate": false,
    "count": 0,
    "updated": 0
  },
  {
    "id": "5bee66bf-9558-4878-91b2-e962f339f8b5",
    "data": [
      {
        "text": "我很开心遇上你",
        "userDefined": false
      }
    ],
    "isTemplate": false,
    "count": 0,
    "updated": 0
  },
  {
    "id": "372613c2-e386-4883-9e6b-82fb77d70ea9",
    "data": [
      {
        "text": "我很高兴能遇上你",
        "userDefined": false
      }
    ],
    "isTemplate": false,
    "count": 0,
    "updated": 0
  },
  {
    "id": "d5a89196-9d21-4a41-bc29-0998f397ee6c",
    "data": [
      {
        "text": "我也很高兴遇见你",
        "userDefined": false
      }
    ],
    "isTemplate": false,
    "count": 0,
    "updated": 0
  },
  {
    "id": "15a67882-babb-4b98-830f-5e451aaebd83",
    "data": [
      {
        "text": "我也很高兴与你见面",
        "userDefined": false
      }
    ],
    "isTemplate": false,
    "count": 0,
    "updated": 0
  },
  {
    "id": "4778de44-e98b-41da-8d90-34ffda60bfc1",
    "data": [
      {
        "text": "我也很閞心能再次见到你",
        "userDefined": false
      }
    ],
    "isTemplate": false,
    "count": 0,
    "updated": 0
  },
  {
    "id": "7dc8959e-6eb9-4522-a5e2-52a6137e78cd",
    "data": [
      {
        "text": "嘿很高兴碰到你",
        "userDefined": false
      }
    ],
    "isTemplate": false,
    "count": 0,
    "updated": 0
  },
  {
    "id": "8cfad8fb-0ec5-405b-b80f-d158f311e258",
    "data": [
      {
        "text": "嘿很高兴遇到你",
        "userDefined": false
      }
    ],
    "isTemplate": false,
    "count": 0,
    "updated": 0
  },
  {
    "id": "7067123f-990a-4d68-ae74-b718a2062b44",
    "data": [
      {
        "text": "真高兴又见到你",
        "userDefined": false
      }
    ],
    "isTemplate": false,
    "count": 0,
    "updated": 0
  },
  {
    "id": "07cf3ad0-c1d9-4714-a1ea-60b0f1ee946f",
    "data": [
      {
        "text": "今天能见到你多美好啊",
        "userDefined": false
      }
    ],
    "isTemplate": false,
    "count": 0,
    "updated": 0
  },
  {
    "id": "8495c30a-6706-4778-9e11-456493d1f2ff",
    "data": [
      {
        "text": "相见不如偶遇幸会幸会",
        "userDefined": false
      }
    ],
    "isTemplate": false,
    "count": 0,
    "updated": 0
  },
  {
    "id": "3f33d245-dd69-4913-bca5-a7d749fa55b7",
    "data": [
      {
        "text": "遇见你特别使我们感到荣幸",
        "userDefined": false
      }
    ],
    "isTemplate": false,
    "count": 0,
    "updated": 0
  },
  {
    "id": "d2da8d5c-298f-43f5-981c-7c030e42fa0c",
    "data": [
      {
        "text": "见到你很高兴",
        "userDefined": false
      }
    ],
    "isTemplate": false,
    "count": 0,
    "updated": 0
  },
  {
    "id": "ccc34539-d040-4498-bf3e-ac65a7a25ef7",
    "data": [
      {
        "text": "看到你很高兴",
        "userDefined": false
      }
    ],
    "isTemplate": false,
    "count": 0,
    "updated": 0
  },
  {
    "id": "56b1ce71-7fc0-4a2f-bb01-78c1280aa2dc",
    "data": [
      {
        "text": "总是很高兴见到你",
        "userDefined": false
      }
    ],
    "isTemplate": false,
    "count": 0,
    "updated": 0
  },
  {
    "id": "862e5f05-05cb-4aa7-9885-3774c6ffbcdf",
    "data": [
      {
        "text": "很高兴再次见到你",
        "userDefined": false
      }
    ],
    "isTemplate": false,
    "count": 0,
    "updated": 0
  },
  {
    "id": "2b96948a-bbdb-4452-b900-827e6936cfc3",
    "data": [
      {
        "text": "我很高兴再次见到你",
        "userDefined": false
      }
    ],
    "isTemplate": false,
    "count": 0,
    "updated": 0
  },
  {
    "id": "a7af9e77-5706-49a9-92a9-12c9dfb14a47",
    "data": [
      {
        "text": "也很高兴见到你",
        "userDefined": false
      }
    ],
    "isTemplate": false,
    "count": 0,
    "updated": 0
  }
]