[
  {
    "id": "9d47a174-8cb9-401e-9e2f-6050d436d2fe",
    "data": [
      {
        "text": "你的意思",
        "userDefined": false
      }
    ],
    "isTemplate": false,
    "count": 0,
    "updated": 0
  },
  {
    "id": "edd0bade-a5fb-4342-b047-f22ea1e58202",
    "data": [
      {
        "text": "你的意思是什么",
        "userDefined": false
      }
    ],
    "isTemplate": false,
    "count": 0,
    "updated": 0
  },
  {
    "id": "bfa526b9-cead-4a57-8f46-ed5f793519aa",
    "data": [
      {
        "text": "我不懂你的意思",
        "userDefined": false
      }
    ],
    "isTemplate": false,
    "count": 0,
    "updated": 0
  },
  {
    "id": "c215aac5-065b-4868-943b-6909427ff6c7",
    "data": [
      {
        "text": "我不了解你的意思",
        "userDefined": false
      }
    ],
    "isTemplate": false,
    "count": 0,
    "updated": 0
  },
  {
    "id": "61ddff0f-8aab-4b6b-8c2e-d7ee93255d45",
    "data": [
      {
        "text": "到底什么意思",
        "userDefined": false
      }
    ],
    "isTemplate": false,
    "count": 0,
    "updated": 0
  },
  {
    "id": "703f6892-159f-482b-9ab7-fa61cd778e7f",
    "data": [
      {
        "text": "什么意思",
        "userDefined": false
      }
    ],
    "isTemplate": false,
    "count": 0,
    "updated": 0
  }
]