[
  {
    "id": "4d998281-cd19-42e5-8557-a4033a50aebc",
    "data": [
      {
        "text": "这是我的生日",
        "userDefined": false
      }
    ],
    "isTemplate": false,
    "count": 0,
    "updated": 0
  },
  {
    "id": "f899bde8-8126-47fd-9bc4-43394b376b8f",
    "data": [
      {
        "text": "今天是我的生日",
        "userDefined": false
      }
    ],
    "isTemplate": false,
    "count": 0,
    "updated": 0
  },
  {
    "id": "6fef283e-384e-4dc4-9efa-984dbd17c363",
    "data": [
      {
        "text": "今天我有生日",
        "userDefined": false
      }
    ],
    "isTemplate": false,
    "count": 0,
    "updated": 0
  },
  {
    "id": "0e7c2cdb-66c4-4c18-b921-a1f406e5a403",
    "data": [
      {
        "text": "今天我过生日",
        "userDefined": false
      }
    ],
    "isTemplate": false,
    "count": 0,
    "updated": 0
  },
  {
    "id": "31d78189-2deb-4012-ac2a-63fb6d620221",
    "data": [
      {
        "text": "今天我出生了",
        "userDefined": false
      }
    ],
    "isTemplate": false,
    "count": 0,
    "updated": 0
  }
]