{
  "id": "9eb79d3d-1f43-4560-acb4-d3a390bc731c",
  "name": "smalltalk.greetings.goodmorning",
  "auto": true,
  "contexts": [],
  "responses": [
    {
      "resetContexts": false,
      "action": "smalltalk.greetings.goodmorning",
      "affectedContexts": [],
      "parameters": [],
      "defaultResponsePlatforms": {},
      "speech": []
    }
  ],
  "priority": 500000,
  "webhookUsed": false,
  "webhookForSlotFilling": false,
  "lastUpdate": 1493720705617,
  "fallbackIntent": false,
  "events": []
}