{
  "id": "bf1bd910-7242-487e-a6d9-788068603231",
  "name": "smalltalk.greetings.goodevening",
  "auto": true,
  "contexts": [],
  "responses": [
    {
      "resetContexts": false,
      "action": "smalltalk.greetings.goodevening",
      "affectedContexts": [],
      "parameters": [],
      "defaultResponsePlatforms": {},
      "speech": []
    }
  ],
  "priority": 500000,
  "webhookUsed": false,
  "webhookForSlotFilling": false,
  "lastUpdate": 1493720705613,
  "fallbackIntent": false,
  "events": []
}