[
  {
    "id": "7470dd72-9d04-4586-9fab-83bcbad35449",
    "data": [
      {
        "text": "再见",
        "userDefined": false
      }
    ],
    "isTemplate": false,
    "count": 1,
    "updated": 0
  },
  {
    "id": "81cd307c-37f4-4279-bbb1-164f041779cc",
    "data": [
      {
        "text": "拜拜",
        "userDefined": false
      }
    ],
    "isTemplate": false,
    "count": 0,
    "updated": 0
  },
  {
    "id": "0aa2d8ad-c409-4f8e-afa0-545e7fdf19d9",
    "data": [
      {
        "text": "明天见",
        "userDefined": false
      }
    ],
    "isTemplate": false,
    "count": 0,
    "updated": 0
  },
  {
    "id": "908258b0-87dd-48ae-9e68-ad38a31e10e1",
    "data": [
      {
        "text": "回头见",
        "userDefined": false
      }
    ],
    "isTemplate": false,
    "count": 0,
    "updated": 0
  },
  {
    "id": "92a86e24-26ae-42cc-8d32-fe3134c3b144",
    "data": [
      {
        "text": "再会",
        "userDefined": false
      }
    ],
    "isTemplate": false,
    "count": 0,
    "updated": 0
  },
  {
    "id": "a6fcfec4-2436-402a-a233-b71bad46f16b",
    "data": [
      {
        "text": "回见",
        "userDefined": false
      }
    ],
    "isTemplate": false,
    "count": 0,
    "updated": 0
  },
  {
    "id": "34a4c811-65e4-416a-883d-d80bef0f9c9d",
    "data": [
      {
        "text": "拜拜保重",
        "userDefined": false
      }
    ],
    "isTemplate": false,
    "count": 0,
    "updated": 0
  },
  {
    "id": "e8396517-4700-4a79-9ead-b9aa83450bff",
    "data": [
      {
        "text": "拜再见啦",
        "userDefined": false
      }
    ],
    "isTemplate": false,
    "count": 0,
    "updated": 0
  },
  {
    "id": "a47d072f-3721-4aa9-a54e-329cdce677ef",
    "data": [
      {
        "text": "拜拜拜拜",
        "userDefined": false
      }
    ],
    "isTemplate": false,
    "count": 0,
    "updated": 0
  },
  {
    "id": "bdf221a6-93b2-47b4-b477-be0aafe63b81",
    "data": [
      {
        "text": "拜拜亲爱的",
        "userDefined": false
      }
    ],
    "isTemplate": false,
    "count": 0,
    "updated": 0
  },
  {
    "id": "f8d07055-7c03-4b68-bf5b-64f7d2cbf081",
    "data": [
      {
        "text": "拜拜稍后见",
        "userDefined": false
      }
    ],
    "isTemplate": false,
    "count": 0,
    "updated": 0
  },
  {
    "id": "307d6a95-0230-47f7-a747-fa6764a5fa7f",
    "data": [
      {
        "text": "拜拜待会见",
        "userDefined": false
      }
    ],
    "isTemplate": false,
    "count": 0,
    "updated": 0
  },
  {
    "id": "02574fd3-e6d0-4c75-bdca-ac7fcbeaca02",
    "data": [
      {
        "text": "拜拜我要吃饭了",
        "userDefined": false
      }
    ],
    "isTemplate": false,
    "count": 0,
    "updated": 0
  },
  {
    "id": "f1e5b906-4bee-4c26-a9f5-7181caf80c0e",
    "data": [
      {
        "text": "掰掰",
        "userDefined": false
      }
    ],
    "isTemplate": false,
    "count": 0,
    "updated": 0
  },
  {
    "id": "f67861e2-d616-412e-ae23-8376f3850397",
    "data": [
      {
        "text": "后会有期",
        "userDefined": false
      }
    ],
    "isTemplate": false,
    "count": 0,
    "updated": 0
  },
  {
    "id": "0d90c0d6-5169-4621-9854-f5e3fdde0bf5",
    "data": [
      {
        "text": "晚上见",
        "userDefined": false
      }
    ],
    "isTemplate": false,
    "count": 0,
    "updated": 0
  },
  {
    "id": "3d956fa9-b9e9-40aa-85ea-6382549e5235",
    "data": [
      {
        "text": "一会见",
        "userDefined": false
      }
    ],
    "isTemplate": false,
    "count": 0,
    "updated": 0
  },
  {
    "id": "77482cf7-9d1d-4ebb-92db-81b7f82a47ea",
    "data": [
      {
        "text": "好了再见",
        "userDefined": false
      }
    ],
    "isTemplate": false,
    "count": 0,
    "updated": 0
  },
  {
    "id": "c0df673e-cb24-4376-b3b6-40fd42e16a3c",
    "data": [
      {
        "text": "好了掰掰",
        "userDefined": false
      }
    ],
    "isTemplate": false,
    "count": 0,
    "updated": 0
  },
  {
    "id": "5391189a-8056-41a9-8e32-4f4736a409b1",
    "data": [
      {
        "text": "好吧掰掰",
        "userDefined": false
      }
    ],
    "isTemplate": false,
    "count": 0,
    "updated": 0
  },
  {
    "id": "1144d4da-d516-45a4-8a4b-624acd5525bc",
    "data": [
      {
        "text": "好再见拜拜",
        "userDefined": false
      }
    ],
    "isTemplate": false,
    "count": 0,
    "updated": 0
  },
  {
    "id": "0f20cae5-3108-47a3-a4ae-4029925f869b",
    "data": [
      {
        "text": "好啦不聊咯",
        "userDefined": false
      }
    ],
    "isTemplate": false,
    "count": 0,
    "updated": 0
  },
  {
    "id": "bfc858c8-e248-4777-b9c5-1c7e0d02c629",
    "data": [
      {
        "text": "好的我们再会吧",
        "userDefined": false
      }
    ],
    "isTemplate": false,
    "count": 0,
    "updated": 0
  },
  {
    "id": "75a3474b-d7c7-4079-bd0c-4841657b9111",
    "data": [
      {
        "text": "好那我们待会见啰",
        "userDefined": false
      }
    ],
    "isTemplate": false,
    "count": 0,
    "updated": 0
  },
  {
    "id": "322a9fcf-848d-45e7-83f7-46dcc411b8bb",
    "data": [
      {
        "text": "好了再见我要吃饭了",
        "userDefined": false
      }
    ],
    "isTemplate": false,
    "count": 0,
    "updated": 0
  },
  {
    "id": "5e2258ac-5207-460a-babd-dcb0d819fa4e",
    "data": [
      {
        "text": "好了啦不要再说了我睡觉了",
        "userDefined": false
      }
    ],
    "isTemplate": false,
    "count": 0,
    "updated": 0
  },
  {
    "id": "f66320e1-aacb-4999-8b81-ae510bf26f9d",
    "data": [
      {
        "text": "不要紧再见",
        "userDefined": false
      }
    ],
    "isTemplate": false,
    "count": 0,
    "updated": 0
  },
  {
    "id": "4b3f3eda-eaba-4774-b188-99396a076b94",
    "data": [
      {
        "text": "晚点再聊",
        "userDefined": false
      }
    ],
    "isTemplate": false,
    "count": 0,
    "updated": 0
  },
  {
    "id": "d1f820e1-68c9-489d-b0b1-35b0a0bf4c68",
    "data": [
      {
        "text": "晚点再叫你",
        "userDefined": false
      }
    ],
    "isTemplate": false,
    "count": 0,
    "updated": 0
  },
  {
    "id": "da025b2f-c002-4f64-9938-4032f0fb72ec",
    "data": [
      {
        "text": "晚安拜拜",
        "userDefined": false
      }
    ],
    "isTemplate": false,
    "count": 0,
    "updated": 0
  },
  {
    "id": "1c968979-8d32-4372-86b4-3b36bdd7ca78",
    "data": [
      {
        "text": "晚安飞飞祝你一个好梦",
        "userDefined": false
      }
    ],
    "isTemplate": false,
    "count": 0,
    "updated": 0
  },
  {
    "id": "dba6ba51-eb72-4d7c-bf83-dbdacc70fb84",
    "data": [
      {
        "text": "就这样再见",
        "userDefined": false
      }
    ],
    "isTemplate": false,
    "count": 0,
    "updated": 0
  },
  {
    "id": "8dc2512d-518d-4026-bf25-daada0ea1749",
    "data": [
      {
        "text": "下次再說",
        "userDefined": false
      }
    ],
    "isTemplate": false,
    "count": 0,
    "updated": 0
  },
  {
    "id": "33827cf2-1ce9-4600-a432-683e148a2e98",
    "data": [
      {
        "text": "我要离开啦",
        "userDefined": false
      }
    ],
    "isTemplate": false,
    "count": 0,
    "updated": 0
  },
  {
    "id": "95b095d8-d502-473a-a144-d0149d5749f6",
    "data": [
      {
        "text": "我要走了再见",
        "userDefined": false
      }
    ],
    "isTemplate": false,
    "count": 0,
    "updated": 0
  },
  {
    "id": "a88a0762-2334-42f9-a0fc-68eb2b4a214c",
    "data": [
      {
        "text": "我在忙等一下再说",
        "userDefined": false
      }
    ],
    "isTemplate": false,
    "count": 0,
    "updated": 0
  },
  {
    "id": "cdbee9b9-5f71-4a6b-af21-7107d4ca3872",
    "data": [
      {
        "text": "我要跟你说再见啰掰掰",
        "userDefined": false
      }
    ],
    "isTemplate": false,
    "count": 0,
    "updated": 0
  },
  {
    "id": "e01655a9-9b3e-4950-81b9-669c4d90b8c0",
    "data": [
      {
        "text": "我想睡觉所以我跟你说晚安",
        "userDefined": false
      }
    ],
    "isTemplate": false,
    "count": 0,
    "updated": 0
  },
  {
    "id": "6e20c4aa-b00c-4394-8b63-441c440b3cf6",
    "data": [
      {
        "text": "希望不久能再见到你",
        "userDefined": false
      }
    ],
    "isTemplate": false,
    "count": 0,
    "updated": 0
  },
  {
    "id": "45b8e718-6f55-450f-9947-b90813436c06",
    "data": [
      {
        "text": "祝你有个好梦再见",
        "userDefined": false
      }
    ],
    "isTemplate": false,
    "count": 0,
    "updated": 0
  },
  {
    "id": "7222e739-6205-4378-b417-82655dc0c1bb",
    "data": [
      {
        "text": "现在要说再见了",
        "userDefined": false
      }
    ],
    "isTemplate": false,
    "count": 0,
    "updated": 0
  },
  {
    "id": "bbda67ee-8c34-4386-8439-d2c838e5a113",
    "data": [
      {
        "text": "去睡觉了拜拜",
        "userDefined": false
      }
    ],
    "isTemplate": false,
    "count": 0,
    "updated": 0
  },
  {
    "id": "1f5abadb-8b01-4fa6-bc58-c284ba546daf",
    "data": [
      {
        "text": "小睡一下",
        "userDefined": false
      }
    ],
    "isTemplate": false,
    "count": 0,
    "updated": 0
  }
]