[
  {
    "id": "eb4c1e6b-a555-403c-9b7a-3f1b018bc63d",
    "data": [
      {
        "text": "坏",
        "userDefined": false
      }
    ],
    "isTemplate": false,
    "count": 0,
    "updated": 0
  },
  {
    "id": "bf884077-7a19-494b-ab48-988d47451c49",
    "data": [
      {
        "text": "不良",
        "userDefined": false
      }
    ],
    "isTemplate": false,
    "count": 0,
    "updated": 0
  },
  {
    "id": "fa31cbf4-02ec-49ba-b4ff-6516fa43894f",
    "data": [
      {
        "text": "糟糕",
        "userDefined": false
      }
    ],
    "isTemplate": false,
    "count": 0,
    "updated": 0
  },
  {
    "id": "edb420bf-cdb3-4240-9f31-30cc8fd3dd2d",
    "data": [
      {
        "text": "这是很不良",
        "userDefined": false
      }
    ],
    "isTemplate": false,
    "count": 0,
    "updated": 0
  },
  {
    "id": "8b9d7433-814e-4109-8785-c519118926e9",
    "data": [
      {
        "text": "这是很糟糕",
        "userDefined": false
      }
    ],
    "isTemplate": false,
    "count": 0,
    "updated": 0
  },
  {
    "id": "b035f339-19b2-4c61-90b0-4631f2f14b94",
    "data": [
      {
        "text": "这是很坏",
        "userDefined": false
      }
    ],
    "isTemplate": false,
    "count": 0,
    "updated": 0
  },
  {
    "id": "1a577189-477d-47a2-bc6e-518e97878272",
    "data": [
      {
        "text": "很糟糕",
        "userDefined": false
      }
    ],
    "isTemplate": false,
    "count": 0,
    "updated": 0
  },
  {
    "id": "3c66bd99-e24f-4cd2-b20f-d3d478e217dd",
    "data": [
      {
        "text": "非常糟糕",
        "userDefined": false
      }
    ],
    "isTemplate": false,
    "count": 0,
    "updated": 0
  },
  {
    "id": "6746cd67-f8d7-4a2e-939d-2e49eec6690b",
    "data": [
      {
        "text": "不好",
        "userDefined": false
      }
    ],
    "isTemplate": false,
    "count": 0,
    "updated": 0
  },
  {
    "id": "b052fc7f-4a3d-420f-a241-7926caa140a3",
    "data": [
      {
        "text": "真可惜",
        "userDefined": false
      }
    ],
    "isTemplate": false,
    "count": 0,
    "updated": 0
  },
  {
    "id": "da671465-070a-40a2-9810-e9bfe36c40c8",
    "data": [
      {
        "text": "很可惜",
        "userDefined": false
      }
    ],
    "isTemplate": false,
    "count": 0,
    "updated": 0
  },
  {
    "id": "0b08ced8-e3a9-4f16-bd61-0b914c172a3a",
    "data": [
      {
        "text": "可惜",
        "userDefined": false
      }
    ],
    "isTemplate": false,
    "count": 0,
    "updated": 0
  },
  {
    "id": "6051dd0e-b549-401b-ae9f-eceaea30df48",
    "data": [
      {
        "text": "真的可惜",
        "userDefined": false
      }
    ],
    "isTemplate": false,
    "count": 0,
    "updated": 0
  },
  {
    "id": "c1da1375-6f1c-4eca-b6fb-26e3020380e3",
    "data": [
      {
        "text": "真不好",
        "userDefined": false
      }
    ],
    "isTemplate": false,
    "count": 0,
    "updated": 0
  }
]