[
  {
    "id": "d9f47549-9bfa-41e0-a9a2-734e32e55619",
    "data": [
      {
        "text": "这是怎么回事",
        "userDefined": false
      }
    ],
    "isTemplate": false,
    "count": 0,
    "updated": 0
  },
  {
    "id": "6faa08a7-5b32-4f1b-9033-556d3e832e0f",
    "data": [
      {
        "text": "怎么了",
        "userDefined": false
      }
    ],
    "isTemplate": false,
    "count": 0,
    "updated": 0
  },
  {
    "id": "34c644d7-39a1-45ae-a8e4-c5cb0e1783a1",
    "data": [
      {
        "text": "回事怎么样",
        "userDefined": false
      }
    ],
    "isTemplate": false,
    "count": 0,
    "updated": 0
  },
  {
    "id": "4e2d2d4b-490f-4cf5-835a-34e98d3b8081",
    "data": [
      {
        "text": "你最近好吗",
        "userDefined": false
      }
    ],
    "isTemplate": false,
    "count": 0,
    "updated": 0
  },
  {
    "id": "3d6d0101-9f97-43fe-8b28-1c9bbea9f404",
    "data": [
      {
        "text": "你最近还好吗",
        "userDefined": false
      }
    ],
    "isTemplate": false,
    "count": 0,
    "updated": 0
  },
  {
    "id": "42ec87cf-355e-4146-902e-3b1df95b1bd9",
    "data": [
      {
        "text": "最近如何",
        "userDefined": false
      }
    ],
    "isTemplate": false,
    "count": 0,
    "updated": 0
  },
  {
    "id": "a2fa26c5-4a61-41fc-8945-61c090baa304",
    "data": [
      {
        "text": "最近怎么了",
        "userDefined": false
      }
    ],
    "isTemplate": false,
    "count": 0,
    "updated": 0
  },
  {
    "id": "4f4e0af5-19ef-40b1-9f64-e9e7574cc552",
    "data": [
      {
        "text": "最近还好吗",
        "userDefined": false
      }
    ],
    "isTemplate": false,
    "count": 0,
    "updated": 0
  },
  {
    "id": "bf4f69cc-3466-44c5-bc47-1958c4f940bf",
    "data": [
      {
        "text": "最近在忙什么",
        "userDefined": false
      }
    ],
    "isTemplate": false,
    "count": 0,
    "updated": 0
  },
  {
    "id": "19ca6557-7054-4e2b-995c-787954aaedb5",
    "data": [
      {
        "text": "最近过得好吗",
        "userDefined": false
      }
    ],
    "isTemplate": false,
    "count": 0,
    "updated": 0
  },
  {
    "id": "4400020a-5011-41e8-baa9-dad649fbff7e",
    "data": [
      {
        "text": "最新有什么动态",
        "userDefined": false
      }
    ],
    "isTemplate": false,
    "count": 0,
    "updated": 0
  },
  {
    "id": "d6805600-cdc5-4c2d-aeab-3371b40acc7f",
    "data": [
      {
        "text": "最近有什么想法",
        "userDefined": false
      }
    ],
    "isTemplate": false,
    "count": 0,
    "updated": 0
  },
  {
    "id": "25ee7945-c31f-4fca-a1fd-ac584f4c8dd2",
    "data": [
      {
        "text": "想问你最近好吗",
        "userDefined": false
      }
    ],
    "isTemplate": false,
    "count": 0,
    "updated": 0
  },
  {
    "id": "ac598591-c6e0-4eb4-8a90-907bc38eff4f",
    "data": [
      {
        "text": "近来好吗",
        "userDefined": false
      }
    ],
    "isTemplate": false,
    "count": 0,
    "updated": 0
  },
  {
    "id": "09e0facf-4ba9-41b3-be73-12a03ec804ea",
    "data": [
      {
        "text": "近况不错吧",
        "userDefined": false
      }
    ],
    "isTemplate": false,
    "count": 0,
    "updated": 0
  },
  {
    "id": "8a739d85-1e6e-4011-b096-41994e7f510c",
    "data": [
      {
        "text": "近来有什么计划",
        "userDefined": false
      }
    ],
    "isTemplate": false,
    "count": 0,
    "updated": 0
  },
  {
    "id": "17399972-d4e7-49b8-aa2a-3079988027a7",
    "data": [
      {
        "text": "气色看起来不错在忙什么",
        "userDefined": false
      }
    ],
    "isTemplate": false,
    "count": 0,
    "updated": 0
  },
  {
    "id": "e77dfa24-3698-4fda-934c-14afb066c60d",
    "data": [
      {
        "text": "朋友最近好吗",
        "userDefined": false
      }
    ],
    "isTemplate": false,
    "count": 0,
    "updated": 0
  },
  {
    "id": "c11575b9-bbfd-4674-a2fe-0323ef70a006",
    "data": [
      {
        "text": "蜜糖最近好吗",
        "userDefined": false
      }
    ],
    "isTemplate": false,
    "count": 0,
    "updated": 0
  },
  {
    "id": "a39588c1-8108-4758-89ab-1b6e4abe9f18",
    "data": [
      {
        "text": "美女最近好吗",
        "userDefined": false
      }
    ],
    "isTemplate": false,
    "count": 0,
    "updated": 0
  },
  {
    "id": "4df996b0-b438-4d77-b573-b5c5371b9ddb",
    "data": [
      {
        "text": "飞飞最近好吗",
        "userDefined": false
      }
    ],
    "isTemplate": false,
    "count": 0,
    "updated": 0
  },
  {
    "id": "afa84f02-eda8-4f11-bea8-9a00cf0ae9eb",
    "data": [
      {
        "text": "宝贝最近好吗",
        "userDefined": false
      }
    ],
    "isTemplate": false,
    "count": 0,
    "updated": 0
  },
  {
    "id": "3f2c6ddf-9f91-48ca-bb63-93a67b52347c",
    "data": [
      {
        "text": "甜心最近好吗",
        "userDefined": false
      }
    ],
    "isTemplate": false,
    "count": 0,
    "updated": 0
  },
  {
    "id": "2b6bc2ab-af92-4a84-9e89-267e1478c9a9",
    "data": [
      {
        "text": "伙伴最近好吗",
        "userDefined": false
      }
    ],
    "isTemplate": false,
    "count": 0,
    "updated": 0
  },
  {
    "id": "0ad5dd31-d5fc-439f-aed2-ca4babb5d406",
    "data": [
      {
        "text": "女孩最近好吗",
        "userDefined": false
      }
    ],
    "isTemplate": false,
    "count": 0,
    "updated": 0
  },
  {
    "id": "91334e8b-5bbc-4961-b345-48b8a6b3fe3d",
    "data": [
      {
        "text": "助手最近好吗",
        "userDefined": false
      }
    ],
    "isTemplate": false,
    "count": 0,
    "updated": 0
  },
  {
    "id": "7db5ab11-7ab8-4df1-9c7e-9819ac16a13e",
    "data": [
      {
        "text": "亲爱的最近好吗",
        "userDefined": false
      }
    ],
    "isTemplate": false,
    "count": 0,
    "updated": 0
  }
]