{
  "id": "abd646e6-053a-491c-a1ed-e6f34cc07fe9",
  "name": "smalltalk.dialog.what_do_you_mean",
  "auto": true,
  "contexts": [],
  "responses": [
    {
      "resetContexts": false,
      "action": "smalltalk.dialog.what_do_you_mean",
      "affectedContexts": [],
      "parameters": [],
      "defaultResponsePlatforms": {},
      "speech": []
    }
  ],
  "priority": 500000,
  "webhookUsed": false,
  "webhookForSlotFilling": false,
  "lastUpdate": 1493720705596,
  "fallbackIntent": false,
  "events": []
}