{
  "id": "682fc6bd-fda5-4a00-9ef6-2d0c7b0c3121",
  "name": "smalltalk.user.will_be_back",
  "auto": true,
  "contexts": [],
  "responses": [
    {
      "resetContexts": false,
      "action": "smalltalk.user.will_be_back",
      "affectedContexts": [],
      "parameters": [],
      "defaultResponsePlatforms": {},
      "speech": []
    }
  ],
  "priority": 500000,
  "webhookUsed": false,
  "webhookForSlotFilling": false,
  "lastUpdate": 1493720705705,
  "fallbackIntent": false,
  "events": []
}