{
  "id": "40f90d52-d17d-43a6-8d04-bf8c93fc7fbe",
  "name": "smalltalk.user.can_not_sleep",
  "auto": true,
  "contexts": [],
  "responses": [
    {
      "resetContexts": false,
      "action": "smalltalk.user.can_not_sleep",
      "affectedContexts": [],
      "parameters": [],
      "defaultResponsePlatforms": {},
      "speech": []
    }
  ],
  "priority": 500000,
  "webhookUsed": false,
  "webhookForSlotFilling": false,
  "lastUpdate": 1493720705657,
  "fallbackIntent": false,
  "events": []
}