[
  {
    "id": "20beb236-b74a-4b74-85f9-449c61a3a0d5",
    "data": [
      {
        "text": "我需要咨询",
        "userDefined": false
      }
    ],
    "isTemplate": false,
    "count": 0,
    "updated": 0
  },
  {
    "id": "d059d760-899e-4cdb-818d-d71a28891a26",
    "data": [
      {
        "text": "我需要指教和帮助",
        "userDefined": false
      }
    ],
    "isTemplate": false,
    "count": 0,
    "updated": 0
  },
  {
    "id": "d9a82b30-cb1b-4a76-a83c-afc0afc57419",
    "data": [
      {
        "text": "我需要建议",
        "userDefined": false
      }
    ],
    "isTemplate": false,
    "count": 0,
    "updated": 0
  },
  {
    "id": "190a9b82-ce6f-4f40-9ebb-b047e4a77ab2",
    "data": [
      {
        "text": "我需要忠告",
        "userDefined": false
      }
    ],
    "isTemplate": false,
    "count": 0,
    "updated": 0
  },
  {
    "id": "0eef38af-6b29-40bd-bfaa-b101cee811f9",
    "data": [
      {
        "text": "我需要一些意见",
        "userDefined": false
      }
    ],
    "isTemplate": false,
    "count": 0,
    "updated": 0
  },
  {
    "id": "0631cf7c-4132-49d1-8ea3-f468a0776c43",
    "data": [
      {
        "text": "我需要意见",
        "userDefined": false
      }
    ],
    "isTemplate": false,
    "count": 0,
    "updated": 0
  },
  {
    "id": "c6cea4ed-b84d-47a0-950c-e5ccd31aca8c",
    "data": [
      {
        "text": "我需要你的建议",
        "userDefined": false
      }
    ],
    "isTemplate": false,
    "count": 0,
    "updated": 0
  },
  {
    "id": "a2d9434c-241d-472f-89fc-22f32c7d846d",
    "data": [
      {
        "text": "我需要你的一些建议",
        "userDefined": false
      }
    ],
    "isTemplate": false,
    "count": 0,
    "updated": 0
  },
  {
    "id": "45f5c0b4-615b-47e2-89c4-e47ecd4f7ddd",
    "data": [
      {
        "text": "我需要你的意见",
        "userDefined": false
      }
    ],
    "isTemplate": false,
    "count": 0,
    "updated": 0
  },
  {
    "id": "f2133ad3-3516-4fc2-b0fb-371259a542c3",
    "data": [
      {
        "text": "我该怎么办呢",
        "userDefined": false
      }
    ],
    "isTemplate": false,
    "count": 0,
    "updated": 0
  },
  {
    "id": "743e72a6-5b7f-404b-b0a1-0fd7cce78514",
    "data": [
      {
        "text": "有什么建议吗",
        "userDefined": false
      }
    ],
    "isTemplate": false,
    "count": 0,
    "updated": 0
  },
  {
    "id": "3e9d387c-6696-4d3b-89b4-b47bc7643aac",
    "data": [
      {
        "text": "你有什么建议",
        "userDefined": false
      }
    ],
    "isTemplate": false,
    "count": 0,
    "updated": 0
  },
  {
    "id": "3dea2825-173a-4efc-80c2-1a4d4d522f56",
    "data": [
      {
        "text": "给我一个建议",
        "userDefined": false
      }
    ],
    "isTemplate": false,
    "count": 0,
    "updated": 0
  },
  {
    "id": "d8cd4c29-8050-4a3e-9e15-085bf33eb698",
    "data": [
      {
        "text": "有任何的建议吗",
        "userDefined": false
      }
    ],
    "isTemplate": false,
    "count": 0,
    "updated": 0
  },
  {
    "id": "17856e53-df3a-41c8-951c-38c7406a00a5",
    "data": [
      {
        "text": "你对我有什么建议吗",
        "userDefined": false
      }
    ],
    "isTemplate": false,
    "count": 0,
    "updated": 0
  },
  {
    "id": "c9fc1141-bce1-4039-91b9-ae064352854a",
    "data": [
      {
        "text": "告诉我",
        "userDefined": false
      }
    ],
    "isTemplate": false,
    "count": 0,
    "updated": 0
  },
  {
    "id": "16eb922e-91f8-4872-88be-b8b8062ee214",
    "data": [
      {
        "text": "我该怎么办",
        "userDefined": false
      }
    ],
    "isTemplate": false,
    "count": 0,
    "updated": 0
  },
  {
    "id": "139705a3-1ea5-46a2-b7e1-185b1d4c00fc",
    "data": [
      {
        "text": "你能告诉我吗",
        "userDefined": false
      }
    ],
    "isTemplate": false,
    "count": 0,
    "updated": 0
  }
]