[
  {
    "id": "16f8b501-ec0d-4780-803f-c64aee153ba0",
    "data": [
      {
        "text": "我已经在这里",
        "userDefined": false
      }
    ],
    "isTemplate": false,
    "count": 0,
    "updated": 0
  },
  {
    "id": "27673b1f-037b-41d5-a3ee-1a902e50d935",
    "data": [
      {
        "text": "我在这儿",
        "userDefined": false
      }
    ],
    "isTemplate": false,
    "count": 0,
    "updated": 0
  },
  {
    "id": "94b27e1c-0a0b-4630-b110-a81e6268cda6",
    "data": [
      {
        "text": "我在这里",
        "userDefined": false
      }
    ],
    "isTemplate": false,
    "count": 0,
    "updated": 0
  },
  {
    "id": "20850699-220a-4506-a081-ca45ee75728e",
    "data": [
      {
        "text": "我在",
        "userDefined": false
      }
    ],
    "isTemplate": false,
    "count": 0,
    "updated": 0
  },
  {
    "id": "6c835d38-df99-46fb-ae3a-6eb50a5693ac",
    "data": [
      {
        "text": "我在吗",
        "userDefined": false
      }
    ],
    "isTemplate": false,
    "count": 0,
    "updated": 0
  },
  {
    "id": "e459fc30-4065-4e45-8b5d-6771e1ce3049",
    "data": [
      {
        "text": "我在不在",
        "userDefined": false
      }
    ],
    "isTemplate": false,
    "count": 0,
    "updated": 0
  },
  {
    "id": "3b5186cf-a2ee-465b-aee4-20647aa6ff15",
    "data": [
      {
        "text": "我在这里吗",
        "userDefined": false
      }
    ],
    "isTemplate": false,
    "count": 0,
    "updated": 0
  }
]