[
  {
    "id": "2f46c156-af39-4661-a8b8-841786752fa5",
    "data": [
      {
        "text": "坚持",
        "userDefined": false
      }
    ],
    "isTemplate": false,
    "count": 0,
    "updated": 0
  },
  {
    "id": "00abb152-981f-4a0a-a5fd-f9e0d6359272",
    "data": [
      {
        "text": "等一等",
        "userDefined": false
      }
    ],
    "isTemplate": false,
    "count": 0,
    "updated": 0
  },
  {
    "id": "bde727ec-2da5-48ac-9340-bfe584b976df",
    "data": [
      {
        "text": "等一等吧",
        "userDefined": false
      }
    ],
    "isTemplate": false,
    "count": 0,
    "updated": 0
  },
  {
    "id": "a769d360-5ac7-496c-8fb1-c6b842354731",
    "data": [
      {
        "text": "等一下",
        "userDefined": false
      }
    ],
    "isTemplate": false,
    "count": 0,
    "updated": 0
  },
  {
    "id": "5ac8f5d9-0d99-4bd1-84b1-81bd14c53ccf",
    "data": [
      {
        "text": "等一下吧",
        "userDefined": false
      }
    ],
    "isTemplate": false,
    "count": 0,
    "updated": 0
  },
  {
    "id": "d6b3fd12-fb76-413a-b928-28623ae9cdec",
    "data": [
      {
        "text": "你能等吗",
        "userDefined": false
      }
    ],
    "isTemplate": false,
    "count": 0,
    "updated": 0
  },
  {
    "id": "dd774b23-e2a9-4825-8b7b-5c75d9928876",
    "data": [
      {
        "text": "请等一下",
        "userDefined": false
      }
    ],
    "isTemplate": false,
    "count": 0,
    "updated": 0
  },
  {
    "id": "67730c13-22be-4aaf-afbd-285d0444f825",
    "data": [
      {
        "text": "等待",
        "userDefined": false
      }
    ],
    "isTemplate": false,
    "count": 0,
    "updated": 0
  },
  {
    "id": "a5dc9384-6e3e-4825-b87a-e3114eb4c88f",
    "data": [
      {
        "text": "别急着",
        "userDefined": false
      }
    ],
    "isTemplate": false,
    "count": 0,
    "updated": 0
  }
]