[
  {
    "id": "044e10d7-efb5-47ad-a996-af7642c26cca",
    "data": [
      {
        "text": "好无聊",
        "userDefined": false
      }
    ],
    "isTemplate": false,
    "count": 0,
    "updated": 0
  },
  {
    "id": "fcf10975-9eca-4ad0-9032-298a4de99491",
    "data": [
      {
        "text": "无聊",
        "userDefined": false
      }
    ],
    "isTemplate": false,
    "count": 0,
    "updated": 0
  },
  {
    "id": "426911e3-83cf-422a-babe-dbbf24bf801e",
    "data": [
      {
        "text": "我很无聊",
        "userDefined": false
      }
    ],
    "isTemplate": false,
    "count": 0,
    "updated": 0
  },
  {
    "id": "bd391bfa-947e-4a6d-a549-bfdfee2dda42",
    "data": [
      {
        "text": "我无聊了",
        "userDefined": false
      }
    ],
    "isTemplate": false,
    "count": 0,
    "updated": 0
  },
  {
    "id": "6d6ad16a-2d94-49dc-8c24-4a0b29dd6f0a",
    "data": [
      {
        "text": "我好无聊喔",
        "userDefined": false
      }
    ],
    "isTemplate": false,
    "count": 0,
    "updated": 0
  },
  {
    "id": "ad34c7ea-aa66-4d46-8434-77ca0d1206f8",
    "data": [
      {
        "text": "讨厌",
        "userDefined": false
      }
    ],
    "isTemplate": false,
    "count": 0,
    "updated": 0
  },
  {
    "id": "aabba496-54cd-4534-9736-7f41c5798967",
    "data": [
      {
        "text": "厌烦了",
        "userDefined": false
      }
    ],
    "isTemplate": false,
    "count": 0,
    "updated": 0
  },
  {
    "id": "eeb4c6e4-6964-40ec-90dd-cce52a5c3962",
    "data": [
      {
        "text": "我闷了",
        "userDefined": false
      }
    ],
    "isTemplate": false,
    "count": 0,
    "updated": 0
  },
  {
    "id": "bc045f98-dd30-42ba-ac2a-182008cfdb9d",
    "data": [
      {
        "text": "我无聊死了",
        "userDefined": false
      }
    ],
    "isTemplate": false,
    "count": 0,
    "updated": 0
  },
  {
    "id": "a5aaf2b2-c764-4b91-bf30-7ebb44610f87",
    "data": [
      {
        "text": "无聊死了",
        "userDefined": false
      }
    ],
    "isTemplate": false,
    "count": 0,
    "updated": 0
  },
  {
    "id": "e7406882-3680-40cf-96c3-bdb8c95589ef",
    "data": [
      {
        "text": "那很无聊",
        "userDefined": false
      }
    ],
    "isTemplate": false,
    "count": 0,
    "updated": 0
  },
  {
    "id": "d68384b4-98e9-4dbc-8ff2-c5c034adaf81",
    "data": [
      {
        "text": "无聊啊",
        "userDefined": false
      }
    ],
    "isTemplate": false,
    "count": 0,
    "updated": 0
  },
  {
    "id": "a7b4ad32-f950-46e8-a07e-15e762b43940",
    "data": [
      {
        "text": "我觉得很无聊",
        "userDefined": false
      }
    ],
    "isTemplate": false,
    "count": 0,
    "updated": 0
  },
  {
    "id": "b41f173d-1fd8-46ae-9891-6a2c90bfb142",
    "data": [
      {
        "text": "这很无聊",
        "userDefined": false
      }
    ],
    "isTemplate": false,
    "count": 0,
    "updated": 0
  },
  {
    "id": "fcc81167-3955-4528-be11-e65d39d9d511",
    "data": [
      {
        "text": "很无聊",
        "userDefined": false
      }
    ],
    "isTemplate": false,
    "count": 0,
    "updated": 0
  },
  {
    "id": "0adc4ad6-779f-47d0-b0ad-b40fcf0de0ea",
    "data": [
      {
        "text": "非常无聊",
        "userDefined": false
      }
    ],
    "isTemplate": false,
    "count": 0,
    "updated": 0
  }
]