[
  {
    "id": "c474f9d1-f90d-4212-9631-70ebe019340c",
    "data": [
      {
        "text": "错误",
        "userDefined": false
      }
    ],
    "isTemplate": false,
    "count": 0,
    "updated": 0
  },
  {
    "id": "edf1df46-5ad6-4670-a4e5-8948917c9f55",
    "data": [
      {
        "text": "错",
        "userDefined": false
      }
    ],
    "isTemplate": false,
    "count": 0,
    "updated": 0
  },
  {
    "id": "59f92662-ce20-4b72-8742-8c3bdda6f33c",
    "data": [
      {
        "text": "不对",
        "userDefined": false
      }
    ],
    "isTemplate": false,
    "count": 0,
    "updated": 0
  },
  {
    "id": "a25e9dd5-532e-49c6-a21a-d7c988e327bf",
    "data": [
      {
        "text": "不对的",
        "userDefined": false
      }
    ],
    "isTemplate": false,
    "count": 0,
    "updated": 0
  },
  {
    "id": "dd553885-0a3e-47a6-8c91-536d8fc5152f",
    "data": [
      {
        "text": "完全不对",
        "userDefined": false
      }
    ],
    "isTemplate": false,
    "count": 0,
    "updated": 0
  },
  {
    "id": "0df8ddbc-70d1-4a03-9fb0-e0e5057f5274",
    "data": [
      {
        "text": "那是错的",
        "userDefined": false
      }
    ],
    "isTemplate": false,
    "count": 0,
    "updated": 0
  },
  {
    "id": "8ef65992-d2ad-4b80-8ed1-fbaab17f4eb0",
    "data": [
      {
        "text": "那是不对的",
        "userDefined": false
      }
    ],
    "isTemplate": false,
    "count": 0,
    "updated": 0
  },
  {
    "id": "ddcf4344-cf8b-45ca-a8b3-a1466de06dbd",
    "data": [
      {
        "text": "这是不对的",
        "userDefined": false
      }
    ],
    "isTemplate": false,
    "count": 0,
    "updated": 0
  },
  {
    "id": "c5e40730-5e00-4852-862a-4b243ced62e5",
    "data": [
      {
        "text": "这不是对的",
        "userDefined": false
      }
    ],
    "isTemplate": false,
    "count": 0,
    "updated": 0
  },
  {
    "id": "e7970ea6-696d-4a48-a915-48a928bf2d1b",
    "data": [
      {
        "text": "那是不正确的",
        "userDefined": false
      }
    ],
    "isTemplate": false,
    "count": 0,
    "updated": 0
  },
  {
    "id": "ad4462b6-f17f-4615-8c44-f1ddd9662e6f",
    "data": [
      {
        "text": "不正确",
        "userDefined": false
      }
    ],
    "isTemplate": false,
    "count": 0,
    "updated": 0
  },
  {
    "id": "6a456c75-a175-4403-9200-3bb0e66b19ca",
    "data": [
      {
        "text": "是不正确的",
        "userDefined": false
      }
    ],
    "isTemplate": false,
    "count": 0,
    "updated": 0
  },
  {
    "id": "91fd4db4-ef9d-4679-b88e-7c88f54947cb",
    "data": [
      {
        "text": "错的",
        "userDefined": false
      }
    ],
    "isTemplate": false,
    "count": 0,
    "updated": 0
  }
]