[
  {
    "id": "54c99a96-fc5d-4337-9410-deb33d5074c5",
    "data": [
      {
        "text": "我要睡觉了",
        "userDefined": false
      }
    ],
    "isTemplate": false,
    "count": 0,
    "updated": 0
  },
  {
    "id": "2fdbe6de-979f-4690-8202-71ac5a4fea87",
    "data": [
      {
        "text": "我上床睡觉",
        "userDefined": false
      }
    ],
    "isTemplate": false,
    "count": 0,
    "updated": 0
  },
  {
    "id": "42a324ff-ca2b-4b15-92d0-98b1fff056e0",
    "data": [
      {
        "text": "我去睡觉",
        "userDefined": false
      }
    ],
    "isTemplate": false,
    "count": 0,
    "updated": 0
  },
  {
    "id": "ea9136e8-c39c-4d3c-9347-751b44a167ad",
    "data": [
      {
        "text": "我去就寝",
        "userDefined": false
      }
    ],
    "isTemplate": false,
    "count": 0,
    "updated": 0
  },
  {
    "id": "25a80697-e7ab-403c-8c20-2d8504a87421",
    "data": [
      {
        "text": "我快要上床睡觉",
        "userDefined": false
      }
    ],
    "isTemplate": false,
    "count": 0,
    "updated": 0
  },
  {
    "id": "e5fd93e5-868b-427a-ac22-320512df8f2c",
    "data": [
      {
        "text": "我快要去睡觉",
        "userDefined": false
      }
    ],
    "isTemplate": false,
    "count": 0,
    "updated": 0
  },
  {
    "id": "2369ff69-0e0c-4f37-aea4-76bdcb77f0d8",
    "data": [
      {
        "text": "我快要去就寝",
        "userDefined": false
      }
    ],
    "isTemplate": false,
    "count": 0,
    "updated": 0
  },
  {
    "id": "ad88266c-ddac-4fae-af37-fa977988511f",
    "data": [
      {
        "text": "去睡觉吧",
        "userDefined": false
      }
    ],
    "isTemplate": false,
    "count": 0,
    "updated": 0
  },
  {
    "id": "565123ac-2294-44af-8734-11771895f929",
    "data": [
      {
        "text": "我想去睡觉",
        "userDefined": false
      }
    ],
    "isTemplate": false,
    "count": 0,
    "updated": 0
  }
]