{
  "id": "9ab7572a-ef77-4fe4-a900-b5587b10f011",
  "name": "smalltalk.user.does_not_want_to_talk",
  "auto": true,
  "contexts": [],
  "responses": [
    {
      "resetContexts": false,
      "action": "smalltalk.user.does_not_want_to_talk",
      "affectedContexts": [],
      "parameters": [],
      "defaultResponsePlatforms": {},
      "speech": []
    }
  ],
  "priority": 500000,
  "webhookUsed": false,
  "webhookForSlotFilling": false,
  "lastUpdate": 1493720705661,
  "fallbackIntent": false,
  "events": []
}