[
  {
    "id": "239bd25b-8f82-42c4-b2f4-0719c7870ae2",
    "data": [
      {
        "text": "和我聊天",
        "userDefined": false
      }
    ],
    "isTemplate": false,
    "count": 0,
    "updated": 0
  },
  {
    "id": "50382476-9ca2-4cb3-9349-3f4cc56896a9",
    "data": [
      {
        "text": "我想跟你说话",
        "userDefined": false
      }
    ],
    "isTemplate": false,
    "count": 0,
    "updated": 0
  },
  {
    "id": "4071efdc-2bcb-4ce9-b239-51415d04311b",
    "data": [
      {
        "text": "我要跟你说话",
        "userDefined": false
      }
    ],
    "isTemplate": false,
    "count": 0,
    "updated": 0
  },
  {
    "id": "96b5f7e0-a512-4be1-9f2b-ffc2cedc1308",
    "data": [
      {
        "text": "我们来谈谈",
        "userDefined": false
      }
    ],
    "isTemplate": false,
    "count": 0,
    "updated": 0
  },
  {
    "id": "ebe7cc0f-5757-4d4c-89ee-9765ac4b8268",
    "data": [
      {
        "text": "和我说说话",
        "userDefined": false
      }
    ],
    "isTemplate": false,
    "count": 0,
    "updated": 0
  },
  {
    "id": "01ae9ff6-34aa-4536-9059-974426c83dd6",
    "data": [
      {
        "text": "我可以说话么",
        "userDefined": false
      }
    ],
    "isTemplate": false,
    "count": 0,
    "updated": 0
  },
  {
    "id": "8fc4a858-2fae-435d-a497-53800e685b6d",
    "data": [
      {
        "text": "给你说话",
        "userDefined": false
      }
    ],
    "isTemplate": false,
    "count": 0,
    "updated": 0
  },
  {
    "id": "581f4e3a-d873-4d6b-b20f-e2ab12dea7c1",
    "data": [
      {
        "text": "给我说话",
        "userDefined": false
      }
    ],
    "isTemplate": false,
    "count": 0,
    "updated": 0
  },
  {
    "id": "07595e9f-4e82-40e5-b468-32ab1a2adb3f",
    "data": [
      {
        "text": "我要谈话",
        "userDefined": false
      }
    ],
    "isTemplate": false,
    "count": 0,
    "updated": 0
  },
  {
    "id": "9cd398a4-8f29-41c2-b542-21a1f266938e",
    "data": [
      {
        "text": "问问我",
        "userDefined": false
      }
    ],
    "isTemplate": false,
    "count": 0,
    "updated": 0
  },
  {
    "id": "2002d671-00f8-45a5-bb5e-f7c2f9967fb0",
    "data": [
      {
        "text": "给我聊天",
        "userDefined": false
      }
    ],
    "isTemplate": false,
    "count": 0,
    "updated": 0
  },
  {
    "id": "e46a3fd8-42c2-4453-9b80-36bd7229c577",
    "data": [
      {
        "text": "给你聊天",
        "userDefined": false
      }
    ],
    "isTemplate": false,
    "count": 0,
    "updated": 0
  },
  {
    "id": "b2082aac-609b-442f-b93f-5016107f5b79",
    "data": [
      {
        "text": "谈谈给我",
        "userDefined": false
      }
    ],
    "isTemplate": false,
    "count": 0,
    "updated": 0
  },
  {
    "id": "f2902bfc-8db9-4292-9ff0-e3e745a29ab4",
    "data": [
      {
        "text": "谈谈给你",
        "userDefined": false
      }
    ],
    "isTemplate": false,
    "count": 0,
    "updated": 0
  },
  {
    "id": "4b985dd7-fab8-48c9-aefc-791a08a040f9",
    "data": [
      {
        "text": "请你和我说话",
        "userDefined": false
      }
    ],
    "isTemplate": false,
    "count": 0,
    "updated": 0
  },
  {
    "id": "46ff6364-3b14-40ba-92ad-6d6ef9cc5066",
    "data": [
      {
        "text": "请你给我说话",
        "userDefined": false
      }
    ],
    "isTemplate": false,
    "count": 0,
    "updated": 0
  },
  {
    "id": "76bf7120-eed5-44c4-92a5-03dd5cbe8f0c",
    "data": [
      {
        "text": "我想要你给我说话",
        "userDefined": false
      }
    ],
    "isTemplate": false,
    "count": 0,
    "updated": 0
  },
  {
    "id": "3bc36f70-4017-4664-acb9-9d24af68a940",
    "data": [
      {
        "text": "我想给你说话",
        "userDefined": false
      }
    ],
    "isTemplate": false,
    "count": 0,
    "updated": 0
  },
  {
    "id": "a03c066b-a7ac-4717-ad1f-363bc01d7caa",
    "data": [
      {
        "text": "我想对你说话",
        "userDefined": false
      }
    ],
    "isTemplate": false,
    "count": 0,
    "updated": 0
  },
  {
    "id": "da753ffa-2f64-46eb-831c-544169a1be7b",
    "data": [
      {
        "text": "我想和你说话",
        "userDefined": false
      }
    ],
    "isTemplate": false,
    "count": 0,
    "updated": 0
  },
  {
    "id": "e01ea60c-8b52-4913-af3b-cc87a3282c78",
    "data": [
      {
        "text": "我想跟你讲话",
        "userDefined": false
      }
    ],
    "isTemplate": false,
    "count": 0,
    "updated": 0
  }
]