[
  {
    "id": "c65ab483-dc8b-4088-8eeb-2edee076fba9",
    "data": [
      {
        "text": "我睡不着",
        "userDefined": false
      }
    ],
    "isTemplate": false,
    "count": 0,
    "updated": 0
  },
  {
    "id": "ed3866c6-6d32-4acd-8c4e-3f80ce21f204",
    "data": [
      {
        "text": "睡不著",
        "userDefined": false
      }
    ],
    "isTemplate": false,
    "count": 0,
    "updated": 0
  },
  {
    "id": "ebcc9cc2-e0cb-41e8-85c2-da1e0093ff94",
    "data": [
      {
        "text": "我睡不著",
        "userDefined": false
      }
    ],
    "isTemplate": false,
    "count": 0,
    "updated": 0
  },
  {
    "id": "9c3482f9-6a5a-40a0-9d6a-c642d625e38f",
    "data": [
      {
        "text": "我正在睡不著",
        "userDefined": false
      }
    ],
    "isTemplate": false,
    "count": 0,
    "updated": 0
  },
  {
    "id": "066bd833-5567-4c4f-b5ad-1aed5262f5cc",
    "data": [
      {
        "text": "我觉得睡不著",
        "userDefined": false
      }
    ],
    "isTemplate": false,
    "count": 0,
    "updated": 0
  },
  {
    "id": "2e102958-4d63-40a9-b521-a00ef8cc461b",
    "data": [
      {
        "text": "我真的睡不著",
        "userDefined": false
      }
    ],
    "isTemplate": false,
    "count": 0,
    "updated": 0
  },
  {
    "id": "6f3a1300-93d1-4205-b04e-f0a32db85701",
    "data": [
      {
        "text": "我真睡不著",
        "userDefined": false
      }
    ],
    "isTemplate": false,
    "count": 0,
    "updated": 0
  },
  {
    "id": "99cbe418-75c3-4a41-99df-de1398df710f",
    "data": [
      {
        "text": "睡不著怎么办",
        "userDefined": false
      }
    ],
    "isTemplate": false,
    "count": 0,
    "updated": 0
  }
]