{
  "id": "d4002e1b-ea6d-4f7e-bdbc-36149a653164",
  "name": "smalltalk.greetings.nice_to_see_you",
  "auto": true,
  "contexts": [],
  "responses": [
    {
      "resetContexts": false,
      "action": "smalltalk.greetings.nice_to_see_you",
      "affectedContexts": [],
      "parameters": [],
      "defaultResponsePlatforms": {},
      "speech": []
    }
  ],
  "priority": 500000,
  "webhookUsed": false,
  "webhookForSlotFilling": false,
  "lastUpdate": 1493720705642,
  "fallbackIntent": false,
  "events": []
}