[
  {
    "id": "48df3b42-afbc-4848-bf56-eab5d29fc5d8",
    "data": [
      {
        "text": "晚安",
        "userDefined": false
      }
    ],
    "isTemplate": false,
    "count": 0,
    "updated": 0
  },
  {
    "id": "c5b6439e-681b-4456-90d2-8243b9223751",
    "data": [
      {
        "text": "晚安飞飞",
        "userDefined": false
      }
    ],
    "isTemplate": false,
    "count": 0,
    "updated": 0
  },
  {
    "id": "ba1b73b4-c646-47db-a28c-77e91dfc6cb1",
    "data": [
      {
        "text": "晚安美女",
        "userDefined": false
      }
    ],
    "isTemplate": false,
    "count": 0,
    "updated": 0
  },
  {
    "id": "450d730e-5f3d-4578-81ae-65a8bd9e7c64",
    "data": [
      {
        "text": "晚安宝贝",
        "userDefined": false
      }
    ],
    "isTemplate": false,
    "count": 0,
    "updated": 0
  },
  {
    "id": "82cb1a2a-cb84-42e1-b29e-6a81fcf1ee6f",
    "data": [
      {
        "text": "晚安 朋友",
        "userDefined": false
      }
    ],
    "isTemplate": false,
    "count": 0,
    "updated": 0
  },
  {
    "id": "ade3046e-0622-4a79-8edf-7c0d33a74ddf",
    "data": [
      {
        "text": "晚安老婆",
        "userDefined": false
      }
    ],
    "isTemplate": false,
    "count": 0,
    "updated": 0
  },
  {
    "id": "73b65ece-1df4-4183-9c9f-87734191244a",
    "data": [
      {
        "text": "晚安爱人",
        "userDefined": false
      }
    ],
    "isTemplate": false,
    "count": 0,
    "updated": 0
  },
  {
    "id": "84d5f40c-1ef1-4670-bdab-af85a8b9444a",
    "data": [
      {
        "text": "晚安 蜜糖",
        "userDefined": false
      }
    ],
    "isTemplate": false,
    "count": 0,
    "updated": 0
  },
  {
    "id": "1cb7d29e-6009-4c2b-9fd2-53cc74bad551",
    "data": [
      {
        "text": "晚安伙伴",
        "userDefined": false
      }
    ],
    "isTemplate": false,
    "count": 0,
    "updated": 0
  },
  {
    "id": "dc9464f0-4bd6-45b2-8e09-99858a18b03f",
    "data": [
      {
        "text": "晚安女孩",
        "userDefined": false
      }
    ],
    "isTemplate": false,
    "count": 0,
    "updated": 0
  },
  {
    "id": "affee053-3ee9-4d67-ab28-d2dd9104bb86",
    "data": [
      {
        "text": "晚安助手",
        "userDefined": false
      }
    ],
    "isTemplate": false,
    "count": 0,
    "updated": 0
  },
  {
    "id": "fa3b96aa-9f5a-4946-82d3-98faafc65365",
    "data": [
      {
        "text": "晚安心爱的",
        "userDefined": false
      }
    ],
    "isTemplate": false,
    "count": 0,
    "updated": 0
  },
  {
    "id": "3a9e3544-c7b7-4ed8-b5f6-edf221eb49d7",
    "data": [
      {
        "text": "晚安可爱的",
        "userDefined": false
      }
    ],
    "isTemplate": false,
    "count": 0,
    "updated": 0
  },
  {
    "id": "e49faded-faa5-4868-8cd1-c857e7f49b6c",
    "data": [
      {
        "text": "晚安 亲爱的",
        "userDefined": false
      }
    ],
    "isTemplate": false,
    "count": 0,
    "updated": 0
  },
  {
    "id": "d5d51820-9336-470c-a9db-caa4156f0b49",
    "data": [
      {
        "text": "晚安明天见",
        "userDefined": false
      }
    ],
    "isTemplate": false,
    "count": 0,
    "updated": 0
  },
  {
    "id": "1bd7dde7-7560-4c25-979e-f6d872aaa38b",
    "data": [
      {
        "text": "晚安我亲爱的",
        "userDefined": false
      }
    ],
    "isTemplate": false,
    "count": 0,
    "updated": 0
  },
  {
    "id": "c1f83d07-c687-4baa-94bb-99b9f10d32d7",
    "data": [
      {
        "text": "晚安我亲爱的朋友",
        "userDefined": false
      }
    ],
    "isTemplate": false,
    "count": 0,
    "updated": 0
  },
  {
    "id": "43e6fa80-8c32-418b-a7ce-b5896c963de8",
    "data": [
      {
        "text": "晚安祝你有一个好梦",
        "userDefined": false
      }
    ],
    "isTemplate": false,
    "count": 0,
    "updated": 0
  },
  {
    "id": "d53324d5-5c0e-4119-a8d4-4fc0dc4239d4",
    "data": [
      {
        "text": "祝你晚安",
        "userDefined": false
      }
    ],
    "isTemplate": false,
    "count": 0,
    "updated": 0
  },
  {
    "id": "d2b7bf61-fea8-4638-9963-0873ffbd9bc0",
    "data": [
      {
        "text": "祝你安睡",
        "userDefined": false
      }
    ],
    "isTemplate": false,
    "count": 0,
    "updated": 0
  },
  {
    "id": "e5e0d409-c286-4d2c-8474-743cbbe73bd3",
    "data": [
      {
        "text": "谢谢你晚安",
        "userDefined": false
      }
    ],
    "isTemplate": false,
    "count": 0,
    "updated": 0
  },
  {
    "id": "78c6a626-1877-403e-862a-c813eef7d808",
    "data": [
      {
        "text": "拜拜晚安",
        "userDefined": false
      }
    ],
    "isTemplate": false,
    "count": 0,
    "updated": 0
  }
]