[
  {
    "id": "886ab6ce-1c92-4b8b-9829-3e03798c1445",
    "data": [
      {
        "text": "对不起",
        "userDefined": false
      }
    ],
    "isTemplate": false,
    "count": 0,
    "updated": 0
  },
  {
    "id": "5f351c40-35a5-4358-b025-d10cfcb5fd49",
    "data": [
      {
        "text": "不好意思",
        "userDefined": false
      }
    ],
    "isTemplate": false,
    "count": 0,
    "updated": 0
  },
  {
    "id": "db80bdf7-070d-4a20-8d86-29de407309a5",
    "data": [
      {
        "text": "抱歉",
        "userDefined": false
      }
    ],
    "isTemplate": false,
    "count": 0,
    "updated": 0
  },
  {
    "id": "8bc17a4f-7d79-4e9a-aa40-9dd06fbe7e02",
    "data": [
      {
        "text": "我很抱歉",
        "userDefined": false
      }
    ],
    "isTemplate": false,
    "count": 0,
    "updated": 0
  },
  {
    "id": "a37529fc-0881-4c61-a562-09fe96858614",
    "data": [
      {
        "text": "我觉得很抱歉",
        "userDefined": false
      }
    ],
    "isTemplate": false,
    "count": 0,
    "updated": 0
  },
  {
    "id": "96576438-9e98-43a0-a3e7-8c6090830468",
    "data": [
      {
        "text": "请再说一遍",
        "userDefined": false
      }
    ],
    "isTemplate": false,
    "count": 0,
    "updated": 0
  },
  {
    "id": "977d01af-7d13-4294-b734-74c44d5d72c7",
    "data": [
      {
        "text": "我说对不起",
        "userDefined": false
      }
    ],
    "isTemplate": false,
    "count": 0,
    "updated": 0
  },
  {
    "id": "f59b0296-3b4c-493c-aaa1-8b1dadefbb1a",
    "data": [
      {
        "text": "真的对不起",
        "userDefined": false
      }
    ],
    "isTemplate": false,
    "count": 0,
    "updated": 0
  },
  {
    "id": "2a68f21a-849f-471c-9f22-d4c13284a8d1",
    "data": [
      {
        "text": "很抱歉",
        "userDefined": false
      }
    ],
    "isTemplate": false,
    "count": 0,
    "updated": 0
  },
  {
    "id": "46b4b3e4-2b89-4c5a-ad11-7dfc4162aab7",
    "data": [
      {
        "text": "好的对不起",
        "userDefined": false
      }
    ],
    "isTemplate": false,
    "count": 0,
    "updated": 0
  },
  {
    "id": "01dfebe9-77c5-4764-9faf-c3f00635aec5",
    "data": [
      {
        "text": "我想说对不起",
        "userDefined": false
      }
    ],
    "isTemplate": false,
    "count": 0,
    "updated": 0
  },
  {
    "id": "4ebdf245-35e3-423a-ba00-c1eb8bfbb5a1",
    "data": [
      {
        "text": "对不起我很抱歉",
        "userDefined": false
      }
    ],
    "isTemplate": false,
    "count": 0,
    "updated": 0
  },
  {
    "id": "34a859f7-a7f8-4442-a415-15b49b92a45b",
    "data": [
      {
        "text": "好的我很抱歉",
        "userDefined": false
      }
    ],
    "isTemplate": false,
    "count": 0,
    "updated": 0
  }
]