{
  "id": "729df792-a954-45f0-b3ca-94697b62e932",
  "name": "smalltalk.greetings.nice_to_meet_you",
  "auto": true,
  "contexts": [],
  "responses": [
    {
      "resetContexts": false,
      "action": "smalltalk.greetings.nice_to_meet_you",
      "affectedContexts": [],
      "parameters": [],
      "defaultResponsePlatforms": {},
      "speech": []
    }
  ],
  "priority": 500000,
  "webhookUsed": false,
  "webhookForSlotFilling": false,
  "lastUpdate": 1493720705635,
  "fallbackIntent": false,
  "events": []
}