[
  {
    "id": "a5a0d911-6654-41be-8083-01d73c136117",
    "data": [
      {
        "text": "好",
        "userDefined": false
      }
    ],
    "isTemplate": false,
    "count": 0,
    "updated": 0
  },
  {
    "id": "7e0bfa66-dae6-4067-b564-137c8e8554aa",
    "data": [
      {
        "text": "好的",
        "userDefined": false
      }
    ],
    "isTemplate": false,
    "count": 0,
    "updated": 0
  },
  {
    "id": "c0d0f073-32a3-4cf2-b5ab-8eed4b6564e4",
    "data": [
      {
        "text": "好吧",
        "userDefined": false
      }
    ],
    "isTemplate": false,
    "count": 0,
    "updated": 0
  },
  {
    "id": "bdcfb702-17c0-40bc-b0c2-f6a660dea2c0",
    "data": [
      {
        "text": "好啊",
        "userDefined": false
      }
    ],
    "isTemplate": false,
    "count": 0,
    "updated": 0
  },
  {
    "id": "d865f5b7-1469-430f-9944-f8b5017b2aef",
    "data": [
      {
        "text": "好了",
        "userDefined": false
      }
    ],
    "isTemplate": false,
    "count": 0,
    "updated": 0
  },
  {
    "id": "86ebc66d-b686-4735-b32a-a21e703a8d70",
    "data": [
      {
        "text": "好啦",
        "userDefined": false
      }
    ],
    "isTemplate": false,
    "count": 0,
    "updated": 0
  },
  {
    "id": "8b1c9529-f539-4d28-99b0-6c7b1f396e46",
    "data": [
      {
        "text": "非常酷",
        "userDefined": false
      }
    ],
    "isTemplate": false,
    "count": 0,
    "updated": 0
  },
  {
    "id": "2ceaab70-38c3-40c9-a4f6-da09843caf0f",
    "data": [
      {
        "text": "那很好",
        "userDefined": false
      }
    ],
    "isTemplate": false,
    "count": 0,
    "updated": 0
  },
  {
    "id": "73297608-72bc-4c3b-be72-8487a11868c2",
    "data": [
      {
        "text": "很高兴听你这样说",
        "userDefined": false
      }
    ],
    "isTemplate": false,
    "count": 0,
    "updated": 0
  },
  {
    "id": "a3ac2abc-c7ab-4537-9f42-8ee0d8d40903",
    "data": [
      {
        "text": "了不起",
        "userDefined": false
      }
    ],
    "isTemplate": false,
    "count": 0,
    "updated": 0
  },
  {
    "id": "227a68b1-cd2d-496f-8ed8-c795260df9d0",
    "data": [
      {
        "text": "棒极了",
        "userDefined": false
      }
    ],
    "isTemplate": false,
    "count": 0,
    "updated": 0
  },
  {
    "id": "6964be76-2671-4db7-b3a4-c16693c7a79f",
    "data": [
      {
        "text": "那很棒",
        "userDefined": false
      }
    ],
    "isTemplate": false,
    "count": 0,
    "updated": 0
  },
  {
    "id": "e579d8f4-feb5-4ba1-ae0e-51bae08a7cb6",
    "data": [
      {
        "text": "这很好",
        "userDefined": false
      }
    ],
    "isTemplate": false,
    "count": 0,
    "updated": 0
  },
  {
    "id": "fcf0a735-1caf-4ba2-a62a-94523787be4d",
    "data": [
      {
        "text": "这很棒",
        "userDefined": false
      }
    ],
    "isTemplate": false,
    "count": 0,
    "updated": 0
  },
  {
    "id": "8093f240-9afe-424b-b46e-b3ebe4e1dbc1",
    "data": [
      {
        "text": "不错",
        "userDefined": false
      }
    ],
    "isTemplate": false,
    "count": 0,
    "updated": 0
  },
  {
    "id": "d690e520-dac0-49b8-89c5-4b1dc844a76e",
    "data": [
      {
        "text": "没关系",
        "userDefined": false
      }
    ],
    "isTemplate": false,
    "count": 0,
    "updated": 0
  },
  {
    "id": "3a0d51c8-91fd-4718-873a-20754027e74e",
    "data": [
      {
        "text": "很好",
        "userDefined": false
      }
    ],
    "isTemplate": false,
    "count": 0,
    "updated": 0
  },
  {
    "id": "e6786f41-32f8-4567-be79-05fade50759b",
    "data": [
      {
        "text": "太棒了",
        "userDefined": false
      }
    ],
    "isTemplate": false,
    "count": 0,
    "updated": 0
  },
  {
    "id": "13d4c37d-b6c5-4b0f-a615-033bc105f53a",
    "data": [
      {
        "text": "好很好",
        "userDefined": false
      }
    ],
    "isTemplate": false,
    "count": 0,
    "updated": 0
  },
  {
    "id": "e2e6b73d-fa44-447b-a396-90c9ef80b687",
    "data": [
      {
        "text": "这是非常好的",
        "userDefined": false
      }
    ],
    "isTemplate": false,
    "count": 0,
    "updated": 0
  },
  {
    "id": "25572a38-844c-46c1-bc0c-3bbd9f5aa124",
    "data": [
      {
        "text": "真的很好",
        "userDefined": false
      }
    ],
    "isTemplate": false,
    "count": 0,
    "updated": 0
  },
  {
    "id": "7c015d85-5d41-44c4-aa12-ca82a9f98119",
    "data": [
      {
        "text": "没事",
        "userDefined": false
      }
    ],
    "isTemplate": false,
    "count": 0,
    "updated": 0
  },
  {
    "id": "bca505ab-bfb5-4337-b525-ed49d65b1b79",
    "data": [
      {
        "text": "这是好的",
        "userDefined": false
      }
    ],
    "isTemplate": false,
    "count": 0,
    "updated": 0
  },
  {
    "id": "aff90f53-83a5-4fce-856c-ff74a7217850",
    "data": [
      {
        "text": "好多了",
        "userDefined": false
      }
    ],
    "isTemplate": false,
    "count": 0,
    "updated": 0
  },
  {
    "id": "d3f82beb-7e9d-4f15-a1be-f3eb0145ff8d",
    "data": [
      {
        "text": "非常好",
        "userDefined": false
      }
    ],
    "isTemplate": false,
    "count": 0,
    "updated": 0
  },
  {
    "id": "f53fb18f-974a-42ad-8232-1b64533eaebf",
    "data": [
      {
        "text": "那是非常好的",
        "userDefined": false
      }
    ],
    "isTemplate": false,
    "count": 0,
    "updated": 0
  }
]