[
  {
    "id": "be17da37-430b-49ba-a9df-15dbe1283fe2",
    "data": [
      {
        "text": "我回来了",
        "userDefined": false
      }
    ],
    "isTemplate": false,
    "count": 0,
    "updated": 0
  },
  {
    "id": "88ca8f91-a63d-44f4-8b5e-39664934d4f0",
    "data": [
      {
        "text": "我来了",
        "userDefined": false
      }
    ],
    "isTemplate": false,
    "count": 0,
    "updated": 0
  },
  {
    "id": "5680b3ca-df72-4a55-a2e5-ac3c517b95f0",
    "data": [
      {
        "text": "我归来了",
        "userDefined": false
      }
    ],
    "isTemplate": false,
    "count": 0,
    "updated": 0
  },
  {
    "id": "03994957-5db0-4515-a4ff-65f40e41a8ad",
    "data": [
      {
        "text": "我又来了",
        "userDefined": false
      }
    ],
    "isTemplate": false,
    "count": 0,
    "updated": 0
  },
  {
    "id": "4a89c71f-4fea-4f26-9373-fb23ad7719bc",
    "data": [
      {
        "text": "我回来",
        "userDefined": false
      }
    ],
    "isTemplate": false,
    "count": 0,
    "updated": 0
  }
]