[
  {
    "id": "8d526f65-2ae3-4684-955b-4f29705fd02a",
    "data": [
      {
        "text": "早上好",
        "userDefined": false
      }
    ],
    "isTemplate": false,
    "count": 0,
    "updated": 0
  },
  {
    "id": "591e0b77-9275-4606-9208-f1820ef176a7",
    "data": [
      {
        "text": "早",
        "userDefined": false
      }
    ],
    "isTemplate": false,
    "count": 0,
    "updated": 0
  },
  {
    "id": "0fa722c9-8725-44ee-9095-da8b0f8317b6",
    "data": [
      {
        "text": "早安",
        "userDefined": false
      }
    ],
    "isTemplate": false,
    "count": 0,
    "updated": 0
  },
  {
    "id": "6245108f-e9bf-4a87-944b-191f04974408",
    "data": [
      {
        "text": "早晨",
        "userDefined": false
      }
    ],
    "isTemplate": false,
    "count": 0,
    "updated": 0
  },
  {
    "id": "d635b14e-83f4-44ac-8d3c-0d70c6d37c09",
    "data": [
      {
        "text": "早啊",
        "userDefined": false
      }
    ],
    "isTemplate": false,
    "count": 0,
    "updated": 0
  },
  {
    "id": "148af878-53d3-45c4-9297-136a7f92b8bb",
    "data": [
      {
        "text": "早晨好",
        "userDefined": false
      }
    ],
    "isTemplate": false,
    "count": 0,
    "updated": 0
  },
  {
    "id": "4c501a21-c11b-47c8-ab5d-a4e585e3cab6",
    "data": [
      {
        "text": "哈啰早上好",
        "userDefined": false
      }
    ],
    "isTemplate": false,
    "count": 0,
    "updated": 0
  },
  {
    "id": "4af72716-dc1b-40eb-a3d0-24c6a0f4b047",
    "data": [
      {
        "text": "早上好 谢谢",
        "userDefined": false
      }
    ],
    "isTemplate": false,
    "count": 0,
    "updated": 0
  },
  {
    "id": "09631660-5917-498b-969b-133b14c94f8d",
    "data": [
      {
        "text": "早上好飞飞",
        "userDefined": false
      }
    ],
    "isTemplate": false,
    "count": 0,
    "updated": 0
  },
  {
    "id": "a46e1bf5-0aa1-42a3-9bc1-101373f52776",
    "data": [
      {
        "text": "早上好老婆",
        "userDefined": false
      }
    ],
    "isTemplate": false,
    "count": 0,
    "updated": 0
  },
  {
    "id": "c67e2f52-0422-4481-9594-7cf8aa6eec89",
    "data": [
      {
        "text": "早上好爱人",
        "userDefined": false
      }
    ],
    "isTemplate": false,
    "count": 0,
    "updated": 0
  },
  {
    "id": "c3a3a00e-f0cf-4027-8668-6fa690735e6d",
    "data": [
      {
        "text": "早上好宝贝",
        "userDefined": false
      }
    ],
    "isTemplate": false,
    "count": 0,
    "updated": 0
  },
  {
    "id": "83fd6d0a-4fbd-46e2-93e3-70f579becc29",
    "data": [
      {
        "text": "早上好 朋友",
        "userDefined": false
      }
    ],
    "isTemplate": false,
    "count": 0,
    "updated": 0
  },
  {
    "id": "a71799e5-9516-4ed6-8e6d-e33404f0f6f5",
    "data": [
      {
        "text": "早上好 蜜糖",
        "userDefined": false
      }
    ],
    "isTemplate": false,
    "count": 0,
    "updated": 0
  },
  {
    "id": "4c62ae98-f286-4a34-9369-01f0e3026016",
    "data": [
      {
        "text": "早上好美女",
        "userDefined": false
      }
    ],
    "isTemplate": false,
    "count": 0,
    "updated": 0
  },
  {
    "id": "c81b816d-b7f3-48a0-be46-7b707c09aef7",
    "data": [
      {
        "text": "早上好亲爱的",
        "userDefined": false
      }
    ],
    "isTemplate": false,
    "count": 0,
    "updated": 0
  },
  {
    "id": "ce9a4d8a-43a6-4d57-8cf5-ecf9af3295c2",
    "data": [
      {
        "text": "早上好伙伴",
        "userDefined": false
      }
    ],
    "isTemplate": false,
    "count": 0,
    "updated": 0
  },
  {
    "id": "533e0f00-d7ae-4ec1-bb36-0110d5bc5d4f",
    "data": [
      {
        "text": "早上好心爱的",
        "userDefined": false
      }
    ],
    "isTemplate": false,
    "count": 0,
    "updated": 0
  },
  {
    "id": "368fe3d1-823e-4253-a0f1-c35a7f96ab95",
    "data": [
      {
        "text": "早上好女孩",
        "userDefined": false
      }
    ],
    "isTemplate": false,
    "count": 0,
    "updated": 0
  },
  {
    "id": "1412f9d6-9c3b-4e48-b78f-d92674811e6e",
    "data": [
      {
        "text": "早上好助手",
        "userDefined": false
      }
    ],
    "isTemplate": false,
    "count": 0,
    "updated": 0
  },
  {
    "id": "e32d95d6-aef6-41bc-a765-9b134b74c5c3",
    "data": [
      {
        "text": "早上好 亲爱的",
        "userDefined": false
      }
    ],
    "isTemplate": false,
    "count": 0,
    "updated": 0
  },
  {
    "id": "bf3a38e3-e0ee-42a2-9b34-813d4e6fd5b9",
    "data": [
      {
        "text": "早上好可爱的",
        "userDefined": false
      }
    ],
    "isTemplate": false,
    "count": 0,
    "updated": 0
  },
  {
    "id": "372f538f-9903-42d7-9826-f242b29ae6be",
    "data": [
      {
        "text": "早上好我亲爱的",
        "userDefined": false
      }
    ],
    "isTemplate": false,
    "count": 0,
    "updated": 0
  },
  {
    "id": "4706501b-d189-4564-9e24-3338e8f1171d",
    "data": [
      {
        "text": "早上好我亲爱的朋友",
        "userDefined": false
      }
    ],
    "isTemplate": false,
    "count": 0,
    "updated": 0
  },
  {
    "id": "ffe3b5cc-f496-4c21-b8e2-759011e4b710",
    "data": [
      {
        "text": "祝你早上好",
        "userDefined": false
      }
    ],
    "isTemplate": false,
    "count": 0,
    "updated": 0
  },
  {
    "id": "66701d50-30c0-4434-9d50-51247fdde366",
    "data": [
      {
        "text": "祝你有一个愉快的上午",
        "userDefined": false
      }
    ],
    "isTemplate": false,
    "count": 0,
    "updated": 0
  },
  {
    "id": "b791ba03-6485-45e6-a087-1ab58a044c0a",
    "data": [
      {
        "text": "祝你有一个美好的上午",
        "userDefined": false
      }
    ],
    "isTemplate": false,
    "count": 0,
    "updated": 0
  },
  {
    "id": "695d91e6-fed4-4535-bec6-4fef67b4fbc3",
    "data": [
      {
        "text": "我刚起来",
        "userDefined": false
      }
    ],
    "isTemplate": false,
    "count": 0,
    "updated": 0
  },
  {
    "id": "947845e9-79e8-4396-b7ed-3210b8211f31",
    "data": [
      {
        "text": "我刚从床上起来",
        "userDefined": false
      }
    ],
    "isTemplate": false,
    "count": 0,
    "updated": 0
  },
  {
    "id": "fdc84ed1-a846-4a4f-98f9-c74d32f8e456",
    "data": [
      {
        "text": "美好的上午对吧",
        "userDefined": false
      }
    ],
    "isTemplate": false,
    "count": 0,
    "updated": 0
  }
]