[
  {
    "id": "b7a04130-743d-4322-ae6c-4e6fa1cc956f",
    "data": [
      {
        "text": "谢谢你",
        "userDefined": false
      }
    ],
    "isTemplate": false,
    "count": 0,
    "updated": 0
  },
  {
    "id": "3de89cad-8135-402a-8f58-29e7025a6b65",
    "data": [
      {
        "text": "非常感谢你",
        "userDefined": false
      }
    ],
    "isTemplate": false,
    "count": 0,
    "updated": 0
  },
  {
    "id": "8504903a-015e-4227-82ca-12b3783f3335",
    "data": [
      {
        "text": "多谢",
        "userDefined": false
      }
    ],
    "isTemplate": false,
    "count": 0,
    "updated": 0
  },
  {
    "id": "0d857af9-6a57-46f1-9201-7337aed13c14",
    "data": [
      {
        "text": "多谢你",
        "userDefined": false
      }
    ],
    "isTemplate": false,
    "count": 0,
    "updated": 0
  },
  {
    "id": "ea9406f3-e9d5-442e-96f2-99aeaf41e35f",
    "data": [
      {
        "text": "多谢您",
        "userDefined": false
      }
    ],
    "isTemplate": false,
    "count": 0,
    "updated": 0
  },
  {
    "id": "ba6c835b-6877-4ce0-9a03-74f622636a3a",
    "data": [
      {
        "text": "感谢你",
        "userDefined": false
      }
    ],
    "isTemplate": false,
    "count": 0,
    "updated": 0
  },
  {
    "id": "d7f4ba29-e7d3-45b3-80ac-d3e5c1b4d395",
    "data": [
      {
        "text": "感谢您",
        "userDefined": false
      }
    ],
    "isTemplate": false,
    "count": 0,
    "updated": 0
  },
  {
    "id": "7b40dd92-91ae-4463-8205-b61f6d6750ea",
    "data": [
      {
        "text": "感谢你的帮助",
        "userDefined": false
      }
    ],
    "isTemplate": false,
    "count": 0,
    "updated": 0
  },
  {
    "id": "b52f5a7e-a70d-4117-9016-20e4a8fbdc0b",
    "data": [
      {
        "text": "谢谢",
        "userDefined": false
      }
    ],
    "isTemplate": false,
    "count": 0,
    "updated": 0
  },
  {
    "id": "c5e47afc-75d0-49d8-a9d3-5d7e9e62ed82",
    "data": [
      {
        "text": "非常感谢",
        "userDefined": false
      }
    ],
    "isTemplate": false,
    "count": 0,
    "updated": 0
  },
  {
    "id": "5f8e1b2c-6d64-4f6d-9c0c-89a25da76e2b",
    "data": [
      {
        "text": "太好了谢谢",
        "userDefined": false
      }
    ],
    "isTemplate": false,
    "count": 0,
    "updated": 0
  },
  {
    "id": "124bec49-d1ff-41b2-8ffd-a58a0860d592",
    "data": [
      {
        "text": "谢谢你的帮助",
        "userDefined": false
      }
    ],
    "isTemplate": false,
    "count": 0,
    "updated": 0
  },
  {
    "id": "5ed3a3cf-230d-4e27-a625-8efe4c70a252",
    "data": [
      {
        "text": "感谢您的帮助",
        "userDefined": false
      }
    ],
    "isTemplate": false,
    "count": 0,
    "updated": 0
  },
  {
    "id": "1219c038-acc4-4d18-9de8-e0793ee69038",
    "data": [
      {
        "text": "好的谢谢",
        "userDefined": false
      }
    ],
    "isTemplate": false,
    "count": 0,
    "updated": 0
  },
  {
    "id": "d6dc5d72-01e0-4871-ad31-78490b957ad2",
    "data": [
      {
        "text": "我很感激",
        "userDefined": false
      }
    ],
    "isTemplate": false,
    "count": 0,
    "updated": 0
  },
  {
    "id": "68dd763b-a49f-47ee-9b36-caf0491cf604",
    "data": [
      {
        "text": "我谢谢你",
        "userDefined": false
      }
    ],
    "isTemplate": false,
    "count": 0,
    "updated": 0
  },
  {
    "id": "fbb0d0a4-6127-4eb4-a584-e4cb896b15d2",
    "data": [
      {
        "text": "再次感谢",
        "userDefined": false
      }
    ],
    "isTemplate": false,
    "count": 0,
    "updated": 0
  },
  {
    "id": "03afaed3-de67-4b63-83bf-4e6426347bdd",
    "data": [
      {
        "text": "再次感谢你",
        "userDefined": false
      }
    ],
    "isTemplate": false,
    "count": 0,
    "updated": 0
  },
  {
    "id": "21f6e0d6-846e-4979-b0c0-bf1ea93e129b",
    "data": [
      {
        "text": "多谢谢你",
        "userDefined": false
      }
    ],
    "isTemplate": false,
    "count": 0,
    "updated": 0
  },
  {
    "id": "c4ce6931-247d-4af4-83e0-a763e484059e",
    "data": [
      {
        "text": "非常谢谢",
        "userDefined": false
      }
    ],
    "isTemplate": false,
    "count": 0,
    "updated": 0
  }
]