[
  {
    "id": "e6ef4e11-634b-41c0-b16c-e8b5739a992d",
    "data": [
      {
        "text": "我很忙",
        "userDefined": false
      }
    ],
    "isTemplate": false,
    "count": 0,
    "updated": 0
  },
  {
    "id": "d85b21b7-99c8-4212-8cd6-0077f8cad0c4",
    "data": [
      {
        "text": "我现在很忙",
        "userDefined": false
      }
    ],
    "isTemplate": false,
    "count": 0,
    "updated": 0
  },
  {
    "id": "e3c3e790-d284-4037-860e-9e656fc5512f",
    "data": [
      {
        "text": "我正在很忙",
        "userDefined": false
      }
    ],
    "isTemplate": false,
    "count": 0,
    "updated": 0
  },
  {
    "id": "ac963937-97d6-46f7-922e-07582e60ef38",
    "data": [
      {
        "text": "别打扰我",
        "userDefined": false
      }
    ],
    "isTemplate": false,
    "count": 0,
    "updated": 0
  },
  {
    "id": "c93592c9-4fb8-4cbe-95c8-715252eddc49",
    "data": [
      {
        "text": "我非常忙",
        "userDefined": false
      }
    ],
    "isTemplate": false,
    "count": 0,
    "updated": 0
  },
  {
    "id": "47a701ee-dbfd-4488-985c-05458d0330db",
    "data": [
      {
        "text": "我现在非常忙",
        "userDefined": false
      }
    ],
    "isTemplate": false,
    "count": 0,
    "updated": 0
  }
]