[
  {
    "id": "4121bc90-213b-4163-8c72-a0affeb9856e",
    "data": [
      {
        "text": "我很好",
        "userDefined": false
      }
    ],
    "isTemplate": false,
    "count": 0,
    "updated": 0
  },
  {
    "id": "7bf62b7d-59ca-435a-b31a-4718a0368478",
    "data": [
      {
        "text": "我非常好",
        "userDefined": false
      }
    ],
    "isTemplate": false,
    "count": 0,
    "updated": 0
  },
  {
    "id": "7d471729-3ef4-407b-b0e1-ba3311e55d8e",
    "data": [
      {
        "text": "我好极了",
        "userDefined": false
      }
    ],
    "isTemplate": false,
    "count": 0,
    "updated": 0
  },
  {
    "id": "db474a0a-769c-4dc6-a229-e7ae9afd790a",
    "data": [
      {
        "text": "我真好",
        "userDefined": false
      }
    ],
    "isTemplate": false,
    "count": 0,
    "updated": 0
  },
  {
    "id": "7f7bb0a3-a384-49d4-bbf6-65789762149a",
    "data": [
      {
        "text": "我真好的",
        "userDefined": false
      }
    ],
    "isTemplate": false,
    "count": 0,
    "updated": 0
  },
  {
    "id": "3b0a0efd-0dd7-47a8-b055-69d7f9da0131",
    "data": [
      {
        "text": "我做得很好",
        "userDefined": false
      }
    ],
    "isTemplate": false,
    "count": 0,
    "updated": 0
  },
  {
    "id": "29d05d7a-4cd6-4d75-830d-2e67cd4d7d1d",
    "data": [
      {
        "text": "我很好谢谢",
        "userDefined": false
      }
    ],
    "isTemplate": false,
    "count": 0,
    "updated": 0
  }
]