[
  {
    "id": "499507f5-6d3f-4ed7-b818-57664ef3022c",
    "data": [
      {
        "text": "我很激动",
        "userDefined": false
      }
    ],
    "isTemplate": false,
    "count": 0,
    "updated": 0
  },
  {
    "id": "1caa3e5a-af4e-4501-ab80-f3c335f9dc3b",
    "data": [
      {
        "text": "我觉得激动的",
        "userDefined": false
      }
    ],
    "isTemplate": false,
    "count": 0,
    "updated": 0
  },
  {
    "id": "9fe58715-8e98-4851-8296-3c6e6eaa344c",
    "data": [
      {
        "text": "我觉得兴奋的",
        "userDefined": false
      }
    ],
    "isTemplate": false,
    "count": 0,
    "updated": 0
  },
  {
    "id": "152e91a0-72e1-41c4-8767-d30d561445da",
    "data": [
      {
        "text": "我觉得刺激的",
        "userDefined": false
      }
    ],
    "isTemplate": false,
    "count": 0,
    "updated": 0
  },
  {
    "id": "5f60ac7c-93f9-4d5a-80b4-ae1f3523a8fb",
    "data": [
      {
        "text": "我觉得紧张不安的",
        "userDefined": false
      }
    ],
    "isTemplate": false,
    "count": 0,
    "updated": 0
  },
  {
    "id": "00b28c5f-1cf3-414a-9628-2f2565b80b73",
    "data": [
      {
        "text": "我觉得很激动的",
        "userDefined": false
      }
    ],
    "isTemplate": false,
    "count": 0,
    "updated": 0
  },
  {
    "id": "83b7aff0-028d-43b7-be09-2d83a82bf27d",
    "data": [
      {
        "text": "我觉得很兴奋的",
        "userDefined": false
      }
    ],
    "isTemplate": false,
    "count": 0,
    "updated": 0
  },
  {
    "id": "bd3c7965-1d02-4e6a-a2f7-915c43326347",
    "data": [
      {
        "text": "我觉得很刺激的",
        "userDefined": false
      }
    ],
    "isTemplate": false,
    "count": 0,
    "updated": 0
  },
  {
    "id": "addbcdc3-f898-4969-a710-69bd3c6973a8",
    "data": [
      {
        "text": "我觉得很紧张不安的",
        "userDefined": false
      }
    ],
    "isTemplate": false,
    "count": 0,
    "updated": 0
  },
  {
    "id": "cb2711a9-bdfd-4440-808d-ff90df519ada",
    "data": [
      {
        "text": "现在我很激动",
        "userDefined": false
      }
    ],
    "isTemplate": false,
    "count": 0,
    "updated": 0
  },
  {
    "id": "004fe273-bb23-4167-ad2d-73bd42c69d0e",
    "data": [
      {
        "text": "我觉得那么兴奋",
        "userDefined": false
      }
    ],
    "isTemplate": false,
    "count": 0,
    "updated": 0
  },
  {
    "id": "fc28e3f9-23ad-4333-baec-f0cefd2eee93",
    "data": [
      {
        "text": "我觉得很很激动",
        "userDefined": false
      }
    ],
    "isTemplate": false,
    "count": 0,
    "updated": 0
  },
  {
    "id": "c2533d40-5ef3-4c09-b5c0-bb63744d17ef",
    "data": [
      {
        "text": "我很高兴与你合作",
        "userDefined": false
      }
    ],
    "isTemplate": false,
    "count": 0,
    "updated": 0
  }
]