{
  "id": "d9c02eac-5d82-48c4-8dbb-801afc06a739",
  "name": "smalltalk.appraisal.thank_you",
  "auto": true,
  "contexts": [],
  "responses": [
    {
      "resetContexts": false,
      "action": "smalltalk.appraisal.thank_you",
      "affectedContexts": [],
      "parameters": [],
      "defaultResponsePlatforms": {},
      "speech": []
    }
  ],
  "priority": 500000,
  "webhookUsed": false,
  "webhookForSlotFilling": false,
  "lastUpdate": 1493720705584,
  "fallbackIntent": false,
  "events": []
}