{
  "id": "462b6c5f-9a5b-4f4a-9d17-1db5af6d1b31",
  "name": "smalltalk.user.has_birthday",
  "auto": true,
  "contexts": [],
  "responses": [
    {
      "resetContexts": false,
      "action": "smalltalk.user.has_birthday",
      "affectedContexts": [],
      "parameters": [],
      "defaultResponsePlatforms": {},
      "speech": []
    }
  ],
  "priority": 500000,
  "webhookUsed": false,
  "webhookForSlotFilling": false,
  "lastUpdate": 1493720705669,
  "fallbackIntent": false,
  "events": []
}