[
  {
    "id": "dd6688e1-a2f2-43e8-9734-9ce7353acbd2",
    "data": [
      {
        "text": "开玩笑",
        "userDefined": false
      }
    ],
    "isTemplate": false,
    "count": 0,
    "updated": 0
  },
  {
    "id": "6a5f1be1-0df8-4522-b7c1-20b01632fe2d",
    "data": [
      {
        "text": "开玩笑的",
        "userDefined": false
      }
    ],
    "isTemplate": false,
    "count": 0,
    "updated": 0
  },
  {
    "id": "0db936e3-d584-49d9-bb4c-405ebc911ebe",
    "data": [
      {
        "text": "我开玩笑",
        "userDefined": false
      }
    ],
    "isTemplate": false,
    "count": 0,
    "updated": 0
  },
  {
    "id": "b65793e4-b6f3-4b92-958c-200481511c52",
    "data": [
      {
        "text": "我开玩笑啦",
        "userDefined": false
      }
    ],
    "isTemplate": false,
    "count": 0,
    "updated": 0
  },
  {
    "id": "e4b2191f-99e3-4de6-92e6-0ec52c033546",
    "data": [
      {
        "text": "我只是开玩笑",
        "userDefined": false
      }
    ],
    "isTemplate": false,
    "count": 0,
    "updated": 0
  },
  {
    "id": "1107fbf0-655b-46e6-9121-56ec8d18dfbe",
    "data": [
      {
        "text": "我只是开玩笑啦",
        "userDefined": false
      }
    ],
    "isTemplate": false,
    "count": 0,
    "updated": 0
  },
  {
    "id": "d09b9c59-ff03-4dfc-bf4f-732c915b4e7e",
    "data": [
      {
        "text": "我在开玩笑",
        "userDefined": false
      }
    ],
    "isTemplate": false,
    "count": 0,
    "updated": 0
  },
  {
    "id": "de4bc5cd-50b4-4315-97d3-b2da7f313004",
    "data": [
      {
        "text": "这只是一个笑话",
        "userDefined": false
      }
    ],
    "isTemplate": false,
    "count": 0,
    "updated": 0
  },
  {
    "id": "788673e5-92f7-4f61-913c-937fd8612105",
    "data": [
      {
        "text": "我只是在开玩笑",
        "userDefined": false
      }
    ],
    "isTemplate": false,
    "count": 0,
    "updated": 0
  },
  {
    "id": "2b1927c4-1c14-4094-bb2f-cdef94867275",
    "data": [
      {
        "text": "这是一个笑话",
        "userDefined": false
      }
    ],
    "isTemplate": false,
    "count": 0,
    "updated": 0
  }
]