[
  {
    "id": "f28d0a6d-e07c-4aa3-a267-cb35adbb5e4c",
    "data": [
      {
        "text": "很高兴认识你",
        "userDefined": false
      }
    ],
    "isTemplate": false,
    "count": 0,
    "updated": 0
  },
  {
    "id": "3c641de8-6027-4953-88a0-e949100e3cb2",
    "data": [
      {
        "text": "我很高兴认识你",
        "userDefined": false
      }
    ],
    "isTemplate": false,
    "count": 0,
    "updated": 0
  },
  {
    "id": "587b8d72-8c4a-418a-b724-41a3890ea3b0",
    "data": [
      {
        "text": "认识你很愉快",
        "userDefined": false
      }
    ],
    "isTemplate": false,
    "count": 0,
    "updated": 0
  },
  {
    "id": "2ef60f7b-de86-4310-97d7-d24be99aa981",
    "data": [
      {
        "text": "能认识你这个朋友真好",
        "userDefined": false
      }
    ],
    "isTemplate": false,
    "count": 0,
    "updated": 0
  },
  {
    "id": "a6b53ee6-e075-4803-b704-5fea5c2716e6",
    "data": [
      {
        "text": "认识你我很高兴",
        "userDefined": false
      }
    ],
    "isTemplate": false,
    "count": 0,
    "updated": 0
  },
  {
    "id": "6f6d8aa6-e320-4dc4-9091-735e7a5439a8",
    "data": [
      {
        "text": "认识你我很开心",
        "userDefined": false
      }
    ],
    "isTemplate": false,
    "count": 0,
    "updated": 0
  },
  {
    "id": "e9284215-b1db-494c-a688-1246c9a951f3",
    "data": [
      {
        "text": "认识你我感觉很好",
        "userDefined": false
      }
    ],
    "isTemplate": false,
    "count": 0,
    "updated": 0
  },
  {
    "id": "5ee242fb-c90f-4483-93a1-6f6a3880d5ab",
    "data": [
      {
        "text": "认识你的感觉很棒",
        "userDefined": false
      }
    ],
    "isTemplate": false,
    "count": 0,
    "updated": 0
  },
  {
    "id": "e246ea2d-efdd-4ea4-8d2e-ec7f0a347bd1",
    "data": [
      {
        "text": "认识你是我的荣幸",
        "userDefined": false
      }
    ],
    "isTemplate": false,
    "count": 0,
    "updated": 0
  },
  {
    "id": "4b178001-df35-4531-b107-4afe39976b34",
    "data": [
      {
        "text": "很开心认识你",
        "userDefined": false
      }
    ],
    "isTemplate": false,
    "count": 0,
    "updated": 0
  },
  {
    "id": "2c6f0bb9-7686-48c7-9e11-115e3153ac5e",
    "data": [
      {
        "text": "很荣幸能认识你",
        "userDefined": false
      }
    ],
    "isTemplate": false,
    "count": 0,
    "updated": 0
  },
  {
    "id": "ffb7dcaa-ad21-40b0-952c-98959acc7362",
    "data": [
      {
        "text": "很高兴认识您，幸会",
        "userDefined": false
      }
    ],
    "isTemplate": false,
    "count": 0,
    "updated": 0
  },
  {
    "id": "4686ab07-eb30-4c37-a487-f9374f98de01",
    "data": [
      {
        "text": "很开心认识你，留个联系方法吧",
        "userDefined": false
      }
    ],
    "isTemplate": false,
    "count": 0,
    "updated": 0
  },
  {
    "id": "d61cbef0-f27a-427d-a43d-c1805c9c639d",
    "data": [
      {
        "text": "我认识你很高兴喔",
        "userDefined": false
      }
    ],
    "isTemplate": false,
    "count": 0,
    "updated": 0
  },
  {
    "id": "5036f866-6dd3-4351-85f6-90a044e4c1d2",
    "data": [
      {
        "text": "相见恨晚呀朋友，很开心认识你",
        "userDefined": false
      }
    ],
    "isTemplate": false,
    "count": 0,
    "updated": 0
  },
  {
    "id": "7717a9f7-f01f-4a24-8b0b-34d7e01eff38",
    "data": [
      {
        "text": "知己难求，认识你特别让我兴奋",
        "userDefined": false
      }
    ],
    "isTemplate": false,
    "count": 0,
    "updated": 0
  },
  {
    "id": "91f27440-18b9-4549-bbf8-73b663cb72f9",
    "data": [
      {
        "text": "很高兴认识您幸会",
        "userDefined": false
      }
    ],
    "isTemplate": false,
    "count": 0,
    "updated": 0
  },
  {
    "id": "dd352479-72a8-4789-a876-380c7ae50c19",
    "data": [
      {
        "text": "很开心认识你留个联系方法吧",
        "userDefined": false
      }
    ],
    "isTemplate": false,
    "count": 0,
    "updated": 0
  },
  {
    "id": "98b494e2-1d35-4926-b8df-74731daf4081",
    "data": [
      {
        "text": "相见恨晚呀朋友很开心认识你",
        "userDefined": false
      }
    ],
    "isTemplate": false,
    "count": 0,
    "updated": 0
  },
  {
    "id": "deb73c5b-f403-4380-8f21-84ea5a217212",
    "data": [
      {
        "text": "知己难求认识你特别让我兴奋",
        "userDefined": false
      }
    ],
    "isTemplate": false,
    "count": 0,
    "updated": 0
  },
  {
    "id": "56f06418-a29b-4683-9d4b-8a8a66bfdc2b",
    "data": [
      {
        "text": "很高兴见到你",
        "userDefined": false
      }
    ],
    "isTemplate": false,
    "count": 0,
    "updated": 0
  },
  {
    "id": "33950f1d-f813-45c4-9eda-9a90180c646e",
    "data": [
      {
        "text": "非常兴见到你",
        "userDefined": false
      }
    ],
    "isTemplate": false,
    "count": 0,
    "updated": 0
  },
  {
    "id": "aa877800-bd01-47f9-8323-1a94e8570139",
    "data": [
      {
        "text": "我很高兴见到你",
        "userDefined": false
      }
    ],
    "isTemplate": false,
    "count": 0,
    "updated": 0
  },
  {
    "id": "4269a8c2-6e56-4660-9bf5-aa8dd3245769",
    "data": [
      {
        "text": "我很好认识你",
        "userDefined": false
      }
    ],
    "isTemplate": false,
    "count": 0,
    "updated": 0
  },
  {
    "id": "1f9b9111-12f1-40c1-936f-787e63e2064d",
    "data": [
      {
        "text": "我也很高兴见到你",
        "userDefined": false
      }
    ],
    "isTemplate": false,
    "count": 0,
    "updated": 0
  },
  {
    "id": "89926e55-9463-48c6-9dc1-f29ed74ff26d",
    "data": [
      {
        "text": "我也很好认识你",
        "userDefined": false
      }
    ],
    "isTemplate": false,
    "count": 0,
    "updated": 0
  }
]