[
  {
    "id": "16fb5a1b-6e59-4135-a8ea-1fc4d5f57aec",
    "data": [
      {
        "text": "我的",
        "userDefined": false
      },
      {
        "text": "天",
        "meta": "@sys.ignore",
        "userDefined": true
      }
    ],
    "isTemplate": false,
    "count": 0,
    "updated": 0
  },
  {
    "id": "59ae42bd-7211-4299-b3f8-4bf0d665a63e",
    "data": [
      {
        "text": "天",
        "meta": "@sys.ignore",
        "userDefined": true
      },
      {
        "text": "哪",
        "userDefined": false
      }
    ],
    "isTemplate": false,
    "count": 0,
    "updated": 0
  },
  {
    "id": "c955f5bf-56db-4091-82cd-0fdf9ad9ceed",
    "data": [
      {
        "text": "哇",
        "userDefined": false
      }
    ],
    "isTemplate": false,
    "count": 0,
    "updated": 0
  },
  {
    "id": "8d52d46c-5012-4390-b848-72d223a153d9",
    "data": [
      {
        "text": "哇塞",
        "userDefined": false
      }
    ],
    "isTemplate": false,
    "count": 0,
    "updated": 0
  },
  {
    "id": "fed9e455-edcc-468e-b3df-8df2f5f68a9e",
    "data": [
      {
        "text": "哇哦",
        "userDefined": false
      }
    ],
    "isTemplate": false,
    "count": 0,
    "updated": 0
  }
]