[
  {
    "id": "0930378b-0323-41e7-986a-cbe8a6e7b490",
    "data": [
      {
        "text": "我等着",
        "userDefined": false
      }
    ],
    "isTemplate": false,
    "count": 0,
    "updated": 0
  },
  {
    "id": "10309d54-d6f4-44b1-ba89-709d34eb0262",
    "data": [
      {
        "text": "我等着你",
        "userDefined": false
      }
    ],
    "isTemplate": false,
    "count": 0,
    "updated": 0
  },
  {
    "id": "894371ea-7b3e-458d-8699-8db274606a5e",
    "data": [
      {
        "text": "我等你",
        "userDefined": false
      }
    ],
    "isTemplate": false,
    "count": 0,
    "updated": 0
  },
  {
    "id": "5777ab28-d558-48d3-97d3-324faf082d64",
    "data": [
      {
        "text": "我等等你",
        "userDefined": false
      }
    ],
    "isTemplate": false,
    "count": 0,
    "updated": 0
  },
  {
    "id": "64a55c23-5782-4c40-a369-f0b656080f8e",
    "data": [
      {
        "text": "我正在等着你",
        "userDefined": false
      }
    ],
    "isTemplate": false,
    "count": 0,
    "updated": 0
  },
  {
    "id": "958c07b1-f5f9-4267-bca9-375ff7f3c83c",
    "data": [
      {
        "text": "我现在等你",
        "userDefined": false
      }
    ],
    "isTemplate": false,
    "count": 0,
    "updated": 0
  },
  {
    "id": "9321edca-3cd0-437f-80eb-d0d3e6250079",
    "data": [
      {
        "text": "我在等待",
        "userDefined": false
      }
    ],
    "isTemplate": false,
    "count": 0,
    "updated": 0
  },
  {
    "id": "1476c53d-396b-47af-be49-24d51c4ab506",
    "data": [
      {
        "text": "还在等",
        "userDefined": false
      }
    ],
    "isTemplate": false,
    "count": 0,
    "updated": 0
  },
  {
    "id": "8f4cceff-036d-48a6-b493-8aee59d7c4f1",
    "data": [
      {
        "text": "我在等着你",
        "userDefined": false
      }
    ],
    "isTemplate": false,
    "count": 0,
    "updated": 0
  }
]