[
  {
    "id": "ae82a1e9-4f1c-41f4-ba41-d37bfb4513ae",
    "data": [
      {
        "text": "没问题",
        "userDefined": false
      }
    ],
    "isTemplate": false,
    "count": 0,
    "updated": 0
  },
  {
    "id": "855e5d3e-852f-4202-8e10-e15c58d9b704",
    "data": [
      {
        "text": "没什么问题",
        "userDefined": false
      }
    ],
    "isTemplate": false,
    "count": 0,
    "updated": 0
  },
  {
    "id": "2c0fa078-d2cc-4cbe-a6e9-edd0fb646d04",
    "data": [
      {
        "text": "没有什么问题",
        "userDefined": false
      }
    ],
    "isTemplate": false,
    "count": 0,
    "updated": 0
  },
  {
    "id": "9883dcee-e59c-45df-90f4-b941c199c0a1",
    "data": [
      {
        "text": "没问题吧",
        "userDefined": false
      }
    ],
    "isTemplate": false,
    "count": 0,
    "updated": 0
  },
  {
    "id": "60cf5e89-4b3e-46c3-b159-19b03b0bb1ce",
    "data": [
      {
        "text": "别担心",
        "userDefined": false
      }
    ],
    "isTemplate": false,
    "count": 0,
    "updated": 0
  },
  {
    "id": "f3dba06d-2fe5-4262-b819-3509b53809a7",
    "data": [
      {
        "text": "那不成问题",
        "userDefined": false
      }
    ],
    "isTemplate": false,
    "count": 0,
    "updated": 0
  },
  {
    "id": "2089163a-36ea-4c0d-a93a-c652a94ca988",
    "data": [
      {
        "text": "不成问题",
        "userDefined": false
      }
    ],
    "isTemplate": false,
    "count": 0,
    "updated": 0
  },
  {
    "id": "19b96ef6-df50-4878-8d73-b40e438853b0",
    "data": [
      {
        "text": "不会有什么问题",
        "userDefined": false
      }
    ],
    "isTemplate": false,
    "count": 0,
    "updated": 0
  },
  {
    "id": "a2790d94-4947-49e1-bba9-029d79fa72c5",
    "data": [
      {
        "text": "没有问题",
        "userDefined": false
      }
    ],
    "isTemplate": false,
    "count": 0,
    "updated": 0
  },
  {
    "id": "711bdb1d-6845-4a55-9d1c-d7f5522b59cb",
    "data": [
      {
        "text": "好没问题",
        "userDefined": false
      }
    ],
    "isTemplate": false,
    "count": 0,
    "updated": 0
  },
  {
    "id": "2f9d11fa-1c80-43b0-9009-befe6bff93d8",
    "data": [
      {
        "text": "完全没有问题",
        "userDefined": false
      }
    ],
    "isTemplate": false,
    "count": 0,
    "updated": 0
  },
  {
    "id": "ea95eac4-5d07-48c9-b6b1-12b9d3e1b189",
    "data": [
      {
        "text": "别担心吧",
        "userDefined": false
      }
    ],
    "isTemplate": false,
    "count": 0,
    "updated": 0
  },
  {
    "id": "0875b127-1ab5-4f35-a39b-d5869b5d4eb4",
    "data": [
      {
        "text": "别担心没有问题",
        "userDefined": false
      }
    ],
    "isTemplate": false,
    "count": 0,
    "updated": 0
  }
]