[
  {
    "id": "689027e7-24ce-4bfe-9e64-a83e30800161",
    "data": [
      {
        "text": "我觉得很开心",
        "userDefined": false
      }
    ],
    "isTemplate": false,
    "count": 0,
    "updated": 0
  },
  {
    "id": "96ec58e0-e514-4c21-8093-7fa9bbb5ce27",
    "data": [
      {
        "text": "我很高兴",
        "userDefined": false
      }
    ],
    "isTemplate": false,
    "count": 0,
    "updated": 0
  },
  {
    "id": "207d04dd-6771-424c-bb47-f14d3ccbf6d1",
    "data": [
      {
        "text": "我觉得很高兴",
        "userDefined": false
      }
    ],
    "isTemplate": false,
    "count": 0,
    "updated": 0
  },
  {
    "id": "bbf58888-d265-47cb-a945-5666a6bacb7f",
    "data": [
      {
        "text": "正在我觉得很高兴",
        "userDefined": false
      }
    ],
    "isTemplate": false,
    "count": 0,
    "updated": 0
  },
  {
    "id": "e8d85eab-aa09-4ab9-a654-f441de8777f2",
    "data": [
      {
        "text": "我高兴",
        "userDefined": false
      }
    ],
    "isTemplate": false,
    "count": 0,
    "updated": 0
  },
  {
    "id": "190554f5-2086-4717-997d-8517f8e693c8",
    "data": [
      {
        "text": "我觉得高兴",
        "userDefined": false
      }
    ],
    "isTemplate": false,
    "count": 0,
    "updated": 0
  },
  {
    "id": "28feec8e-5557-4d40-a7ae-33bc6c1c6b8e",
    "data": [
      {
        "text": "我现在高兴",
        "userDefined": false
      }
    ],
    "isTemplate": false,
    "count": 0,
    "updated": 0
  }
]