[
  {
    "id": "c5cf5eff-0f3d-48e4-9ab5-293486db5f82",
    "data": [
      {
        "text": "拥抱",
        "userDefined": false
      }
    ],
    "isTemplate": false,
    "count": 0,
    "updated": 0
  },
  {
    "id": "4538f173-7b1a-40bd-9fc4-19aa1c48f1d4",
    "data": [
      {
        "text": "我喜欢拥抱",
        "userDefined": false
      }
    ],
    "isTemplate": false,
    "count": 0,
    "updated": 0
  },
  {
    "id": "60aa67a2-9410-449f-8521-43c03639e318",
    "data": [
      {
        "text": "我不喜欢拥抱",
        "userDefined": false
      }
    ],
    "isTemplate": false,
    "count": 0,
    "updated": 0
  },
  {
    "id": "8b94de62-80df-4868-8acc-0529fd17a5a8",
    "data": [
      {
        "text": "你喜欢拥抱吗",
        "userDefined": false
      }
    ],
    "isTemplate": false,
    "count": 0,
    "updated": 0
  },
  {
    "id": "3bd0fd61-71b8-420f-8863-b5ee9804fd2f",
    "data": [
      {
        "text": "你不喜欢拥抱吗",
        "userDefined": false
      }
    ],
    "isTemplate": false,
    "count": 0,
    "updated": 0
  },
  {
    "id": "3a583010-bafe-47c7-ad61-a79210f43e47",
    "data": [
      {
        "text": "我对拥抱有兴趣",
        "userDefined": false
      }
    ],
    "isTemplate": false,
    "count": 0,
    "updated": 0
  },
  {
    "id": "8fdabf69-7b91-4406-9c57-88675fed3e0b",
    "data": [
      {
        "text": "我爸爸喜欢拥抱",
        "userDefined": false
      }
    ],
    "isTemplate": false,
    "count": 0,
    "updated": 0
  },
  {
    "id": "970f05ef-ed53-4643-b1a0-393fb8cdc992",
    "data": [
      {
        "text": "拥抱身有意思",
        "userDefined": false
      }
    ],
    "isTemplate": false,
    "count": 0,
    "updated": 0
  },
  {
    "id": "d141923f-1d12-438e-8250-2af2f8437fe3",
    "data": [
      {
        "text": "我认为拥抱很有意思",
        "userDefined": false
      }
    ],
    "isTemplate": false,
    "count": 0,
    "updated": 0
  },
  {
    "id": "0c7e7891-dfa9-4da8-b12f-727f314aa51c",
    "data": [
      {
        "text": "拥抱我",
        "userDefined": false
      }
    ],
    "isTemplate": false,
    "count": 0,
    "updated": 0
  },
  {
    "id": "f19fd0e5-a295-4430-8c7b-f09a40ac1fb7",
    "data": [
      {
        "text": "我要拥抱你",
        "userDefined": false
      }
    ],
    "isTemplate": false,
    "count": 0,
    "updated": 0
  },
  {
    "id": "f1927475-5e34-4ace-881e-b04328ca8acd",
    "data": [
      {
        "text": "想拥抱你",
        "userDefined": false
      }
    ],
    "isTemplate": false,
    "count": 0,
    "updated": 0
  },
  {
    "id": "4c43eaf9-ba7d-4358-b740-46b32831cb8b",
    "data": [
      {
        "text": "拥抱你",
        "userDefined": false
      }
    ],
    "isTemplate": false,
    "count": 0,
    "updated": 0
  },
  {
    "id": "292a7b5d-1e74-4351-9227-68cb4eb24170",
    "data": [
      {
        "text": "你想拥抱吗",
        "userDefined": false
      }
    ],
    "isTemplate": false,
    "count": 0,
    "updated": 0
  },
  {
    "id": "59741061-3ad4-414f-ac15-f971095c1a00",
    "data": [
      {
        "text": "我可以拥抱你吗",
        "userDefined": false
      }
    ],
    "isTemplate": false,
    "count": 0,
    "updated": 0
  },
  {
    "id": "e74cfdde-bb34-4383-a66d-172188830b9a",
    "data": [
      {
        "text": "你能拥抱我吗",
        "userDefined": false
      }
    ],
    "isTemplate": false,
    "count": 0,
    "updated": 0
  },
  {
    "id": "a5c3824d-cedf-4887-8804-9a6993825b07",
    "data": [
      {
        "text": "我想要拥抱给你",
        "userDefined": false
      }
    ],
    "isTemplate": false,
    "count": 0,
    "updated": 0
  },
  {
    "id": "6724d771-af55-4153-bb50-614d24da6120",
    "data": [
      {
        "text": "拥抱啊",
        "userDefined": false
      }
    ],
    "isTemplate": false,
    "count": 0,
    "updated": 0
  },
  {
    "id": "45faa591-7170-40aa-b079-a92bf68e4840",
    "data": [
      {
        "text": "拥抱吧",
        "userDefined": false
      }
    ],
    "isTemplate": false,
    "count": 0,
    "updated": 0
  },
  {
    "id": "11a75107-0532-4fea-900a-b141052f9bbd",
    "data": [
      {
        "text": "请你拥抱我",
        "userDefined": false
      }
    ],
    "isTemplate": false,
    "count": 0,
    "updated": 0
  },
  {
    "id": "785ecb61-d6f1-473d-8624-67fcc3aab52f",
    "data": [
      {
        "text": "想拥抱",
        "userDefined": false
      }
    ],
    "isTemplate": false,
    "count": 0,
    "updated": 0
  },
  {
    "id": "90e3d4fe-b8ac-4ef8-8b0f-03a53beac43b",
    "data": [
      {
        "text": "给我一个拥抱",
        "userDefined": false
      }
    ],
    "isTemplate": false,
    "count": 0,
    "updated": 0
  }
]